Order_ID,Order_Date,Product,Region,Sales_Channel,Salesperson,Customer_ID,Quantity,Unit_Price,Discount_Percent,Revenue,Cost,Order_Status,Payment_Method,Delivery_Days
ORD00556,2024-04-11 07:30:28.357089273,Monitor,South,Online,Priya,CUST1193,3.0,1002.33,15.0,2555.94,1804.78,Pending,UPI,8.0
ORD03492,2025-09-29 00:00:00,Headset,North,Online,Meena,CUST1289,6.0,1040.88,15.0,5308.49,"4,558.61",Cancelled,Card,7.0
ORD00528,2024-04-06 04:50:13.953488373,Keyboard,South,Retail,Arun,CUST1241,2.0,2948.14,20.0,4717.02,3479.64,Returned,Net Banking,10.0
ORD03926,2025-12-17 11:47:56.219054768,Keyboard,South,Online,Anita,CUST1106,2.0,2322.9,5.0,4413.51,3638.93,Cancelled,UPI,
ORD02990,2025-06-29 15:05:37.584396104,Laptop,West,Retail,Priya,CUST1035,5.0,2533.82,20.0,10135.28,8046.89,Pending,,12.0
ORD00071,2024-01-13 18:40:36.009002250,Tablet,South,Online,Karthik,CUST1158,3.0,17497.22,10.0,47242.49,33681.32,Cancelled,Net Banking,2.0
ORD01757,2024-11-16 13:12:11.882970744,Tablet,East,Retail,Meena,CUST1062,2.0,25764.72,10.0,46376.5,39616.82,Returned,UPI,10.0
ORD00212,2024-02-08 12:24:39.969992498,Printer, north,Online,Priya,CUST1269,1.0,1535.1,20.0,1228.08,950.05,Pending,Card, 4.0 
ORD00197,2024-02-05 18:41:40.825206302,Keyboard,North,Wholesale,Priya,CUST1017,6.0,2384.82,5.0,13593.47,11474.29,Returned,UPI,4.0
ORD00804,2024-05-26 14:01:10.217554390,Laptop,South,Wholesale,Rahul,CUST1128,7.0,2110.85,5.0,14037.15,11932.83,Cancelled,Net Banking,10.0
ORD03410,2025-09-14 07:09:13.638409608,Smartphone,East,Online,Karthik,CUST1057,7.0,2032.96,5.0,13519.18,11186.39,Completed,Net Banking,5.0
ORD03837,2025-12-01 05:52:53.293323336,Smartphone,East,Wholesale,Divya,CUST1012,6.0,25032.07,0.0,150192.42,117443.42,Cancelled,Card,2.0
ORD01147,2024-07-28 04:44:06.661665416,Keyboard,South,Online,Meena,CUST1125,2.0,13417.76,5.0,25493.74,19863.27,Returned,Net Banking,2.0
ORD01499,2024-09-30 10:52:50.592648164,Keyboard,South,Wholesale,Anita,CUST1100,2.0,48214.01,110%,91606.62,66638.96,Cancelled,Cash,4.0
ORD03859,2025-12-05 06:15:56.039009752,,North,Retail,Anita,CUST1055,8.0,2250.93,15.0,15306.32,13478.39,Returned,Cash,10.0
ORD03483,2025-09-27 14:58:25.476369096,Monitor,West,,Meena,CUST1177,5.0,20401.35,0.0,102006.75,69529.44,Pending,UPI, 11.0 
ORD01186,2024-08-04 07:35:52.438109528,Keyboard,East,Wholesale,Anita,CUST1267,5.0,15822.37,5.0,75156.26,64739.68,Cancelled,Card,6.0
ORD00472,2024-03-26 23:29:45.146286572,Monitor,East,Retail,Anita,CUST1202,1.0,2636.28,0.0,2636.28,2260.44,Pending,UPI,6.0
ORD00595,2024-04-18 10:22:14.133533384,Laptop,South,Retail,Anita,CUST1035,8.0,20423.63,5.0, 155219.59 ,128373.28,Cancelled,Net Banking,10.0
ORD00322,2024-02-28 14:19:53.698424606,Printer,South,ONLINE,Divya,CUST1288,5.0,2240.3,20.0,8961.2,6558.47,Cancelled,Cash,11.0
ORD01418,2024-09-15 00:00:00,Keyboard,West,Online,Suresh,CUST1105,3.0,1733.8,10.0,4681.26,4118.96, pending,Cash,2.0
ORD01675,2024-11-01 13:57:12.558139536,Headset,West,Online,Meena,CUST1065,2.0,2332.44,20.0,3731.9,2651.05,Completed ,UPI,3.0
ORD03591,2025-10-17 08:07:55.318829712,Laptop,West,Retail,Karthik,CUST1235,4.0,10849.26,10.0,39057.34,29386.36,Pending,UPI,12.0
ORD01704,2024-11-06 21:00:18.904726184,Mouse,South,Online,Priya,CUST1025,6.0,62088.86,20.0,298026.53,268047.17,Completed,Net Banking,5.0
ORD02541,2025-04-08 15:58:55.183795952,Keyboard,South,Retail,Divya,CUST1154,3.0,46582.94,,132761.38,89818.4,Returned,Cash,8.0
ORD00206,2024-02-07 10:07:28.312078019,Mouse,West,Retail,Priya,CUST1241,5.0,841.46,10.0,3786.57,3360.64,Cancelled, card,6.0
ORD03888,2025-12-10 13:19:02.385596400,Laptop,East,Online,Karthik,CUST1159,8.0,846.29,10.0,6093.29,3999.85,Returned,Cash,1.0
ORD03249,2025-08-15 21:47:50.817704432,Laptop,North,Online,Suresh,CUST1006,2.0,26708.11,20.0,42732.98,28052.48,return,UPI,4.0
ORD02132,2025-01-24 00:06:50.502625660,Keyboard,East,Online,Meena,CUST1236,1.0,21325.42,20.0,17060.34,12740.98,Cancelled,Net Banking,12.0
ORD01256,2024-08-17 02:16:28.447111780,Monitor,North,Wholesale,Divya,CUST1238,4.0,12637.27,5.0,48021.63,41820.41,Returned,Cash,11.0
ORD02300,2025-02-23 16:08:16.924231056,Mouse,North,Retail,Suresh,CUST1048,2.0,53125.44,15.0,90313.25, 64780.83 ,Pending,Net Banking,11.0
ORD01227,2024-08-11 19:13:22.100525132,Laptop,South,Retail,Suresh,CUST1157,1.0,22457.05,20.0,17965.64, 13237.43 ,Completed,Cash,2.0
ORD03919,2025-12-16 05:07:52.618154544,Laptop,,Wholesale,Karthik,CUST1275,4.0,934.25, 5.0 ,3550.15,2921.65,Cancelled,UPI,6.0
ORD02465,2025-03-25 19:01:07.516879224,Smartphone,West,Online,Rahul,CUST1184,7.0,16317.09,0.0,"₹114,219.63",100490.66,Cancelled,UPI,4.0
ORD02384,2025-03-11 00:09:00.135033760,Printer,North, wholesale,Meena,CUST1210,8.0,31603.91,15.0,214906.59,144920.48,Pending,Net Banking,9.0
ORD00150,2024-01-28 04:46:59.504876219,Tablet,South ,Online,Anita,CUST1018,6.0,12530.89,20.0,60148.27,,,UPI,4.0
ORD00870,2024-06-07 15:10:18.454613654,Keyboard,North,Retail,Arun,CUST1276,6.0,52381.64,5.0,298575.35,224986.21,Completed,Net Banking,11.0
ORD01979,2024-12-27 01:48:23.225806452,Keyboard,South ,Wholesale,Divya,CUST1181,1.0,32298.76,5.0,30683.82,23163.43,Returned,UPI,1.0
ORD02457,2025-03-24 07:58:11.972993248,TABLET,West,Retail,Divya,CUST1230,4.0,12149.3,0.0,48597.2,33962.86,Pending,Net Banking,2.0
ORD03866,2025-12-06 12:55:59.639909984,Smartphone,East,Retail,Divya,CUST1179,8.0,22217.46,20.0,142191.74,97441.37,Completed,UPI,11.0
ORD02213,2025-02-07 18:58:57.884471120,Smartphone,East,Wholesale,Divya,CUST1156,1.0,14002.96,5.0,13302.81,9954.32,Pending,Card,4.0
ORD01007,2024-07-02 15:22:54.643660916,Monitor,East,Retail,Arun,CUST1122,6.0,32096.89,10.0,173323.21,118693.7,Pending,UPI,10.0
ORD03048,2025-07-10 05:11:50.277569392,Headset,West,Retail,Meena,CUST1199,1.0,13406.89,15.0,11395.86,9521.23,Returned,Card ,1.0
ORD00706,2024-05-08 16:40:19.804951238,Tablet,South,Retail,Meena,CUST1126,2.0,49175.66,20.0,78681.06,53344.18,Returned,UPI,9.0
ORD03144,2025-07-27 17:46:56.804201056,Monitor,North,Online,Divya,CUST1247,4.0,16985.71, 15.0 ,57751.41,43777.25,Cancelled,Cash,4.0
ORD03597,2025-10-18 10:25:06.976744192,Headset,West,Retail,Divya,CUST1147,7.0,55097.67,15.0,327831.14,227548.57,Completed,Cash,4.0
ORD01988,2024-12-28 17:14:10.712678172,Keyboard,West ,Retail,Rahul,CUST1080,1.0,825.96,0.0,825.96,723.59,Returned,Net Banking,2.0
ORD00180,2024-02-02 16:12:57.794448612,Laptop,North,Wholesale,Meena,CUST1027,4.0,32437.52,5.0,123262.58,97854.28,Completed,Net Banking,6.0
ORD00110,2024-01-20 21:32:21.785446361,Laptop,East,Wholesale,Priya,CUST1211,3.0,948.48,20.0,2276.35,1962.91,Cancelled,Net Banking,12.0
ORD03079,2025-07-15 21:00:40.510127536,Monitor,North,Wholesale,Arun,CUST1237,4.0,978.85,0.0,3915.4,3253.04,Cancelled,Net Banking,1.0
ORD01056,2024-07-11 14:03:19.849962492,Printer,North,Retail,Karthik,CUST1192,3.0,13059.84, 20.0 ,"31,343.62",21956.33,Cancelled,Net Banking,4.0
ORD03953,2025-12-22 10:05:18.679669920,Mouse,East,,Meena,CUST1265,1.0,10030.71,0.0,10030.71,9007.81,Pending,Net Banking,12.0
ORD00315,2024-02-27 07:39:50.097524381,Printer,South,Online,Anita,CUST1109,6.0,2083.01,10.0,11248.25,8021.23,Returned ,Net Banking,9.0
ORD01823,2024-11-28 14:21:20.120030008,Headset,South,Online,Arun,CUST1192,1.0,984.43,10.0,885.99,610.11,Returned,Cash,2.0.0
ORD00568,2024-04-13 12:04:51.672918230,Laptop,West,Wholesale,Meena,CUST1127,8.0,2664.93,10.0,19187.5,12837.07,Cancelled,Net Banking,10.0
ORD00880,2024-06-09 10:58:57.884471118,Smartphone,East,Retail,Priya,CUST1171,2.0,18909.11,5.0,35927.31,28274.43,Completed,Cash,2.0
ORD02231,2025-02-11 01:50:32.858214556,Smartphone,East,Retail,Rahul,CUST1194,4.0,2412.47,5.0,9167.39,7149.67,Completed,Cash,11.0
ORD01412,2024-09-14 13:43:31.552888224,Headset,East,Wholesale,Anita,CUST1023,7.0,15725.56,0.0,110078.92,77662.77,Cancelled,Cash,1.0
ORD03225,2025-08-11 12:39:04.186046512,Mouse,East,Retail,Anita,CUST1293,2.0,12643.45,5.0,24022.56,18927.9,Cancelled,Card,1.0
ORD03937,2025-12-19 11:59:27.591897976,Headset,North,Wholesale,Priya,CUST1217,4.0,13901.58,15.0,47265.37,41263.55,Returned,UPI,1.0
ORD03250,2025-08-16 02:10:42.760690176,Laptop,East,Online,Karthik,CUST1039,4.0,10798.09, 0.0 ,43192.36,36502.63,Cancelled,Cash,3.0
ORD00930,2024-06-18 14:02:15.033758440,Keyboard,South,Retail,Priya,CUST1074,4.0,16846.79,15.0,57279.09,47663.23,Completed,UPI,2.0
ORD02579,2025-04-15 14:27:49.017254312,Keyboard,West,Retail,Priya,CUST1210,6.0,48744.09,15.0,248594.86,208599.12,Returned,UPI,3.0
ORD03380,2025-09-08 19:43:15.348837216,Tablet,South,Online,Priya,CUST1051,3.0,1061.74,0.0,3185.22,2298.81,Returned,Net Banking,10.0
ORD02293,2025-02-22 09:28:13.323330832,Keyboard,South,Wholesale,Divya,CUST1065,6.0,1924.19,5.0,10967.88,9776.88,Completed,Cash,5.0
ORD01503,2024-10-01 04:24:18.364591148,Keyboard,North,Wholesale,Divya,CUST1297, 2.0 ,2564.57,20.0,4103.31,3521.49,Returned,Card,3.0
ORD03783,2025-11-21 09:18:08.372093024,Printer,West,Online,Rahul,CUST1271,6.0,2500.27,10.0,13501.46,11793.86,Pending,Card,4.0
ORD00606,2024-04-20 10:33:45.506376594,Tablet,North,Wholesale,Priya,CUST1051,6.0,1752.17,ten,,7217.84,Completed,Card,12.0
ORD01989,2024-12-28 21:37:02.655663916,Mouse,East, wholesale,Priya,CUST1071,8.0.0,859.41,5.0,6531.52,5143.36,Completed,NET BANKING,8.0
ord00015,2024-01-03 13:20:07.201800450,Tablet,East,Wholesale,Suresh,CUST1109,3.0,22731.92,15.0,57966.4,38351.3,Pending,Cash,7.0
ORD01262,2024-08-18 04:33:40.105026256,Headset,West,Retail,Karthik,CUST1149,6.0,835.0,20.0,4008.0,2964.63,Cancelled,UPI,9.0
ORD03239,2025-08-14 01:59:11.387846968,Keyboard,North,Retail,Karthik,CUST1150,7.0,28172.69,10.0,177487.95,120561.55,Cancelled,Net Banking,1.0
ORD03319,2025-08-28 00:00:00,Printer,West,Retail,Divya,CUST1233,5.0,32101.22,5.0,152480.8,121503.18,Pending,Cash,2.0
ORD00009,2024-01-02 11:02:55.543885971,Tablet,North,Wholesale,Rahul,CUST1300,3.0,2323.82,10.0,6274.31,4901.42,Returned,Net Banking,6.0
ORD00890,2024-06-11 06:47:37.314328582,Mouse,North,Online,Meena,CUST1040,1.0,20056.99,5.0,19054.14,16390.71,Completed,Net Banking,3.0
ORD03149,2025-07-28 15:41:16.519129784,,South,Retail,Meena,CUST1127,1.0,26489.88,10.0,23840.89,15992.81,Completed,Net Banking,10.0
ORD03552,2025-10-10 05:16:09.542385600,Mouse,North,Online,Anita,CUST1201,1.0,,20.0,20508.38,16475.42,Completed,UPI,3.0
ORD01445,2024-09-20 14:18:05.671417856,Headset,North,Online,Meena,CUST1249,8.0,24462.16,5.0,185912.42,159690.68,Returned,Card,9.0
ORD00394,2024-03-12 17:46:13.593398350,Monitor,West,Wholesale,Karthik,CUST1299,8.0,2575.05,5.0,19570.38,14681.95,Pending, cash,3.0
ORD01583,2024-10-15 18:53:33.803450864,Monitor,North,Online,Rahul,CUST1293,8.0,756.2,5.0,5747.12,4441.22,Pending,Net Banking,7.0
ORD02859,2025-06-05 17:10:13.053263320,Tablet,East,Retail,Arun,CUST1169,3.0,1598.02,20.0,3835.25,2784.14,Pending,UPI,4.0
ORD00539,2024-04-08 05:01:45.326331583,Laptop,South,Wholesale,Priya,CUST1030,5.0,1725.04,5.0,8193.94,6718.31,Pending,UPI,12.0
ORD01488,2024-09-28 10:41:19.219804952,Laptop,South,Retail,Suresh,CUST1058,4.0,21084.09,0.0,84336.36,55349.81,Pending,UPI,4.0
ORD00808,2024-05-27 07:32:37.989497376,Monitor,North,Online,Karthik,CUST1046,8.0,26316.66,20.0,168426.62,"137,667.16",Completed,Net Banking,12.0
ORD03415,2025-09-15 05:03:33.353338336,Keyboard,West,Retail,Meena,CUST1245,2.0,58486.64,5.0,111124.62,83482.4,Returned,Card,5.0
ORD00799,2024-05-25 16:06:50.502625658,Monitor,North,Online,Arun,CUST1094,,25723.54,20.0,164630.66,110278.64,Pending,Cash,7.0
ORD03540,2025-10-08 00:41:46.226556640,Monitor,East,Wholesale,Meena,CUST1018,2.0,28571.63,15.0,48571.77,40536.73,Pending,UPI,1.0
ORD01816,2024-11-27 07:41:16.519129784,Monitor,North,Retail,Priya,CUST1096,4.0,-23982.1,15.0,81539.14,56099.92,Completed ,Card,2.0
ORD02330,2025-03-01 03:34:15.213803456,Keyboard,West,Wholesale,Rahul,CUST1219,8.0,10657.33,15.0,72469.84,60156.92,Pending,Card,5.0
ORD02648,2025-04-28 04:45:33.083270824,Tablet,North,Online,Suresh,CUST1249,8.0,988.93,20.0,6329.15,4326.66,Completed,Cash,12.0
ORD01425,2024-09-16 22:40:46.811702928,Mouse,West,Wholesale,Arun,CUST1162,1.0,920.76,10.0,828.68,612.93,Returned,UPI,3.0
ORD02360,2025-06-03 00:00:00,LAPTOP,South,Online,Anita,CUST1043,7.0,2441.74,5.0,16237.57,14291.87,Pending,UPI,1.0
ORD03322,2025-08-29 05:37:02.655663920,Smartphone,West,Online,Rahul,CUST1218,1.0.0,11976.66,0.0,11976.66,10463.85,Cancelled,Net Banking,7.0
ORD00788,2024-05-23 15:55:19.129782446,Printer,West,Online,Anita,CUST1011,8.0,19756.58,15.0,134344.74,90538.77,Returned,Net Banking,2.0
ORD01993,2024-12-29 15:08:30.427606904,Headset,North,Online,Anita,CUST1063,2.0,2785.57,0.0,5571.14,4917.09,Cancelled,Net Banking,5.0
ORD01117,2024-07-22 00:00:00,Smartphone,North,Wholesale,Rahul,CUST1156,2.0,"₹2,061.08",15.0,3503.84,3024.05,Pending,UPI,6.0
ORD01321,2024-08-28 23:02:44.741185296,Smartphone,East,Retail,Anita,CUST1279,5.0,51001.43,10.0,229506.43,155224.66,Pending,Cash,11.0
ORD03657,2025-10-29 09:17:03.555888976,Monitor,East,Retail,Suresh,CUST1138,3.0,2322.95,20.0,5575.08,4129.16,Returned,UPI,3.0
ORD01553,2024-10-10 07:27:35.513878472,Tablet,East,Wholesale,Suresh,CUST1214,7.0,821.82,5.0,5465.1,4145.83,Completed,Cash,10.0
ORD00033,2024-01-06 20:11:42.175543886,Printer,north,Online,Karthik,CUST1091,6.0,25791.82,20.0,123800.74,97267.03,Returned,UPI,3.0
ORD00464,2024-03-25 12:26:49.602400601,Printer,North,Wholesale,Meena,CUST1125,,2291.81,15.0,7792.15,6120.02,Completed,Cash,7.0
ORD02516,2025-04-04 02:27:16.609152288,Printer,East,Online,Divya,CUST1143,3.0,20437.98,15.0,52116.85,40813.63,Returned,Card,10.0
ORD02296,2025-02-22 22:36:49.152288072,Monitor,West,Wholesale,Arun,CUST1164,8.0,15405.33,10.0,110918.38,77831.92,Cancelled,Cash,6.0
ORD00167,2024-01-31 07:15:42.535633908,Laptop,South,Retail,Karthik,CUST1136,5.0,2062.95,20.0,8251.8,5603.12,Cancelled,Net Banking,6.0
ORD02863,2025-06-06 10:41:40.825206304,Monitor,East,Retail,Priya,CUST1004,8.0,2167.29,20.0, 13870.66 ,"₹11,247.13", returned,Card,11.0
ORD00415,2024-03-16 13:46:24.396099025,Tablet,South,Wholesale,Suresh,CUST1245,7.0,1953.9,5.0,12993.44,9914.7,Completed,Cash,7.0
ORD00034,2024-01-07 00:34:34.118529632,Keyboard,North,Wholesale,Priya,CUST1196,7.0,783.66,5.0,5211.34,4432.5,Completed, net banking,4.0
ORD00185,2024-02-03 14:07:17.509377344,Mouse,East,Wholesale,Meena,CUST1090,3.0,1602.87,0.0,4808.61,3208.98,Returned,Net Banking,9.0
ORD03023,2025-07-05 15:40:11.702925736,Smartphone,East,Retail,Meena,CUST1002,8.0,58966.89,10.0,424561.61,356511.62,Completed,UPI,7.0
ORD03241,2025-08-14 10:44:55.273818456,Mouse,West,Online,Rahul,CUST1151,4.0,15499.46,5.0,58897.95,45388.13,Pending,UPI,8.0
ORD03302 ,2025-08-25 13:59:43.795948992,Monitor,West,Wholesale,Anita,CUST1043,5.0,2379.43,10.0,10707.43,9120.34,Returned,Card,9.0
ORD01953,2024-12-22 07:53:52.708177048,Tablet,North,Online,Rahul,CUST1219,8.0,61815.4,20.0,395618.56,305023.94,Returned,UPI,1.0
ORD03750 ,2025-11-15 08:43:34.253563392,Headset,South,Retail,Karthik,CUST1269,8.0,806.96,20.0,5164.54,4220.4,Completed,UPI,10.0
ORD01622,2024-10-22 21:45:19.579894976,Keyboard ,West,Wholesale,Rahul,CUST1078,7.0,1826.51,0.0,12785.57,10536.68,Completed,Net Banking,1.0
ORD01243,2024-08-14 17:19:13.188297076,Keyboard,East,Wholesale,Rahul,CUST1056,7.0,1775.81,10.0,11187.6,10015.66,Completed,Net Banking,4.0
ORD03550,2025-10-09 20:30:25.656414104,Smartphone,East,Retail,Divya,CUST1183,2.0,13577.82,15.0,23082.29,20137.85,Cancelled,UPI,3.0.0
ORD00722,2024-05-11 14:46:10.892723182,Headset,North,Wholesale,Meena,CUST1290,2.0,12745.64,10.0,22942.15,17457.54,Pending,UPI,10.0
ORD01175,2024-08-02 00:00:00,Mouse,East,RETAIL,Meena,CUST1108,2.0,15505.77,15.0,26359.81,17200.64,Completed,Cash,8.0
ORD00671,2024-05-02 00:00:00,Printer,West,Retail,Divya,CUST1203,8.0,20080.85,15.0,136549.78,104550.12,Cancelled,UPI,3.0
ORD03332,2025-08-31 01:25:42.085521384,Laptop,West,retail ,Priya,CUST1286,2.0,14172.28,0.0,28344.56,23713.43,Pending,Card,11.0
ORD01747,2024-11-14 17:23:32.453113280,Printer,West,Retail,Anita,CUST1094, 6.0 ,25017.31,10.0,135093.47,117629.76,Completed,Card,1.0
ORD02425,2025-03-18 11:46:29.797449368,Laptop,West,Online,Priya,CUST1240,2.0,"30,656.24",10.0,55181.23,37367.11,Pending,Net Banking,6.0
ORD01557,2024-10-11 00:59:03.285821456,Monitor,South,Online,Karthik,CUST1060,4.0,969.35,20.0,3101.92,2087.12,Cancelled,Cash,2.0
ORD02867,2025-06-07 04:13:08.597149288,Laptop,North,Retail,Divya,CUST1173,3.0,1900.97,10.0,5132.62,4025.61,Cancelled,Net Banking,9.0
ORD03537,2025-10-07 11:33:10.397599400,Keyboard,West ,Retail,Meena,CUST1202,3.0,2610.86,20.0,6266.06,4189.53,Pending,UPI,7.0
ORD02585,2025-04-16 16:45:00.675168792,Keyboard,South,Retail,Suresh,CUST1092,7.0,49129.99,15.0,292323.44,246213.89,Cancelled,Cash,11.0
ORD01745,2024-11-14 08:37:48.567141788,Monitor,East,Online,Priya,,2.0,9977.13,15.0,16961.12,12819.79,Cancelled,Cash,6.0
ORD03868,2025-12-06 21:41:43.525881472,Monitor,West,Retail,Rahul,CUST1082,5.0,12772.9,5.0,60671.27,49050.44,Cancelled,Net Banking,4.0
ORD00719,2024-05-11 01:37:35.063765942,Mouse,West,Wholesale,Divya,CUST1199,8.0,51197.01,0.0,409576.08,338379.55,Pending,UPI,2.0
ORD01371,2024-09-07 02:06:01.890472620,Keyboard,North,retail ,Rahul,CUST1096,8.0,1712.96,5.0,13018.5,9195.56,,Net Banking,5.0
ORD02980,2025-06-27 19:16:58.154538640,Laptop,North,Wholesale,Suresh,CUST1161,2.0,24136.27,10.0,43445.29,37047.27,Cancelled,Net Banking,12.0
ORD03931,2025-12-18 09:42:15.933983496,Monitor,South,Wholesale,Suresh, CUST1003,4.0,12598.79,20.0,40316.13,28202.45,Pending,Cash,1.0
ORD02021,2025-01-03 17:48:44.831207804,Laptop,north,Retail,Divya,CUST1177,6.0,16976.95,0.0,101861.7,,Completed,UPI,10.0
ORD02611,2025-04-21 10:39:31.192798200,Smartphone,South,Retail,Divya,CUST1230,4.0,1670.35,20.0,5345.12,4108.14,Pending,Cash,2.0
ORD01627,2024-10-23 19:39:39.294823708,Monitor,West,Wholesale,Suresh,CUST1001,2.0,12456.36,5.0,23667.08,16077.07,Cancelled,Card,4.0
ORD02426,2025-03-18 16:09:21.740435112,Tablet,South,Retail,Karthik,CUST1043,8.0,32851.08,5.0,249668.21,186103.71,Completed,Net Banking,4.0
ORD03054,2025-07-11 07:29:01.935483872,Keyboard,North,Wholesale,Meena,CUST1211,-5,11969.89,20.0,76607.3,51364.02,Cancelled,Cash,8.0
ORD03008,2025-07-02 21:57:12.558139536,Mouse,West,Online,Arun,CUST1267,6.0,14756.77,5.0,84113.59,70518.22,Cancelled,Cash,10.0
ORD00600,2024-04-19 08:16:33.848462116,Smartphone,NORTH,Online,Meena,CUST1097,6.0,13078.5,5.0,74547.45,50880.24,Completed,Net Banking,8.0
ORD01748,2024-11-14 21:46:24.396099028,Monitor,East,Wholesale,Priya,CUST1137,5.0,2643.14,5.0,12554.91,8823.69,Pending,Net Banking,2.0
ORD02352,2025-03-05 03:57:17.959489872,Keyboard,East,Wholesale,Priya,CUST1179,6.0.0,15880.99,5.0,90521.64,72312.45,Returned,Cash,8.0
ORD01430,2024-09-17 20:35:06.526631660,Tablet,North,Wholesale,Priya,CUST1119,6.0,749.67,0.0%,4498.02,3120.75,Completed,Cash,5.0
ORD01115,2024-07-22 08:32:24.486121532,Monitor,West,Online,Priya,CUST1168,6.0,1668.61,15.0,,6169.51,Cancelled,UPI,3.0
ORD00643,2024-04-27 04:39:47.396849212,Smartphone,South,Online,Meena,CUST1265,6.0,1687.55,20.0,8100.24,6313.55,Pending,Net Banking,6.0
ORD00403,2024-03-14 00:00:00,lapTop,South,Online,Anita,CUST1223,3.0,53497.79,15.0,136419.36,113788.9,Completed,UPI,5.0
ORD00491,2024-03-30 10:44:12.063015754,Mouse,South,Online,Arun,CUST1296,3.0,20687.21,0.0,62061.63,52301.08,Cancelled,Cash,2.0
ORD02500,2025-04-01 04:21:25.521380344,Monitor,North,Retail,Anita,CUST1216,2.0,31182.71,5.0,59247.15,47357.91,Completed,Net Banking,12.0
ORD01004,2024-07-02 02:14:18.814703676,Keyboard,South,Online,Arun,CUST1255,8.0,27493.38,5.0,208949.69,176390.66,Pending,Cash,7.0
ORD02115,2025-01-20 21:38:07.471867968,Headset,West,Online,Arun,CUST1146,7.0,27659.11,0.0,193613.77,135042.51,Completed,Card,1.0
ORD03485,2025-09-27 23:44:09.362340592,Laptop ,East ,Retail,Anita,CUST1285,1.0,951.99,5.0,904.39,694.3,Completed,NET BANKING,2.0.0
ORD01879,2024-12-08 19:41:48.927231808,Tablet,West,Wholesale,Anita,CUST1101,2.0,19502.29,10.0,35104.12,25820.02,Completed,Cash,9.0
ORD02474,2025-03-27 10:26:55.003750936,Printer,South,Retail,Suresh,CUST1141,2.0,939.92,0.0,1879.84,1570.43,Completed,Cash,2.0
ORD00271,2024-02-19 06:53:44.606151538,Keyboard,South,Wholesale,Divya,CUST1062,7.0,"17,451.88",10.0,109946.84,88127.19,Completed,Card,4.0
ORD02342,2025-03-03 08:08:38.529632408,Mouse,West,Retail,Arun,CUST1059,1.0,25501.1,20.0,20400.88,14781.83,Pending,Card,5.0
ORD03059,2025-07-12 05:23:21.650412608,Laptop,North,Retail,Divya,CUST1144,5.0,15858.07,10.0,71361.32,64031.18,Completed,Net Banking,9.0
ORD03199,2025-08-06 18:44:33.668417104,tabLet,north,Wholesale,Anita,CUST1219 ,1.0,11992.18,10.0,10792.96,7904.58,Returned,Net Banking,5.0
ORD01045,2024-07-09 13:51:48.477119280,Smartphone,East,Online,Arun,CUST1005,1.0,1004.36,15.0,853.71,636.1,Pending,Card,10.0
ORD03498,2025-09-30 08:41:24.621155288,Monitor,West,Retail,Anita,CUST1018,8.0,1038.84,10.0,7479.65,5945.83,Cancelled,Cash,7.0
ORD02794,2025-05-24 20:23:56.759189800,Laptop,West,Wholesale,Priya,CUST1239,8.0,53552.52,5.0,406999.15,"₹312,272.64",Returned,Net Banking,2.0
ORD02393,2025-03-12 15:34:47.621905480,Monitor,South,Online,Priya,CUST1077,1.0,14553.93,5.0,13826.23,10289.71,CANCELLED,UPI,2.0
ORD03471,2025-09-25 10:24:02.160540136,Headset,South,Retail,Meena,CUST1200,6.0,61176.96,5.0,348708.67, 302256.5 ,Pending, card,6.0
ORD03838,2025-12-01 10:15:45.236309080,Smartphone,West,Retail,Priya,CUST1222,1.0,905.71,15.0,769.85,611.62,Cancelled,Net Banking,8.0
ORD02359,2025-03-06 10:37:21.560390096,Smartphone,South,Wholesale,Rahul,CUST1072,8.0,2586.45,15.0,17587.86, 15810.32 , cancelled,Card,12.0.0
ORD02335,2025-03-02 01:28:34.928732184,Headset,South,Retail,Divya,CUST1253,5.0,15923.47,15.0,67674.75,55781.32,Returned,Card,
ORD00018,2024-01-04 02:28:43.030757689,Monitor,North,Wholesale,Anita,CUST1125,5.0,17514.41,15.0,74436.24,63427.07,Returned,Net Banking,4.0
ORD03655,2025-10-29 00:31:19.669917480,Mouse,,Retail,Divya,CUST1074,4.0,60727.95,5.0,230766.21,151798.8,Cancelled,Cash,9.0
ORD01211,2024-08-08 21:07:31.012753188,Laptop,South,Online,Rahul,CUST1260,3.0,19307.4,10.0,52129.98,34188.82,Cancelled,Card,7.0
ORD02118,2025-01-21 10:46:43.300825208,Laptop,North,Retail,Divya,CUST1081,1.0,1489.57,ten,1266.13,922.94,Cancelled,UPI,7.0
ORD00230,2024-02-11 19:16:14.943735934,Smartphone,West,Wholesale,Anita,CUST1299,7.0,18485.92,15.0,109991.22,74761.52,Returned,Net Banking,9.0
ORD01118,2024-07-22 21:41:00.315078770,Keyboard,North,Retail,Arun,CUST1205,4.0,2651.02,15.0,9013.47,7195.5,Pending,Cash,5.0
ORD01293,2024-08-23 20:22:30.337584396,Headset,West,Wholesale ,Rahul,CUST1035,6.0,22680.05,0.0,"₹136,080.30",109707.39,Returned,Net Banking,4.0
ORD00496,2024-03-31 08:38:31.777944487,Headset,West,Retail,Karthik,CUST1120,3.0,997.01,20.0,2392.82,1970.9,Cancelled,Card,1.0
ORD03545,2025-10-08 22:36:05.941485376,Smartphone,West,Online,Rahul,CUST1143,4.0,838.39,20.0,2682.85,1801.4,Completed,UPI,7.0
ORD00462,2024-03-25 03:41:05.716429108,Smartphone,North,Retail,Rahul,CUST1202,8.0,13704.47,20.0,"87,708.61",74549.14,Pending,Card,6.0
ORD02904,2025-06-13 22:19:10.487621912,Tablet,East,Wholesale,Karthik,CUST1192,8.0,51876.07,5.0,394258.13,352997.37,Cancelled,Cash,6.0
ORD01564,2024-10-12 07:39:06.886721680,Tablet,East,Retail,Anita,CUST1165,8.0,29742.55,5.0,,151514.01,Cancelled,Cash,9.0
ORD02554,2025-04-11 00:56:10.442610656,Headset,East,Retail,Divya,CUST1082,4.0,856.84,0.0,3427.36,2313.04,Returned,Cash,9.0
ORD00319,2024-02-28 01:11:17.869467367,Keyboard,South,Retail,Arun,CUST1084,5.0,22258.33,0.0,111291.65,79085.81,Pending,Card,11.0
ORD02454,2025-03-23 18:49:36.144036008,Keyboard,West,Retail,Anita,CUST1030,8.0,1050.93,20.0,6725.95,4717.91,Cancelled,Card,3.0
ORD03266,2025-08-19 00:16:33.848462120,Mouse,East,Wholesale,Divya,CUST1182,7.0,1835.39,10.0,11562.96,10122.31,Returned,UPI,3.0
ORD02453,2025-03-23 14:26:44.201050264,Monitor,South,Online,Priya,CUST1229,2.0,2883.45,20.0,4613.52,3185.28,Returned,UPI,8.0
ORD01492,2024-09-29 04:12:46.991747940,Tablet,North,Online,Karthik,CUST1038,7.0,23622.58,5.0,157090.16,134199.3, pending,Net Banking,5.0
ORD03573,2025-10-14 01:16:20.345086272,Laptop,East,Retail,Meena,CUST1206,4.0,63585.14,10.0,228906.5,189990.08,Completed,UPI,9.0
ORD01290,2024-08-23 07:13:54.508627156,Headset,,Online,Anita,CUST1190,3.0,853.93,10.0,2305.61,1872.05,Returned,Card,4.0
ORD03323,2025-08-29 09:59:54.598649664,Keyboard,North,Retail,Divya,CUST1060,4.0,20159.93,15.0,68543.76,51589.44,,Net Banking,4.0
ORD03519,2025-10-04 00:00:00,Mouse,North,Retail,Divya,CUST1091,2.0,823.85,10.0,1482.93,1130.23,Cancelled,Net Banking,12.0
ORD03394,2025-09-11 09:03:22.550637664,Laptop,West,Wholesale,Arun,Cust1158,3.0,32422.29,10.0,87540.18,74520.62,Cancelled,UPI,4.0
ORD02234,2025-02-11 14:59:08.687171796,Printer,West,Online,Meena,,8.0,13018.25,15.0,88524.1,61053.67,Cancelled,UPI,1.0
ORD00658,2024-04-29 22:22:46.541635410,Monitor,South,Wholesale,Karthik,CUST1214,5.0,21622.36,20.0,86489.44,70133.8,Completed,Card,8.0
ORD01057,2024-07-11 18:26:11.792948238,Laptop,South,Wholesale,Suresh,CUST1249,1.0,13294.81,0.0,13294.81,11612.98,Completed,Card,5.0
ORD02120,2025-01-21 19:32:27.186796700,Headset,East,Retail,Arun,CUST1258,4.0,59001.73,20.0,188805.54,138363.88,Completed,Net Banking,8.0
ORD03195,2025-08-06 01:13:05.896474120,Laptop,South,Online,Meena,CUST1032,2.0,20255.75,20.0,32409.2,25643.4,Cancelled,Card,4.0
ORD03895,2025-12-11 19:59:05.986496624,Tablet,East,Online,Suresh,CUST1289,1.0,2071.95,10.0,1864.75,1483.14,Completed,Cash ,3.0
ORD01663,2024-10-30 09:22:49.242310580,Monitor,North,Wholesale,Arun,CUST1296,3.0,13218.07,20.0,31723.37,26582.18,PENDING,Card,3.0
ORD01331,2024-08-30 18:51:24.171042760,Laptop,West,Retail,Divya,CUST1016,1.0,2475.05,15.0,2103.79,1830.38,Cancelled,Net Banking,7.0
ORD01179,2024-08-03 00:55:48.837209304,Monitor,East,Retail,Suresh,CUST1081,1.0,2862.21,0.0,2862.21,1907.98,Returned,Card,3.0
ORD03721,2025-11-10 01:40:27.906976744,Laptop,North,Wholesale,Rahul,CUST1195,2.0,12601.62,5.0,23943.08,16012.79,Completed,Card,9.0
ORD02158,2025-01-28 18:01:21.020255064,Keyboard,North,Wholesale,Rahul,CUST1044,6.0,1052.58,5.0,5999.71,4165.53,Completed,Net Banking,
ORD00299,2024-02-24 09:33:59.009752438,Headset,West,Retail,Suresh,CUST1052,3.0,12723.85,15.0,32445.82,22487.55,Returned,Card,3.0
ORD00094,2024-01-17 23:26:30.697674418,Keyboard,West,Retail,Divya,CUST1059,5.0,1002.78,5.0,4763.2,3757.21,Returned,UPI,3.0
ORD02405,2025-03-14 20:09:10.937734432,Headset,North,Retail,Karthik,CUST1101,1.0,19995.93,0.0,19995.93,17294.71,Completed,Net Banking,8.0
ORD03549,2025-10-09 16:07:33.713428360,Printer,West,Retail,Priya,CUST1130,6.0,61644.32,0.0,369865.92,244450.02,Cancelled,Card,4.0
ORD01576,2024-10-14 12:13:30.202550640,Printer, south,Online,Meena,CUST1009,3.0,942.2,5.0,2685.27,1912.17,Cancelled,Cash,4.0
ORD03746,,Smartphone,East,Wholesale,Priya,CUST1012,4.0,2148.42,10.0,7734.31,5795.5,Returned,Net Banking,1.0
ORD02887,2025-06-10 19:50:27.456864216,Mouse,East,Retail,Arun,CUST1045,4.0,20076.65,5.0,76291.27,63310.08,Completed,UPI,4.0
ORD01794,2024-11-23 00:00:00,Headset,South,Retail,Divya,CUST1155,3.0,54089.0,0.0,162267.0,136403.55,Cancelled,Card,5.0
ORD00024,2024-01-05 04:45:54.688672168,Headset,North,Online,Priya,CUST1096,1.0,838.99,0.0,838.99,654.43,Completed,UPI,11.0
ORD03351,2025-09-03 12:40:09.002250568,Printer,South,Online,Meena,CUST1113,7.0,923.07,ten,5815.34,4863.66,Returned,CASH,3.0
ORD03624,2025-10-23 08:42:29.437359344,Mouse,South,Wholesale,Karthik,CUST1008,3.0,1909.22,15.0,4868.51,4214.63,Returned,Net Banking,6.0
ORD01732,2024-11-11 23:40:33.308327084,Monitor,South,Online,Rahul,CUST1127,1.0,12587.26,5.0,11957.9,9564.23,Cancelled,UPI,10.0
ORD01085,2024-07-16 00:00:00,Laptop,East,Wholesale,Divya,CUST1087,5.0,29775.87,5.0,141435.38,103428.3,Cancelled,UPI,11.0
ORD03992,2025-12-29 12:57:04.456114032,Headset,West,Wholesale,Meena,CUST1088,6.0,58728.2,5.0,334750.74,235976.07,Returned,Card,12.0
ORD02666,2025-05-01 11:37:08.057014256,Monitor,West,Retail,Arun,CUST1022,5.0,20089.64,15.0,85380.97,62252.48,Pending,Card,10.0
ORD02379,2025-03-10 02:14:40.420105032,Printer,South,Online,Suresh,CUST1202,8.0,12353.52,15.0,84003.94,70942.3,Pending,UPI,9.0
ORD01273,2024-08-20 04:45:11.477869468,Smartphone,North,Retail,Priya,CUST1079,2.0,18741.75,5.0,35609.32,27487.08,Pending,upi,2.0
ORD00306,2024-02-25 16:14:02.610652663,Keyboard,West,Retail,Rahul,CUST1116,8.0,18351.35,0.0,146810.8,124767.54,Cancelled,UPI,3.0
ORD02903,2025-06-13 17:56:18.544636160,Headset,East,Retail,Meena,CUST1088,7.0,52590.65,10.0,331321.09,222680.65,Pending,Net Banking,6.0
ORD02762,2025-05-19 00:12:14.583645912,Printer,East,Retail,Divya,CUST1077,8.0, 23159.55 ,5.0,176012.58,134577.61,Pending,UPI,8.0.0
ORD00599,2024-04-19 03:53:41.905476370,Smartphone,East,Online,Arun,CUST1071,5.0,2106.82,10.0,9480.69,8458.86,Cancelled,Cash,8.0
ORD03880,2025-12-09 02:16:06.841710432,Monitor,South,Retail,Divya,CUST1213,8.0,31949.55,10.0,230036.76,160821.07,Completed,Net Banking,4.0
ORD00872,2024-06-07 23:56:02.340585148,TABLET,West,Online,Anita,CUST1093,7.0,16454.25,10.0,103661.78,67666.04,Returned,Card,3.0
ORD02546,2025-04-09 13:53:14.898724680,Laptop,North,Retail,Priya,CUST1132,4.0,45821.93,20.0,146630.18,97243.08,Cancelled,Card,9.0
ORD02122,2025-01-22 04:18:11.072768192,Printer,West,Online,Priya,CUST1172,4.0,30583.04,5.0,116215.55,88735.91,Cancelled,Cash,9.0
ORD01361,2024-09-05 06:17:22.460615156,Laptop,North,Online,Rahul,CUST1249,4.0,13721.78,20.0,43909.7,37138.81,Completed,UPI,4.0
ORD01937,2024-12-19 09:48:01.620405104,Monitor,,Retail,Rahul,CUST1222,3.0,48204.89,0.0,144614.67,123909.54,Pending,Card,12.0
ORD02759,2025-05-18 11:03:38.754688672,Printer,South, online,Karthik,CUST1187,7.0,999.78,15.0,5948.69,5008.45,Cancelled,Card,4.0
ORD03645,2025-10-27 04:42:40.240060016,Laptop,West,Online,Divya,CUST1044,7.0,13937.2,20.0,78048.32,67169.64,Cancelled,Net Banking,6.0
ORD01540,2024-10-07 22:30:20.255063768,Printer,West,Wholesale,Divya,CUST1234,1.0,1576.33,10.0,1418.7,1257.23,Completed,UPI,11.0
ORD02211,2025-02-07 10:13:13.998499628,Tablet,East,Retail,Meena,CUST1256,7.0,23952.12,5.0,159281.6,141630.03,Pending,UPI,6.0
ORD01053,2024-07-11 00:54:44.021005252,key board,West,Wholesale,Meena,CUST1174,5.0,13266.89,0.0,66334.45,48370.45,Completed,Cash,8.0
ORD01567,2024-10-12 20:47:42.715678920,Headset,North,Online,Anita,CUST1112,3.0,2889.44,0.0,8668.32,6813.85,Pending,UPI,6.0
ORD03247,2025-08-15 13:02:06.931732936,Mouse,West,Wholesale,Anita,CUST1152,4.0,1742.21,5.0,6620.4,4663.57,Completed,Cash,4.0
ORD01927 ,2024-12-17 13:59:22.190547640,Tablet,North,Retail,Karthik,CUST1048,5.0,15609.1,10.0,70240.95,62136.59,Returned,UPI,3.0
ORD02024,2025-01-04 06:57:20.660165044,Monitor,South,Online,Rahul,CUST1139,6.0,51639.64,20.0,247870.27,196079.75,Completed,Card,10.0
ORD00409,2024-03-15 11:29:12.738184546,Printer,West,Online,Divya,CUST1235,5.0,1859.15,15.0,7901.39,5924.07,Returned,UPI,8.0
ORD00100,,Mouse,South,Retail,Rahul,CUST1098,2.0,1025.42,10.0,1845.76,1559.61,Completed,NET BANKING,2.0
ORD01212,2024-08-09 01:30:22.955738936,Smartphone,west,Retail,Karthik,CUST1175,4.0,30582.63,0.0,122330.52,93537.68,Cancelled,Net Banking,3.0
ORD01433,2024-09-18 09:43:42.355588900,Smartphone,East,Online,Meena,CUST1042,7.0,879.46,20.0,4924.98,3915.47,Cancelled,Card,3.0
ORD00316,2024-02-27 12:02:42.040510128,Tablet,South,Retail,Suresh,CUST1070,1.0,969.13,20.0,775.3,677.46,Completed,Card,4.0
ORD01174,2024-08-02 03:01:29.122280572,Monitor,West,Wholesale,Priya,CUST1048,7.0,2660.8,5.0,17694.32,13102.29,Pending,UPI,3.0
ORD01236,2024-08-13 10:39:09.587396852,key board,West,Online,Divya,CUST1276,1.0,"₹49,609.44",0.0,49609.44,44202.37,Completed,Net Banking,12.0
ORD03160,2025-07-30 00:00:00,Smartphone,West,Retail,Rahul,CUST1269,8.0,57924.86,10.0,417058.99,274143.24, returned,Net Banking,4.0.0
ORD02733,2025-05-13 17:09:08.237059264,Tablet,West,Wholesale,Suresh,CUST1284,6.0,10992.55,5.0,62657.53,48652.41,Returned,UPI,5.0
ORD03973,2025-12-26 01:42:37.539384848,Keyboard,East,Online,Karthik,CUST1297,8.0,52651.89,20.0,336972.1,230899.06,Pending,UPI,7.0
ORD03641,2025-10-26 11:11:12.468117032,tabLet,South,Online,Divya,CUST1225,6.0,1845.56,20.0,8858.69,5876.8,Pending,Card,11.0
ORD00752,2024-05-17 02:12:09.182295574,Monitor,East,Online,Divya,CUST1129,6.0,23218.47,0.0,139310.82,102436.91,Cancelled,Cash,4.0
ORD03116,2025-07-22 15:06:42.400600152,Tablet,North,Wholesale,Karthik,CUST1125,2.0,28791.92,20.0,46067.07,40439.31,Pending,Cash,7.0
ORD00157,2024-01-29 11:27:03.105776444,Smartphone,West,Retail,Divya,CUST1066,3.0,23215.54,10.0,62681.96,55828.45,Pending,Card,7.0
ORD02562,2025-04-12 11:59:05.986496624,Monitor,East,Wholesale,Suresh,CUST1205,4.0,756.22,15.0,2571.15,1983.41,Returned,UPI,6.0
ORD00121,2024-01-22 21:43:53.158289572,Printer,South,Retail,Rahul,CUST1174,4.0,32439.82,15.0%,110295.39,97995.48,Pending,Cash,3.0
ORD01455,2024-09-22 10:06:45.101275320,Smartphone,South,Wholesale,Meena,CUST1295,7.0,13942.67,10.0,87838.82,63769.72,Cancelled,UPI,7.0
ORD00512,2024-04-03 06:44:22.865716430,smartphone ,West, retail,Anita,CUST1241,2.0,25361.22,15.0,43114.07,38490.71,Pending,Card,3.0
ORD01518,2024-03-10 00:00:00,Laptop,North,Wholesale,Priya,CUST1135,8.0,2300.07,15.0,15640.48,11246.75,Completed,Net Banking,9.0
ORD03505,2025-10-01 15:21:28.222055520,Keyboard,South,Online,Priya,CUST1295,1.0,13602.72,20.0,10882.18,7639.92,,Net Banking,8.0
 ORD02017,2025-01-03 00:17:17.059264816,Mouse,South,Retail,Arun,CUST1259,5.0,2123.11,20.0,8492.44,7627.45,Returned,Cash,1.0
ORD03441,2025-09-19 22:58:03.870967744,Keyboard,West,on-line,Priya,CUST1270, 4.0 ,13154.45,5.0,49986.91,35064.41,return,Net Banking,4.0
ORD02847,2025-06-03 12:35:49.737434360,Mouse,East,Retail,Rahul,CUST1036,5.0,959.43,10.0,4317.43,3447.13,Pending,Cash,1.0
ORD01603,2024-10-19 10:30:52.663165792,Keyboard,West,Retail,Suresh,CUST1077,3.0,12764.38,15.0,32549.17,27975.27,Completed,Cash,10.0
ORD03779,2025-11-20 15:46:40.600150040,Monitor,North,Online,Priya,CUST1233,3.0,24861.41,15.0,,49257.53,Pending,UPI,4.0
ORD03804,2025-11-25 05:18:19.174793704,Monitor,South,Wholesale,Divya,CUST1184,3.0,798.88,10.0,2156.98,1738.95,Returned,Net Banking,10.0
ORD00677,2024-05-03 09:37:13.458364592,Printer,West,,Anita,CUST1178,2.0,880.11,10.0,1584.2,1316.97,Returned,Net Banking,1.0
ORD00241,2024-02-13 19:27:46.316579145,Tablet,West ,Wholesale,Karthik,CUST1285,7.0,23024.84,15.0,136997.8,112877.58,,Net Banking,5.0
ORD01024,2024-07-05 17:51:37.674418606,Monitor,East,Online,Priya,CUST1260,1.0,759.92,20.0,607.94,502.74,Returned,UPI,9.0
ORD02217,2025-02-08 12:30:25.656414104,Mouse,South,Online,Karthik,CUST1040,8.0,27748.91,0.0,221991.28,195487.42,Completed,Net Banking,10.0
ORD01512,2024-10-02 19:50:05.851462868,Laptop,South,Wholesale,Suresh,CUST1201,8.0,23468.72,5.0,178362.27,130759.88,Returned,UPI,1.0
ORD02814,2025-05-28 12:01:15.618904728,Keyboard,North,Retail,Arun,CUST1162,8.0,14665.44,15.0,99724.99,73357.58,Cancelled,Cash,8.0
ORD03226,2025-08-11 17:01:56.129032264,Monitor,East, retail,Anita,CUST1067,3.0,2806.99,5.0,7999.92,7193.63,Completed,Net Banking,7.0
ORD03800,2025-11-24 11:46:51.402850720,Headset,South,Retail,Priya,CUST1098,7.0,33014.02,5.0,219543.23,158130.07,Cancelled,Card,8.0
ORD03764,2025-11-17 22:03:41.455363848,Tablet,North,Retail,Arun,CUST1291,500,22676.17,15.0,5000000,4500000,Pending,UPI,7.0
ORD02883,2025-06-10 02:18:59.684921232,Laptop,North,Retail,Arun,CUST1097,8.0,2042.83,5.0,15525.51,12953.83,Cancelled,Card,3.0
ORD00487,2024-03-29 17:12:44.291072769,Printer,South,Online,Divya,CUST1290,7.0,23841.97,20.0,133515.03,93959.21,Pending,Card,3.0
ORD03362,2025-09-05 12:51:40.375093776,Tablet,East,Retail,Karthik,CUST1250,3.0,13415.15,5.0,38233.18,28939.35,pendng,Cash,12.0
ORD01874,2024-12-07 21:47:29.212303076,Laptop,East,Online,Arun,CUST1186,8.0,29648.32,0.0,237186.56,178553.89,Cancelled,UPI,5.0
ORD02462,2025-03-25 05:52:31.687921984,Mouse,North,Retail,Suresh,CUST1121,5.0,931.57,10.0,"4,192.07",3648.04,Completed,Card,8.0
ORD02438,2025-03-20 20:43:45.056264072,Mouse,North,Online,Rahul,CUST1052,1.0,51037.97,0.0,51037.97,41376.42,Completed,Net Banking,1.0
ORD00355,2024-03-05 14:54:27.816954239,Smartphone,West,Online,Priya,CUST1231,4.0,2279.18,10.0,8205.05,6731.22,RETURNED,Card,8.0
ORD01018,2024-07-04 15:34:26.016504126,Laptop,East,Wholesale,Rahul,CUST1044,4.0,2597.67,5.0,9871.15,7278.75,Pending,Cash,6.0
ORD03664,2025-10-30 15:57:07.156789200,Smartphone,North,Wholesale,Suresh,CUST1050,1.0,1615.04,15.0,1372.78,1145.64,Cancelled, cash,12.0
ORD01742,2024-11-13 19:29:12.738184548,Smartphone,East,Wholesale,Anita,CUST1208,4.0,50584.85,0.0,202339.4,178124.81,Completed,Cash, 12.0 
ORD02331,2025-03-01 00:00:00,Laptop,East,Retail,Karthik,CUST1162,6.0,1807.2,0.0,10843.2,8686.25,Completed,Net Banking,10.0
ORD02404,2025-03-14 15:46:18.994748688,mouSE,South,Wholesale,Karthik,CUST1273,6.0,1526.45,0.0,9158.7,8140.82,Cancelled,Net Banking,8.0
ORD01221,2024-08-10 16:56:10.442610652,Keyboard,East,Online,Suresh,CUST1074,5.0.0,2548.34,20.0,10193.36,8006.13,Cancelled,UPI,10.0
ORD00052,2024-01-10 07:26:09.092273068,Printer,East,Retail,Rahul,CUST1042,6.0,2332.92, 10.0 ,12597.77,9790.26,Returned,UPI,12.0
ORD02723,2025-05-11 21:20:28.807201800,Laptop,East,Retail,Rahul,CUST1267,5.0,10153.92,0.0,50769.6,35527.21,Returned,Net Banking,10.0
ORD01721,2024-11-09 23:29:01.935483872,Smartphone,South,Wholesale,Suresh,CUST1109,2.0,848.78,15.0,1442.93,1128.25,Cancelled,Cash,9.0
ORD00074,2024-01-14 07:49:11.837959490,Printer,West,Online,Anita,CUST1179,5.0,2598.61,5.0,12343.4,9574.4,Returned,Cash,6.0
ORD01689,2024-11-04 03:17:19.759939988,Tablet,West,Retail,Meena,CUST1212,5.0,984.52,5.0,4676.47,3259.18,Cancelled,Card,10.0
ORD02586,2025-04-16 21:07:52.618154544,Smartphone,East,Wholesale,Meena,CUST1282,7.0,27249.1,5.0,181206.51,143398.49, returned,Net Banking,7.0
ORD00439,2024-03-20 22:55:11.027756940,Smartphone,North,Retail,Anita,CUST1127,7.0,1939.95,0.0%,13579.65,,Completed,Card,8.0
ORD01475,2024-09-26 01:44:03.960990248,Tablet,North,Online,Arun,CUST1138,6.0,2382.35, 0.0 ,14294.1,12625.0,Completed,Upi,7.0
ORD02761,2025-05-18 19:49:22.640660168,Headset, north,Online,Priya,CUST1021,3.0,2016.64,20.0,4839.94,3844.55,Returned,Card,2.0
ORD00803,2024-05-26 09:38:18.274568642,Mouse,West,Retail,Arun,CUST1183,6.0,760.49,5.0,4334.79,3380.12,Cancelled,UPI,1.0
ORD00466,2024-03-25 00:00:00,Mouse,West,Wholesale,Karthik,CUST1226,5.0,47859.25,5.0,227331.44,195216.91,Completed,Card,4.0
ORD03085,2025-07-16 23:17:52.168042016,Monitor,South,Retail,Rahul,CUST1272,2.0,1512.24,0.0,3024.48,2073.42,Cancelled,Net Banking,4.0
ORD01065,2024-07-13 05:29:07.336834210,Headset,East,Retail,Rahul,CUST1173,4.0,2843.73,0.0,11374.92,8609.36,Pending,UPI,6.0
ORD03911,2025-12-14 18:04:57.074268568,Headset,South,Wholesale,Meena,CUST1148,8.0,2368.98,5.0,18004.25,13418.33,Completed,UPI,1.0
ORD00158,2024-01-29 15:49:55.048762190,Tablet,East,Online,Karthik,CUST1166,2.0,61652.41, 20.0 ,98643.86,81281.9,Pending,Cash,9.0
ORD02004,2024-12-31 15:20:01.800450116,Tablet,West,Wholesale,Meena,CUST1093,4.0,2374.97,15.0,8074.9,6073.24,Completed,Card,3.0
ORD01654,2024-10-28 17:57:01.755438860,Keyboard,East,Wholesale,Meena,CUST1017, 4.0 ,11449.34,0.0,45797.36,30555.01,Returned,Card,6.0
ORD00053,2024-01-10 11:49:01.035258814,Smartphone,South,Online,Meena,CUST1103,6.0,63069.82,5.0,359497.97,256078.69,Completed,Card,4.0
ORD01345,2024-09-02 08:11:31.372843212,Tablet,West,Wholesale,Priya,CUST1075,4.0,2493.58,0.0,9974.32,7491.44,Pending,CARD,2.0
ORD00221,2024-02-10 03:50:27.456864216,Keyboard,West,Retail,Rahul,CUST1053,2.0,23815.16,0.0,47630.32,42708.2,Pending,UPI,3.0
ORD00565,2024-04-12 00:00:00,Mouse,North,Retail,Meena,CUST1184,3.0,2385.42,15.0,6082.82,4348.84,Cancelled,Card,6.0
ORD00027,2024-01-05 17:54:30.517629407,Monitor,East,Online,Divya,CUST1036,2.0,2895.55,0.0,5791.1,5059.72, pending,Cash,5.0
ORD01584,2024-10-15 23:16:25.746436612,Laptop,North,Retail,Rahul,CUST1267,4.0,1038.38,20.0,3322.82,2247.38,Completed,Card,5.0
ORD02015,2025-01-02 15:31:33.173293324,Mouse,South,Retail,Suresh,CUST1031,7.0,30398.55,5.0,202150.36,149615.25,Pending,Net Banking,12.0
ORD00215,2024-02-09 01:33:15.798949737,Smartphone,South,Online,Meena,CUST1291,7.0,2365.82,10.0,14904.67,10124.25,Returned,Cash,1.0
ORD02058,2025-01-10 11:54:46.721680420,Laptop,South,Wholesale,Divya,CUST1117,5.0,12435.94,0.0, 62179.7 ,45716.98,Cancelled,Cash,8.0
ORD00938,2024-06-20 01:05:10.577644412,Headset,West,Retail,Suresh,CUST1140,3.0,1950.86,5.0,5559.95,4367.67,Cancelled,UPI,10.0
ORD00552,2024-04-10 13:59:00.585146287,Laptop,West, wholesale,Arun,CUST1125,3.0,62598.96,15.0,159627.35,140781.44,Pending,UPI,3.0
ORD03027,2025-07-06 00:00:00,Keyboard,WEST,Retail,Divya,CUST1283,4.0,1823.13,10.0,6563.27,4912.92,Returned,UPI,12.0
ORD02587,2025-04-17 01:30:44.561140288,Printer,West,Online,Divya,CUST1183,6.0,12413.45,5.0,70756.67,46600.9, returned,UPI,8.0
ORD00326,2024-02-29 07:51:21.470367592,Tablet,East,,Anita,,3.0,1532.32,20.0,3677.57,2884.23,Cancelled,Card,11.0
ORD03271,2025-08-19 22:10:53.563390848,Tablet,South,Retail,Rahul,CUST1174,3.0,not available,20.0,46879.01,39905.37,Cancelled,Card,9.0
ORD03976,2025-12-26 14:51:13.368342088,Mouse,West,RETAIL,Priya,CUST1076,4.0,2091.74,10.0,7530.26,5013.77,Pending,Cash,4.0
ORD01671,2024-10-31 20:25:44.786196552,Monitor,East,Online,Anita,CUST1278,2.0,2052.15,0.0,4104.3,3261.69,Cancelled,UPI,7.0
ORD00830,2024-05-31 07:55:40.735183796,Tablet,North,Wholesale,Divya,CUST1143,5.0,21184.09,5.0,100624.43,76655.75,Pending,Net Banking,2.0
ORD03117,2025-07-22 19:29:34.343585896,Laptop,North,Retail,Meena,CUST1118,3.0,2548.69,5.0,7263.77,5038.33,Returned,Cash,1.0
ORD00753,2024-05-17 06:35:01.125281320,Keyboard,East,Retail,Suresh,CUST1208,5.0,21051.15,0.0,105255.75,78910.84,Completed,Net Banking,11.0
ORD03703,2025-11-06 18:48:52.933233312,,East,Online,Anita,CUST1292,1.0,2377.25,5.0,2258.39,1590.37,Pending,UPI,5.0
ORD03238,2025-08-13 21:36:19.444861216,Laptop,East,Online,Arun,CUST1160,6.0,2692.56,15.0,13732.06,12100.21,Returned,Net Banking,8.0
ORD02477,2025-03-27 23:35:30.832708176,Mouse,East,Online,Karthik,CUST1019,6.0,14470.13,15.0,73797.66,60398.89,Pending,Card,8.0
ORD00045,2024-01-09 00:46:05.491372843,Printer,West,Online,Anita,CUST1231,8.0,1025.46,20.0,6562.94,5040.69,canceled,Card,11.0
ORD03988,2025-12-28 19:25:36.684171048,Smartphone,West,Wholesale,Meena,CUST1037,4.0, 15087.74 ,5.0,57333.41,39470.46,Pending,Cash,8.0
ORD01554,2024-10-10 11:50:27.456864216,Headset,East,Retail,Karthik,CUST1071,8.0,12965.29,20.0,82977.86,54123.43,Returned,Cash,9.0
ORD00502,2024-04-01 10:55:43.435858965,Smartphone,East,Wholesale,Divya,CUST1017,7.0,24953.73,5.0,165942.3,138239.27,Cancelled,Net Banking,2.0
ORD02399,2025-03-13 17:51:59.279819960,Monitor,East,Retail,Priya,CUST1144,5.0,1582.46,10.0,7121.07,6022.93,Returned,Net Banking,
ORD00977,2024-06-27 03:56:56.354088524,Monitor,East,Retail,Priya,CUST1153,7.0,22777.94,20.0,127556.46,106371.34,Returned,Card,7.0
ORD02528,2025-04-06 07:01:39.924981248,Headset,North,Retail,Priya,CUST1045,6.0,-27357.36,5.0,155936.95,127022.63,CANCELLED,Net Banking,2.0
ORD01193,2024-08-05 14:15:56.039009752,Mouse,North,Wholesale,Arun,CUST1273,1.0,14021.88,5.0,13320.79,10597.35,Cancelled,Card,12.0
ORD00811,2024-05-27 20:41:13.818454614,Keyboard,South,Online,Priya,CUST1175,5.0,14812.11,0.0,74060.55,49252.9,Pending,UPI,10.0
ORD01000,2024-07-01 08:42:51.042760692,Monitor,East,Retail,Suresh,CUST1184,6.0,,0.0,277378.08,199863.88,COMPLETED,Card,5.0
ORD00569,2024-04-13 16:27:43.615903976,Laptop,West,Online,Arun,CUST1241,3.0,16896.52,20.0,40551.65,31378.32,Completed,Net Banking,9.0
ORD02793,2025-05-24 16:01:04.816204056,Printer,South,Retail,Anita,CUST1270,8.0,14780.46,10.0,106419.31,70638.52,Cancelled,Card,5.0
ORD03809,2025-11-26 03:12:38.889722432,Tablet,South,Wholesale,Anita,CUST1128,3.0,20578.65,5.0,58649.15,49036.84,Cancelled,Net Banking,1.0
ORD02032,2025-01-05 18:00:16.204051016,lapTop,East,Online,Rahul,CUST1108,6.0,16432.96,10.0,88737.98,63292.95,Pending,UPI,10.0
ORD00367,2024-03-07 19:28:51.132783196,Smartphone,North,Retail,Suresh,CUST1048,4.0,953.52,5.0,3623.38,2829.01,Cancelled,Card,4.0
ORD00458,2024-03-24 10:09:37.944486122,Tablet,East,Retail,Meena,CUST1120,6.0,2546.84,5.0,14516.99,11018.85,Cancelled,Cash,2.0
ORD00257,2024-02-16 17:33:37.404351088,Mouse ,East,Retail,Karthik,CUST1196,2.0,32361.9,0.0,64723.8,56084.21,Pending,Card,2.0
ORD02187,2025-02-03 01:04:27.366841712,Mouse,South,Wholesale,Rahul,CUST1035,8.0,10060.97,10.0,72438.98,54289.27,Returned,Cash,11.0
ORD02271,2025-02-18 09:05:10.577644412,Monitor,East,Online,Priya,CUST1218,3.0,1587.35,0.0,4762.05,3712.11,Completed,Net Banking,10.0
ORD01477,2024-09-26 10:29:47.846961740,Smartphone,West,Retail,Meena,CUST1080,7.0,16157.36,5.0,107446.44,82242.62,Completed,Card,12.0
ORD00577,2024-04-15 03:30:39.159789948,Keyboard,West,Wholesale,Divya,CUST1034,8.0,29990.51,,191939.26,157396.95,Pending,Net Banking,2.0
ORD02340,2025-03-02 23:22:54.643660920,Keyboard,North,Online,Meena,CUST1217,3.0,1916.1,15.0,4886.05,3947.17,Returned,Net Banking,1.0
ORD02141,2025-01-25 15:32:37.989497376,Mouse ,West,Wholesale,Arun,CUST1192,7.0,790.7,0.0,5534.9,4613.85,Pending,Card,5.0
ORD02283,2025-02-20 00:00:00,Printer,West,Online,Divya,cust1208,8.0,25289.29,5.0,192198.6,168048.16,Cancelled,UPI,5.0
ORD03737,2025-11-12 23:46:18.994748688,Printer,West,Online,Anita,CUST1127,4.0,31737.64,5.0,120603.03,93851.77,Pending,Card,7.0
ORD01765,2024-11-18 00:15:07.426856716,Mouse,North,Wholesale,Karthik,CUST1046,7.0,25704.67,0.0,179932.69,,Returned,Net Banking,12.0
ORD02305,2025-02-24 14:02:36.639159792,Mouse,East,RETAIL,Rahul,CUST1300,6.0,32599.42,20.0,156477.22,116445.51,Completed,Net Banking,3.0
ORD02894,2025-06-12 02:30:31.057764440,Laptop,North,Wholesale,Priya,CUST1059,8.0,25677.87,0.0,205422.96,175620.04,Returned,Cash,1.0
ORD00292,2024-02-23 02:53:55.408852213,Headset,South,Retail,Meena,CUST1067,1.0,14960.14,20.0,11968.11,8762.91,Cancelled,Card,6.0
ORD00730,2024-05-13 01:49:06.436609152,Printer,South,Online,Arun,CUST1287,5.0,49370.37,20.0,"197,481.48",160892.38,Completed,Cash,7.0
ORD01614,2024-10-21 10:42:24.036009004,,South ,Wholesale,Suresh,CUST1134,5.0,49882.43,20.0,199529.72,147366.23,Cancelled,Card,3.0
ORD00135,2024-01-25 11:04:00.360090022,Headset,East,Wholesale,Priya,CUST1265,5.0,20887.17,0.0,104435.85,75548.68,Completed,Cash,2.0
ORD01511,2024-10-02 15:27:13.908477120,Printer,North,Online,Rahul,CUST1261,4.0,1661.17,10.0,5980.21,4534.15,Cancelled,UPI,1.0
ORD03222,2025-08-10 23:30:28.357089272,Keyboard,West,Online,Meena,CUST1066,3.0,16203.33,0.0,48609.99,31991.29, completed,Cash,4.0
ORD00681,2024-05-04 03:08:41.230307578,Laptop,South,Retail,Rahul,CUST1183,4.0,17226.76,20.0,55125.63,38734.88,Pending,Card,9.0
ORD03474,2025-09-25 23:32:37.989497376,Monitor,West,Online,Suresh,CUST1077,6.0,47802.76,10.0,258134.9,182544.66,Pending,Card,1.0
ORD00264,2024-02-18 00:13:41.005251313,Tablet, east,Online,Rahul,CUST1041,2.0,11632.02,20.0,18611.23,13369.41,Pending,Card,9.0
ORD02429,2025-03-19 05:17:57.569392352, smartphone,East,Online,Arun,CUST1131,5.0,2181.42,10.0,9816.39,8682.75,Cancelled,Cash,1.0
ORD03350,2025-09-03 00:00:00,Smartphone,East,Online,Anita,CUST1203,4.0,2777.97,10.0,10000.69,7237.25,Returned,Cash,12.0
ORD02242,2025-02-13 02:02:04.231057768,Monitor,North,Wholesale,Karthik,CUST1066,7.0,28539.0,15.0,169807.05,134584.27,,Card,5.0
ORD00765,2024-05-19 11:09:24.441110278,Tablet,West,Online,Karthik,CUST1222,7.0,1996.36,20.0,11179.62,8773.66,return,Net Banking,11.0
ORD00057,2024-01-11 05:20:28.807201800,Printer,East,Wholesale,Anita,CUST1079,8.0,13856.29,0.0,"110,850.32",94447.81,Returned,,12.0
ORD02785,2025-05-23 04:58:09.272318080,Printer,South,Online,Meena,CUST1004,5.0,16816.44,15.0,71469.87,63866.18,Returned,Cash,7.0
ORD00683,2024-05-04 11:54:25.116279070,Keyboard,North,whole-sale,Priya,CUST1026,6.0,975.53,,5853.18,3997.09,Returned,Net Banking,2.0
ORD01294,2024-08-24 00:45:22.280570144,Laptop,West,Online,Meena,CUST1002,3.0,1522.51,10.0,4110.78,3373.53,Cancelled,Cash,10.0
ORD02186,2025-02-02 20:41:35.423855964,Laptop,North,Online,Anita,CUST1236,5.0,13392.39,5.0,63613.85,47498.98,Returned,Cash,9.0
ORD01310,2024-08-26 22:51:13.368342088,Smartphone,South,Retail,Priya,CUST1106,4.0,13480.52,5.0,51225.98,37309.78,Pending,Cash,12.0
ORD03401,2025-09-12 15:43:26.151537888,Tablet,East,Online,Meena,CUST1295, 8.0 ,756.50,0.0,6052.0,4101.05,Returned,Net Banking,4.0
ORD00545,2024-04-09 07:18:56.984246062,Keyboard,North,Wholesale,Divya,CUST1201,1.0,64725.14,15.0,55016.37,"38,947.07",Completed,Net Banking,8.0
ORD01861,2024-12-05 00:00:00,Printer,West,Online,Divya,CUST1105,1.0,14154.29,10.0,12738.86,10938.13,Completed,Cash,7.0
ORD02709,2025-05-09 08:00:21.605401352,Monitor,West,Online,Rahul,CUST1188,4.0,26523.01,15.0,90178.23,65731.66,Completed,Card,2.0
ORD03932,2025-12-18 00:00:00,Keyboard,South, online,Rahul,CUST1126,8.0,18112.87,0.0,144902.96,116909.82,Returned,Net Banking,7.0
ORD01729,2024-11-11 00:00:00,Smartphone,West,Retail,Arun,CUST1209,1.0,15001.94,5.0,14251.84,11725.29,Cancelled,Net Banking,4.0
ORD02346,2025-03-04 01:40:06.301575392,Mouse,North,Wholesale,Priya,CUST1141,2.0,857.6,5.0,1629.44,1204.64,Pending,Net Banking,5.0
ORD00839,2024-06-01 23:21:28.222055514,Monitor,East,Wholesale,Priya,CUST1157,5.0,1528.44,15.0,6495.87,4876.74,Returned,Cash,2.0
ORD00171,2024-02-01 00:47:10.307576894,Mouse,,Retail,Rahul,CUST1173,6.0,21933.6,20.0,105281.28,80894.76,Returned,Cash,8.0
ORD02025,2025-01-04 11:20:12.603150788,Printer,East,Wholesale,Karthik,CUST1029,8.0,61941.38,10.0,445977.94,312354.96,Completed,Card,4.0
ORD03847,2025-12-03 01:41:32.723180800,Headset,West,Retail,Suresh,CUST1218,8.0,20072.76,10.0,144523.87,115365.63,Returned,UPI,12.0
ORD03585,2025-10-16 05:50:43.660915232,Smartphone,West,Wholesale,Meena,CUST1211,3.0,2286.17,10.0,6172.66,4385.31,Returned,Cash,5.0
ORD01551,2024-10-09 22:41:51.627906980,Keyboard,South,Online,Divya,CUST1091,3.0,1536.02,0.0,,3857.39,Returned,Net Banking,10.0
ORD01589,2024-10-16 21:10:45.461365344,Keyboard,South,Wholesale,Karthik,CUST1014,4.0,"23,300.62",0.0,93202.48,81125.55,Pending,Net Banking,1.0
ORD02764,2025-05-19 08:57:58.469617408,Headset,West,Online,Suresh,CUST1168,7.0,29400.75,5.0,195514.99,131065.78,Completed,Card,10.0
ORD00189,2024-02-04 07:38:45.281320330,Headset,North,Retail,Divya,CUST1213,4.0,16862.33,5.0,64076.85,42022.75,Returned,Card,4.0
ORD00013,2024-01-03 04:34:23.315828957,Mouse,North,Wholesale,Arun,CUST1166,4.0,1771.53,5.0,6731.81,5697.09,Returned,UPI,2.0
ORD03839,2025-12-01 14:38:37.179294824,Laptop,North,Online,Meena,CUST1063,4.0,13077.04,0.0,52308.16,46615.6, returned,Net Banking,8.0
ORD00323,2024-02-28 18:42:45.641410353,Mouse,East,Wholesale,Divya,CUST1142,8.0,24167.2,0.0,193337.6,168712.54,Cancelled,Cash,4.0
ORD00986,2024-06-28 19:22:43.840960240,Monitor,North,Wholesale,Meena,CUST1244,3.0,45579.0,5.0,129900.15,111444.49,Returned,Cash,5.0
ORD03630,2025-10-24 10:59:41.095273824,Smartphone,West,Wholesale,Suresh,CUST1240,3.0,16190.02,5.0,46141.56,35119.26,Completed,Net Banking,7.0
ORD00433,2024-03-19 20:37:59.369842461,Printer,West,Online,Karthik,CUST1200,4.0,867.85,15.0,2950.69,2330.78,Returned,Card,5.0
ORD01092,2024-07-18 00:00:00,Mouse,East,Wholesale,Anita,CUST1088,8.0,23294.55,10.0,167720.76,121763.02,Completed,Net Banking,3.0
ORD02895,2025-06-12 06:53:23.000750192,Monitor, north,Online,Arun,CUST1128,1.0,1061.79,0.0,1061.79,746.29,Cancelled ,Cash,10.0
ORD02837,2025-06-01 16:47:10.307576896,Mouse,West,Online,Rahul,CUST1024,1.0,57780.86,5.0, 54891.82 ,39990.91,Cancelled,Net Banking,5.0
ORD02892,2025-06-11 17:44:47.171792952,smartphone ,South,Wholesale,Karthik,CUST1036,2.0,15518.64,20.0,24829.82,16806.38,Pending,Card,6.0
ORD02239,2025-02-12 12:53:28.402100528,Laptop,South,Online,Meena,CUST1028,1.0,14559.3,15.0,12375.4,9151.02,Pending,Net Banking,6.0
ORD03124,2025-07-24 02:09:37.944486128,Smartphone,East,Wholesale,Arun,CUST1175,2.0,792.04,20.0,1267.26,1076.35,Returned,Cash,11.0
ORD03685,2025-11-03 11:57:17.959489872,Headset,West,Retail,Meena,CUST1225,5.0.0,2220.17,15.0,9435.72,8258.4,Pending,UPI,3.0
ORD01806,2024-11-25 11:52:37.089272320,Tablet,North,Wholesale,Meena,CUST1005,4.0,22564.38,5.0,85744.64,58799.41,Pending,UPI,3.0
ORD01316,2024-08-28 01:08:25.026256564,Keyboard,West,Online,Priya,CUST1016,5.0,29337.74,5.0,139354.27,115101.65,Returned,Card,1.0
ORD02958,2025-06-23 18:53:55.408852216,Mouse,West,Retail,Divya,CUST1042,3.0,15093.27,0.0,45279.81,30385.16,Completed,Card,6.0
ORD01097,2024-07-19 01:40:49.512378096,Monitor,East,Wholesale,Divya,CUST1173,7.0,12737.56,15.0,75788.48,59881.25,Returned,Net Banking,5.0
ORD01946,2024-12-21 01:13:49.107276820,Monitor,East,Retail,Suresh,CUST1016,4.0,981.78,10.0,3534.41,2766.82,Returned,Cash,7.0
ORD01033,2024-07-07 09:17:25.161290324,Headset,South,Online,Priya,CUST1215,,2096.76,5.0,7967.69,6745.2,Cancelled,Net Banking,12.0
ORD01019,2024-07-04 19:57:17.959489874,Keyboard,East,Retail,Rahul,CUST1007,1.0,,20.0,8266.31,5685.66,Completed,Cash,10.0
ORD00239,2024-02-13 10:42:02.430607652,Smartphone,east,Retail,Anita,CUST1089,7.0,10158.8,20.0,56889.28,44855.12,Cancelled,UPI,11.0
ORD00175,2024-02-01 18:18:38.079519880,Monitor,,Wholesale,Anita,CUST1270,1.0,2387.15,5.0,2267.79,1828.89,Returned,Cash,3.0
ORD02241,2025-02-12 21:39:12.288072020,Laptop,South,Retail,Priya,CUST1132,7.0,10537.5,15.0,62698.12,48148.08,Cancelled,Card,1.0
ORD02568 ,2025-04-13 14:16:17.644411104,Laptop,West,Wholesale,Arun, CUST1247,5.0,2100.47,15.0,8927.0,6643.89,Cancelled,UPI,11.0
ORD00819,2024-05-29 07:44:09.362340586,Keyboard,North,Online,Meena,CUST1101,8.0,21202.58,15.0,144177.54,99209.14,Completed,Cash,12.0
ORD00991,2024-06-29 17:17:03.555888974,Headset,West,Retail,Karthik,CUST1295,7.0,1596.59,0.0,11176.13,9507.1,Cancelled,Card, 12.0 
ORD01917,2024-12-15 18:10:42.760690176,Keyboard,West,Online,Karthik,CUST1091,3.0,2791.26,15.0,7117.71,5310.9,Cancelled,UPI,8.0
ORD01114,2024-07-22 04:09:32.543135784,Tablet,South,Wholesale,Priya,CUST1065,250,51065.05,5.0,5000000,10000000,Pending,Net Banking,7.0
ORD01379,2024-09-08 13:08:57.434358592,Printer,West,Retail,Rahul,CUST1192,5.0,890.28,0.0,4451.4,3884.0,Completed,Cash,8.0
ORD01427,2024-09-17 07:26:30.697674420,Laptop,South,Online,Rahul,CUST1071,7.0,1600.15,10.0,10080.95,8866.8,Cancelled,Net Banking,3.0
ORD00411,2024-03-15 20:14:56.624156039,Keyboard,South,Retail,Divya,CUST1039,5.0,60996.5,5.0,289733.38,188662.21,Pending,Net Banking,6.0
ORD01139,2024-07-26 17:41:11.117779446,Mouse,East,Retail,Karthik,CUST1291,6.0,,20.0,78313.97,60816.01,Cancelled,NetBanking,12.0
ORD00818,2024-05-29 03:21:17.419354840,Tablet,East,Wholesale,Arun,CUST1156,7.0,17306.76,0.0,121147.32,85852.32,Returned,Card,10.0
ORD02963,2025-06-24 16:48:15.123780944,Keyboard,South,Online,Divya,CUST1165,6.0,1635.05,20.0,7848.24,6509.25,Cancelled,Net Banking,6.0
ORD01733,2024-11-12 00:00:00,Tablet,South,Online,Priya,CUST1215,7.0,10614.82,5.0,70588.55,58326.24,Returned,UPI,9.0
ORD02349,2025-03-04 14:48:42.130532632,Monitor,West,Wholesale,Priya,CUST1224,2.0,2504.97,15.0,4258.45,3308.56,Completed,UPI,6.0
ORD01451,2024-09-21 16:35:17.329332336,Smartphone,North,Online,Suresh,CUST1023,1.0,10392.38,0.0,10392.38,8744.01,Pending,Net Banking,7.0
ORD00228,2024-02-11 10:30:31.057764441,Mouse,South,Wholesale,Meena,CUST1280,5.0,10320.37,15.0,43861.57,33911.85,Pending,UPI,12.0
ORD02701,2025-05-07 20:57:26.061515384,Printer,East,Retail,Suresh,CUST1199,2.0,1634.11,15.0,2777.99,2477.09,Pending,Net Banking,12.0
ORD01581,2024-10-15 10:07:49.917479372,Printer,West,Wholesale,Karthik,CUST1028,2.0,21555.84,15.0,36644.93,24019.96,Completed,UPI,2.0
ORD01162,2024-07-30 22:27:05.806451612,Keyboard,North,Wholesale,Priya,CUST1225,3.0,12466.15,5.0%,35528.53,25841.43,Pending,Cash, 10.0 
ORD00352,2024-03-05 01:45:51.987997,Laptop,North,Retail,Divya,CUST1287,6.0,2352.94,10.0,12705.88,8685.79,Returned,Cash,12.0
ORD01394,2024-09-11 06:51:56.579144788,Mouse,East,Online,Meena,CUST1084,7.0,13989.91,20.0,78343.5,54780.24,Returned,UPI,6.0
ORD01264,2024-08-18 13:19:23.990997752,Headset,South,Online,Karthik,CUST1196,2.0,13437.81,5.0,25531.84,22707.05, returned,Net Banking,8.0
ORD01238,2024-08-13 19:24:53.473368344,,South,Retail,Meena,CUST1060,8.0,15180.29,5.0,115370.2,100082.76,Cancelled, upi,4.0
ORD01201,2024-08-07 01:18:51.582895724,Tablet,West,Retail,Meena,cust1268,7.0,2356.54,20.0,13196.62,8814.39,Completed,UPI,12.0
ORD02179,2025-02-01 14:01:31.822955740,Keyboard,East,Online,Meena,CUST1263,4.0,10792.51,0.0,43170.04,34812.87,Returned,UPI,3.0
ORD02467,2025-03-26 03:46:51.402850712,Laptop,West,Wholesale,Rahul,CUST1186 ,6.0,13993.9,20.0,67170.72,51131.23,Returned,Card,11.0
ORD02011,2025-01-01 22:00:05.401350340,Printer,West,Online,Rahul,CUST1144,4.0,14521.04,5.0,55179.95,39185.1,Returned,Card, 2.0 
ORD01378,2024-09-08 08:46:05.491372844,Printer,North,Wholesale,Anita,CUST1065,7.0,1035.27,10.0,6522.2,4713.11,Completed,Card,2.0
ORD00070,2024-01-13 14:17:44.066016504,Keyboard,West,Online,Meena,CUST1136,4.0,52299.87,10.0,188279.53,168123.36,Pending,Net Banking,2.0
ORD03598,2025-10-18 14:47:58.919729936,Smartphone,West,Wholesale,Rahul,CUST1114,5.0,24476.84,5.0,116264.99,91319.18,CANCELLED,Card,12.0
ORD00046,2024-01-09 05:08:57.434358589,Keyboard,West,Online,Rahul,CUST1121,8.0,1553.5,5.0,11806.6,9779.54,Cancelled,Cash,6.0
ORD01069,2024-07-13 23:00:35.108777196,Keyboard,South,RETAIL,Rahul,CUST1139,7.0,10183.04,0.0,71281.28,59368.33,Cancelled,Cash,10.0
ORD03494,2025-09-29 15:09:56.849212304,Laptop,West,Wholesale,Arun,CUST1225,4.0,877.14,15.0,2982.28,2289.43,Pending,UPI,11.0
ORD00184,2024-02-03 09:44:25.566391598,Headset,East,Online,Priya,,3.0,2915.07,20.0,6996.17,6131.01,Pending,Net Banking,11.0
ORD02251,2025-02-14 17:27:51.717929484,Headset,East,Online,Meena,CUST1208,2.0,1864.35,10.0,3355.83,2612.27,Cancelled,Card,5.0
ORD01414,2024-09-14 22:29:15.438859716,Keyboard,West,Retail,Arun,CUST1272,1.0,1948.3,5.0,1850.88,1247.22,Pending,UPI,4.0
ORD01587,2024-10-16 12:25:01.575393848,Monitor,East,Online,Anita,CUST1009,2.0,10529.01,0.0,21058.02,14532.47,Completed ,Card,8.0
ORD01271,2024-08-19 19:59:27.591897976,Mouse,East,Wholesale,Suresh,CUST1209,5.0,58139.1,15.0,247091.17,207934.38,Cancelled,Card,6.0
ORD01415,2024-09-15 02:52:07.381845464,Laptop,West,Online,Priya,CUST1141,4.0,2435.83,15.0,8281.82,5443.58,Returned,UPI,9.0
ORD00140,2024-01-26 08:58:20.075018754,Printer ,West,Online,Priya,CUST1256,1.0,30035.83,5.0,28534.04,24223.92,Completed,Card,12.0
ORD03354,2025-09-04 01:48:44.831207808,Laptop,East,Online,Rahul,CUST1074,7.0,2886.93,15.0,17177.23,13505.96,Returned,Cash,4.0
ORD03212,2025-08-09 00:00:00,Laptop,West ,Retail,Rahul,CUST1176,2.0,756.87,0.0,1513.74,1083.18,Completed,Card,7.0
ORD00310,2024-02-26 09:45:30.382595649,Smartphone,South,Retail,Suresh,CUST1283,5.0,24425.11,,109913.0,92004.32,Cancelled,CASH,9.0
ORD00267,2024-02-18 13:22:16.834208552,MOUSE,East,Online,Divya,CUST1065,3.0,64833.41,15.0,165325.2,130418.09,Cancelled,UPI,1.0
ORD03151,2025-07-29 00:27:00.405101280,Mouse,North,Retail,Anita,CUST1011,6.0,1983.33,5.0,,8599.29,Returned,Net Banking,6.0
ORD02169,2025-01-30 18:12:52.393098276,Monitor,East,Wholesale,Divya,CUST1206,7.0,56969.33,0.0,398785.31,,Cancelled,Net Banking,12.0
ORD03208,2025-08-08 10:10:21.155288824,Printer,North,Retail,Anita,CUST1194,5.0,1605.05,20.0,6420.2,4854.95,Returned,Net Banking,3.0
ORD00064,2024-01-12 12:00:32.408102025,Keyboard,North,,Karthik,CUST1155,2.0,2006.07,5.0,3811.53,3297.67,Completed,Card,5.0
ORD02572,2025-04-14 07:47:45.416354088,Keyboard,East,Wholesale,Meena,CUST1157,6.0,56618.09,10.0,305737.69,257304.81,Pending,Net Banking,9.0
ORD01992,2024-12-29 10:45:38.484621156,Keyboard,West,,Anita,CUST1073,7.0,1621.36,10.0,10214.57,7216.8,Completed,Cash,2.0
ORD01579,2024-10-15 00:00:00,,South,Wholesale,Suresh,CUST1241,4.0,2082.71,0.0,8330.84,5548.35,Completed,Card,11.0
ORD02683,2025-05-04 14:05:51.087771944,Smartphone,East,Online,Meena,CUST1217,8.0,12065.52,15.0,82045.54,73641.72,Completed,UPI,12.0
ORD00145,2024-01-27 06:52:39.789947487,Keyboard ,West,Wholesale,Anita,CUST1130,1.0,13847.32,10.0,12462.59,9941.51,Completed,Card,5.0
ORD03457,2025-09-22 21:03:54.958739688,Printer,East,Retail,Karthik,CUST1122,5.0,10706.44,10.0,48178.98,33910.28,Completed,UPI,5.0
ORD03402,2025-09-12 20:06:18.094523632,Keyboard,East,Online,Anita,CUST1128,7.0,1618.16,10.0,10194.41,7809.81,Pending,Cash,12.0
ORD03993,2025-12-29 17:19:56.399099776,Tablet,North,Retail,Anita,CUST1163,5.0,2444.8,15.0,10390.4,8785.09,Pending,UPI,2.0
ORD01406,2024-09-13 11:26:19.894973744,Printer,South,Wholesale,Rahul,CUST1108,8.0,13635.64,15.0,92722.35,75119.36,Returned,UPI,6.0
ORD03667,2025-10-31 05:05:42.985746440,Headset,West,Online,Karthik,CUST1035,2.0,2086.54,10.0,3755.77,2928.09,Cancelled,Card,12.0
ORD02580,2025-04-15 18:50:40.960240064,Printer,North,Online,Meena,CUST1155,2.0,1783.25,5.0,3388.17,2393.56,Returned,UPI,5.0
ORD00777,2024-05-21 15:43:47.756939236,Monitor,West,Online,Priya,CUST1143,1.0,1003.42,15.0,852.91,,Cancelled,UPI,2.0
ORD02172,2025-01-31 07:21:28.222055516,Printer,West,Online,Arun,CUST1051,7.0,24538.26,0.0,171767.82,147133.77,Returned,Cash,6.0
ORD03025,2025-07-06 00:25:55.588897224,Smartphone,West,Online,Priya,CUST1186,4.0,2003.88,5.0,7614.74,6731.74,Pending,Card,4.0
ORD01965,2024-12-24 12:28:16.024006004,Keyboard,North,Online,Suresh,CUST1142,unknown,960.93,10.0,2594.51,1764.52,Cancelled,UPI,2.0
ORD00970,2024-06-25 21:16:52.753188298,Printer,East,Retail,Meena,CUST1022,6.0,899.43,15.0,4587.09,3069.98,Cancelled,UPI,7.0
ORD02282,2025-02-20 09:16:41.950487624,Monitor,East,Retail,Rahul,CUST1075,6.0,2841.78,15.0,14493.08,9598.84,Pending,Net Banking,11.0
ORD00252,2024-02-15 19:39:17.689422356,Headset,East,Wholesale,Arun,CUST1024,3.0,838.29,20.0,2011.9,1717.05,Completed,NetBanking,1.0
ORD03615,2025-10-21 17:16:41.950487624,Keyboard,West,Retail,Suresh,CUST1133,2.0,25543.63,5.0,48532.9,36683.08,Pending,UPI,3.0
ORD00865,2024-06-06 17:15:58.739684922,Smartphone,North,Retail,Suresh,CUST1288,8.0,13356.35,20.0,85480.64,68709.75,Returned,Net Banking,10.0
ORD00810,2024-05-27 16:18:21.875468868,Monitor,South,Wholesale,Divya,CUST1194,250,2552.01,10.0,12000000,10000000,Returned,Net Banking,4.0
ORD01599,2024-10-18 16:59:24.891222808,Smartphone,North,Online,Anita,CUST1118,7.0,63734.19,15.0,379218.43,329571.1,Cancelled,UPI,1.0
ORD02593,2025-04-18 03:47:56.219054768,Printer,West,Wholesale,Priya,CUST1046,3.0,30534.35,20.0,73282.44,"64,879.41",Pending,Card,4.0
ORD03493,2025-09-29 10:47:04.906226560,Keyboard,SOUTH,Online,Anita,CUST1016,2.0,61782.18,20.0,98851.49,71746.61,Returned,Net Banking,2.0
ORD01299,2024-08-24 22:39:41.995498876,Tablet,East,Online,Priya,CUST1027,5.0,2294.27,5.0,10897.78,8436.78,Cancelled,Net Banking,6.0
ORD03871,2025-12-07 10:50:19.354838712,Headset,North,Retail,Rahul,CUST1262,3.0,"₹15,560.28",15.0,39678.71,27417.31,Pending,Net Banking,3.0
ORD00280,2024-02-20 22:19:32.093023256,Laptop,North,Retail,Karthik,CUST1047,3.0,N/A,10.0,82543.81,66454.15,,Cash,7.0
ORD01462,2024-09-23 16:46:48.702175544,Printer,East,Retail,Anita,CUST1047,1.0,16710.61,5.0,15875.08,11039.59,Completed,Card,1.0
ORD01423,2024-09-16 13:55:02.925731436,Printer,North,ONLINE,Meena,CUST1248,7.0,12333.17,0.0,86332.19,63823.69,Completed,Card,11.0
ORD03284,2025-08-22 07:08:08.822205552,Tablet,East,Online,Meena,CUST1013,6.0,2677.31,0.0,16063.86,12690.92,Completed,Net Banking,9.0
ORD01573,2024-10-13 23:04:54.373593400,Monitor,West,Wholesale,Divya,CUST1071,8.0,2291.97,0.0,18335.76,13607.19,Pending,Card,3.0
ORD00359,2024-03-06 08:25:55.588897225,Tablet,East,Wholesale,Priya,CUST1181,6.0,2014.24,5.0,11481.17,10232.67,Returned,Net Banking,11.0
ORD03928,2025-12-17 20:33:40.105026264,Smartphone,East,Wholesale,Divya,CUST1144,6.0,11981.22,5.0,68292.95,51580.28,Cancelled,Net Banking,9.0
ORD00300,2024-02-24 13:56:50.952738185,Keyboard,South,Retail,Rahul,CUST1054,2.0,2223.06,0.0,4446.12,2935.4,Completed ,Cash,3.0
ORD01076,2024-07-15 05:40:38.709677420,Monitor,South,Wholesale,Karthik,CUST1074,1.0,20694.85,5.0,19660.11,13633.11,Pending,Net Banking,1.0
ORD01030,2024-07-06 20:08:49.332333084,Smartphone,North,Retail,Suresh,CUST1186,8.0,15815.26,10.0,113869.87,89542.48,Completed,Cash,9.0
ORD00535,2024-04-07 11:30:17.554388598,,East,Online,Suresh,CUST1007,7.0,14214.96, 15.0 ,84579.01,61049.95,Cancelled,Net Banking,7.0
ORD03318,2025-08-28 12:05:34.883720936,Tablet,East,Retail,Karthik,CUST1292,6.0,2625.44,10.0,14177.38,10413.28,Returned,UPI,6.0
ORD03253,2025-08-16 15:19:18.589647416,,North,Retail,Karthik,CUST1189,4.0,765.46,15.0,2602.56,2217.14,Completed,UPI,5.0
ORD01771,2024-11-19 02:32:19.084771196,Smartphone,North,Retail,Karthik,CUST1206,3.0,806.2,0.0%,2418.6,2061.27,Completed,Cash,11.0
ORD02919,2025-06-16 00:00:00,Smartphone,South,Online,Suresh,CUST1133,1.0,1025.26,20.0,820.21,617.4,Completed,Card,5.0
ORD00416,2024-03-16 18:09:16.339084772,Headset,East,Wholesale,Arun,CUST1007,8.0,19818.87,0.0,158550.96,120991.8,Pending,Net Banking,10.0
ORD00840,2024-06-02 03:44:20.165041262,Smartphone,North,Wholesale,Arun,CUST1044,2.0,24709.13,5.0,46947.35,38672.31,Cancelled,Net Banking,1.0
ORD02628,2025-04-24 13:08:14.223555888,Printer,North,Retail,Anita,CUST1095,7.0,16959.98,5.0,112783.87,86859.37,Returned,UPI,11.0
ORD03805,2025-11-25 09:41:11.117779448,Tablet,West,Online,Anita,CUST1300,7.0,14116.83,10.0,88936.03,62504.43,Cancelled,Net Banking,3.0
ORD01043,2024-07-09 05:06:04.591147788,Printer,West,Retail,Priya,CUST1071,2.0,28390.11,15.0,48263.19,37377.58,Cancelled,UPI,6.0
ORD01498,2024-09-30 06:29:58.649662416,Printer,North,Wholesale,Meena,CUST1269,8.0,24287.69,15.0,165156.29,143078.85,Cancelled,Cash,12.0
ORD01399,2024-09-12 04:46:16.294073520,Mouse,East,Wholesale,Priya,CUST1021,3.0,46547.01,10.0,125676.93,101243.55,Pending,Cash,6.0
ORD00309 ,2024-02-26 05:22:38.439609903,Monitor,North,Online,Suresh,CUST1041,3.0,18523.74,5.0,52792.66,37969.51,Returned,Card,11.0
ORD01533,2024-10-06 15:50:16.654163544,Printer,East,Wholesale,Arun,CUST1082,5.0,57940.4,5.0,275216.9,197289.37,Pending,UPI,6.0
ORD02488,2025-03-29 23:47:02.205551392,Printer,South,Online,Rahul,CUST1226,8.0, 25501.9 ,0.0,,155394.63,Completed ,UPI,1.0
ORD03285,2025-08-22 11:31:00.765191304,Headset,East,Retail,Divya,CUST1003,8.0,11509.52,10.0,"82,868.54",62570.92,Cancelled,Upi,5.0
ORD02619,2025-04-22 21:42:26.736684176,Monitor,North,Online,Rahul,CUST1298,4.0,2672.55,0.0,10690.2,8716.1,Returned,Net Banking,6.0
ORD01074,2024-07-14 20:54:54.823705928,Printer,East,Wholesale,Meena,CUST1040,6.0,"₹1,773.60",20.0,8513.28,6295.14,Pending,UPI,12.0
ORD03300,2025-08-25 05:13:59.909977496,Laptop,West,Online,Suresh,CUST1023,8.0,2072.65,15.0,14094.02,11210.34,Completed,Net Banking,5.0
ORD03053,2025-07-11 03:06:09.992498128,Printer,South,Online,Divya,CUST1243,6.0,10387.07,15.0,52974.06,36797.37,Pending,Cash,9.0
ORD03518,2025-10-04 00:18:43.480870224,Smartphone,North,Retail,Rahul,CUST1296,6.0,882.42,15.0,4500.34,3865.93,Returned,Net Banking,5.0
ORD00762,2024-05-18 22:00:48.612153038,Tablet,North,Retail,Suresh,CUST1244,7.0,26504.36,5.0,176253.99,119034.05,Pending,Cash,10.0
ORD02772,2025-05-20 20:00:54.013503376,Laptop,South,Retail,Priya,CUST1251,5.0,2038.46,10.0,"₹9,173.07",7861.75, returned,Cash,3.0
ORD01111,2024-07-21 15:00:56.714178546,Headset,West,Online,Anita,CUST1145,4.0,1931.99,20.0,6182.37,4854.24,Completed,UPI,8.0.0
ORD01877,2024-12-08 10:56:05.041260316,Mouse,North,Retail,Arun,CUST1114,4.0,1679.39,0.0,6717.56,5526.97,Pending,UPI,9.0
ORD02054,2025-01-09 18:23:18.949737436,Headset,North,Online,Rahul,CUST1094,1.0,2918.77,0.0,2918.77,1933.99,Completed,Card,5.0
ORD00059,2024-01-11 14:06:12.693173293,Laptop,West ,Retail,Karthik,CUST1250,7.0,2773.3,10.0,17471.79,12171.59, pending,Cash,5.0
ORD00077,2024-01-14 20:57:47.666916729,Headset,West,Online,Meena,CUST1137,6.0,13082.43,20.0,62795.66,48501.06,Pending,Cash,8.0
ORD00369,2024-03-08 04:14:35.018754689,Monitor,South,Wholesale,Divya,CUST1196,8.0,865.15,5.0,6575.14,5616.15,Completed,Net Banking,5.0
ORD02430,2025-03-19 09:40:49.512378096,Tablet,West,Wholesale,Meena,CUST1287,3.0,63269.42,0.0,189808.26,165487.6,Returned,UPI,4.0
ORD03201,2025-08-07 03:30:17.554388600,Monitor,South,Retail,Priya,CUST1010,1.0,"₹58,647.34",5.0,55714.97, 48506.03 ,Returned,Card,5.0
ORD00734,2024-05-13 19:20:34.208552138,Tablet,East,Wholesale,Suresh,CUST1263,1.0,"25,779.22",0.0,25779.22,19378.94,Cancelled,Cash,10.0
ORD03830,2025-11-29 23:12:49.692423112,Printer,West,Retail,Meena,CUST1019,1.0,21817.78,0.0,21817.78,17684.83,Completed,UPI,4.0
ORD02320,2025-02-27 07:45:35.783945992,Headset,South,Retail,Priya,CUST1031,2.0,23994.46,10.0,43190.03,36840.52,Pending,Card,4.0
ORD02385,2025-03-11 04:31:52.078019504,Printer,North,Retail,Suresh,CUST1089,1.0,966.86,0.0,966.86,711.99,Pending,Card,7.0
ORD02731,2025-05-13 08:23:24.351087776,Printer,South,Wholesale,Anita,CUST1234, 6.0 ,13296.59,5.0,75790.56,53842.73,Pending,UPI,8.0
ORD01840,2024-12-01 16:50:03.150787700,Laptop,East,Online,Karthik,CUST1277,1.0,24387.45,0.0,24387.45,18242.38,Cancelled,Card,9.0
ORD02665,2025-05-01 07:14:16.114028512,Headset,South,Retail,Meena,CUST1011,250,11738.91,15.0,5000000,4500000,Pending,Card,7.0
ORD00125,2024-01-23 15:15:20.930232558,Headset,South,Online,Divya,CUST1147,5.0.0,32673.29,15.0,138861.48,119872.5,Completed,UPI,
ORD03473,2025-09-25 19:09:46.046511632,Printer,North,Online,Priya,CUST1293,2.0,56313.19,15.0,95732.42,80494.09,Returned,Card,8.0
ORD03732,2025-11-12 01:51:59.279819960,Mouse,North,Retail,Karthik,CUST1167,2.0,13787.68,5.0,,19439.8,Cancelled,Cash,7.0
ORD02257,2025-02-15 19:45:03.375843964,Monitor,West,Online,Arun,CUST1126,2.0,23881.53,15.0,40598.6,32739.54,Completed,Net Banking,4.0
ORD02314,2025-02-26 05:28:24.126031512,Laptop,North,Wholesale,Divya,CUST1221,1.0,51666.01,0.0,51666.01,40048.64,Completed,Net Banking,3.0
ORD00430,2024-03-19 07:29:23.540885222,Printer,East,Retail,Anita,CUST1277,8.0,22513.54,20.0, 144086.66 ,96023.26,Pending,UPI,8.0
ORD01974,2024-12-26 03:54:03.510877720,Keyboard,West,Wholesale,Divya,CUST1187,5.0,58202.03,0.0,291010.15,232986.32,Completed,UPI,2.0
ORD03954,2025-12-22 14:28:10.622655664,Monitor,North,Wholesale ,Karthik,CUST1104,7.0,13003.9,20.0,72821.84,61826.99,Returned,Card,3.0
ORD00817,,Headset,East,Retail,Suresh,CUST1037,6.0,12712.42,15.0,64833.34,55034.59,Cancelled,Cash,12.0
ORD02717,2025-05-10 19:03:17.149287328,Keyboard, east,Retail,Karthik,CUST1079,6.0,1914.61,15.0,9764.51,6503.39,Returned,Cash,11.0
ORD03056,2025-99-99,Headset,West,Retail,,CUST1299,5.0,14058.44,10.0,63262.98,47071.76,Cancelled,Net Banking,12.0
ORD01692,2024-11-04 16:25:55.588897224,Smartphone,West,Retail,Meena,CUST1185,4.0,9974.56,5.0,37903.33,27096.87,Returned,Cash,9.0
ORD00388,2024-03-11 15:29:01.935483871,Keyboard,East,WHOLESALE,Karthik,CUST1193,6.0,60886.45,0.0,365318.7,251149.06,Returned,Cash,10.0
ORD00031,2024-01-06 11:25:58.289572393,Laptop,South,Online,Karthik,CUST1280,7.0,2399.81,20.0,13438.94,9646.97,Completed,Cash,unknown
ORD01176,2024-08-02 00:00:00,Laptop,South,Retail,Suresh,CUST1205,2.0,1888.19,15.0,3209.92,2819.34,Completed,Cash,6.0
ORD00204,2024-02-07 01:21:44.426106527,Monitor,West,Online,Divya,CUST1156,2.0,52806.19,5.0,100331.76,65487.48,Completed,Card,4.0
ORD01026,2024-07-06 02:37:21.560390098,Mouse,East,,Divya,CUST1241,6.0,54174.35,20.0,260036.88,200533.7,Cancelled,UPI,3.0
ORD03858,2025-12-05 01:53:04.096024008,Laptop,South,Retail,Suresh,CUST1053,4.0,1522.9,10.0,5482.44,4871.33,Returned,Cash,4.0
ORD03758,2025-11-16 19:46:29.797449368,Keyboard,West,Wholesale,Arun,CUST1030,5.0,12472.9,10.0,56128.05,47997.57,Returned,Card,12.0
ORD00894,2024-06-12 00:19:05.086271568,Tablet,South,Wholesale,Anita,CUST1245,4.0,57706.06,15.0,196200.6,157643.92,Cancelled,Net Banking,7.0
ORD02679,2025-05-03 20:34:23.315828960,Headset,South,Retail,Anita,CUST1161,5.0,1585.62,0.0,7928.1,7090.61,Cancelled,Net Banking,2.0
ORD02667,2025-05-01 16:00:00,Printer,East,Retail,Suresh,CUST1035,1.0,46821.95,0.0,46821.95,33983.6,Cancelled,Cash,3.0
ORD00479,2024-03-28 06:09:48.747186797,Headset,East,Online,Suresh,CUST1252,3.0,2517.03,20.0,6040.87,3997.49,Returned,Card,3.0
ORD01685,2024-11-03 09:45:51.987997,Mouse,South,Retail,Priya,CUST1031,2.0,10664.8,15.0,18130.16,14933.09,Cancelled,UPI,2.0
ORD01351,not a date,Smartphone,East,Wholesale,Rahul,CUST1139,8.0,28214.66,10.0,203145.55,181612.82,Cancelled,Card,6.0
ORD00444,2024-03-21 20:49:30.742685672,Mouse,West ,Wholesale,Meena,CUST1011,6.0,15824.83,20.0,75959.18,53896.51,Returned,Cash,12.0
ORD02771,2025-05-20 15:38:02.070517632,Smartphone,West,Retail,Rahul,CUST1298,1.0,24035.66,15.0,20430.31,16597.36,return,UPI,1.0
ORD01339,2024-09-01 05:54:19.714928732,Headset,East,Wholesale,Suresh,CUST1011,1.0,20952.87,15.0,17809.94,11835.11,Cancelled,UPI,7.0
ORD00193,2024-05-02 00:00:00,Printer,East,Wholesale,Priya,CUST1278,2.0,16269.38,0.0,32538.76,27686.26,Completed,UPI,8.0
ORD02970,2025-06-25 23:28:18.724681176,Smartphone, west,Retail,Divya,CUST1287,4.0,49832.15,15.0,169429.31,122043.51,Completed,UPI,5.0
ORD01129,2024-07-24 21:52:31.687921982,Printer,West,Retail,Meena,CUST1015, 2.0 ,22138.18,15.0,37634.91,28512.47,Pending,Card,10.0
ORD00007,2024-01-02 00:00:00,Headset,West,Retail,Meena,CUST1167,4.0,24632.95,5.0,93605.21,65812.4,Completed,Card,1.0
ORD00440,2024-03-21 03:18:02.970742686,Printer,East,Retail,Karthik,CUST1022,4.0,23233.13,15.0,78992.64,55728.76,Completed,Cash,8.0
ORD00290,2024-02-22 18:08:11.522880720,Tablet,North,Wholesale,Divya,CUST1184,6.0,11965.94,5.0,68205.86,48737.25,Completed,cash ,10.0
ORD01107,2024-07-20 21:29:28.942235560,Tablet,West,Wholesale,Priya,CUST1239,7.0,1487.67,5.0,9893.01,8811.73,Completed,Cash,11.0
ORD03694,2025-11-05 03:23:05.446361592,Printer,South,Wholesale,Anita,CUST1292,7.0,12811.59,15.0,76228.96,68146.23,Returned,Cash,6.0
ORD03417,2025-09-15 13:49:17.239309832,Printer,North,Wholesale,Anita,CUST1159,7.0,55228.21,20.0,309277.98,272050.31,Completed,Card,2.0
ORD03941,2025-12-20 05:30:55.363840960,Laptop,East,Wholesale,Rahul,CUST1132,5.0,12591.86,20.0,50367.44,38496.22,Returned,UPI,5.0
ORD01922,2024-12-16 16:05:02.475618908,Mouse,South,Online,Priya,CUST1254,8.0,892.09,15.0,6066.21,4561.41,,Card,6.0
ORD02478,2025-03-28 03:58:22.775693928,Printer,North,Online,Divya,CUST1120,N/A,11785.51,15.0,70123.78,58710.49,Pending,Net Banking,2.0
ORD02368,2025-03-08 02:03:09.047261816,Laptop,South,Online,Suresh,CUST1179,7.0,21449.84,0.0,150148.88,102068.98,Pending,Cash,8.0
ORD01736,2024-11-12 17:12:01.080270068,Printer,North,Wholesale,Rahul,CUST1097,8.0,45479.07,15.0,309257.68,261253.36,Pending,Net Banking,6.0
ORD02685,2025-05-04 22:51:34.973743440,Keyboard,West,Wholesale,Priya,CUST1198,4.0,30743.29,0.0,122973.16,85173.13,Pending,UPI,7.0
ORD03883,2025-12-09 00:00:00,Printer,South,Online,Suresh,CUST1172,1.0,1903.31,0.0,1903.31,1534.4,Cancelled,Net Banking,7.0
ORD00195,2024-02-05 09:55:56.939234809,Tablet,East,Online,Karthik,CUST1276,2.0,13082.66,20.0,20932.26,17828.19,Returned,Card,12.0
ORD00451,2024-03-23 03:29:34.343585897,Laptop,East,Wholesale,Suresh,CUST1189,2.0,2237.1,15.0,3803.07,2497.22,Completed,,9.0
ORD01594,2024-10-17 19:05:05.176294076,Mouse,East,Retail,Suresh,CUST1089,6.0,26557.41,15.0,135442.79,100017.36,Pending,Cash, 8.0 
ORD01106,2024-07-20 17:06:36.999249814,Tablet,West,Online,Rahul,CUST1160,6.0,30559.94,15.0,155855.69,132668.52,Returned,Net Banking,1.0.0
ORD00030,2024-01-06 07:03:06.346586646,Keyboard,South,Online,Divya,CUST1067,2.0,45995.5,15.0,78192.35,57184.61,Cancelled,Card,12.0
ORD00786,2024-05-23 07:09:35.243810954,Keyboard,North,Wholesale,Meena,CUST1126,7.0,28873.01,15.0,171794.41,118882.34,Returned,Card,10.0
ORD03998,2025-12-30 15:14:16.114028512,Smartphone,South,Online,Priya,CUST1273,6.0,18965.09,0.0,113790.54,81734.6,Returned,Net Banking,3.0
ORD02623,2025-04-23 15:13:54.508627160,key board,West,Retail,Rahul,CUST1180,8.0,2695.54,15.0,18329.67,14581.57,Returned,Cash,8.0
ORD02908,2025-06-14 15:50:38.259564896,Smartphone,West,,Anita,CUST1046,8.0,10142.7,10.0,73027.44,48501.64,Pending,UPI,7.0
ORD03388,2025-09-10 00:00:00,Keyboard,South,Retail,Meena,,7.0,2436.85,10.0,15352.16,11081.41,Cancelled,UPI,2.0
ORD03787,2025-11-22 02:49:36.144036016,Laptop,East,Wholesale,Rahul,CUST1053,1.0,785.98,15.0,668.08,558.9,Completed,Card,8.0
ORD00882,2024-06-09 19:44:41.770442612,Keyboard,West,Wholesale,Divya,CUST1136,6.0,1539.56,0.0,9237.36,7131.8,Completed,UPI,3.0
ORD03700,2025-11-06 05:40:17.104276072,Laptop,East,Online,Suresh,CUST1174,6.0,960.27,5.0,5473.54,3899.76,Returned,Card,7.0
ORD02370,2025-03-08 10:48:52.933233312,Keyboard,West,Retail,Priya,CUST1130,3.0,26738.24,0.0,80214.72,64599.53,Returned,Card,12.0
ORD02737,2025-05-14 10:40:36.009002256,Headset,South,Online,Rahul,CUST1168,4.0,10103.11,20.0,32329.95,26684.86,Cancelled,Net Banking,1.0
ORD03595,2025-10-18 01:39:23.090772696,Printer,South,Retail,Priya,CUST1164,1.0,22015.33,5.0,20914.56,16758.16,Cancelled,UPI,11.0
ORD00223,2024-02-10 12:36:11.342835709,Printer,South,Wholesale,Meena,CUST1293,5.0,61193.43,15.0,260072.08,230635.08,Pending,Net Banking,3.0
ORD01996,2024-12-30 04:17:06.256564144,Keyboard,West,Wholesale,Suresh,CUST1076,3.0,18701.52,10.0,50494.1,35486.32,,Card,9.0
ORD01718,2024-11-09 10:20:26.106526632,Mouse,North,Online,Rahul,CUST1237,8.0,23642.58,10.0,170226.58,127211.62,Returned,UPI,12.0
ORD00574,2024-04-14 14:22:03.330832708,Printer,East,Retail,Arun,CUST1188,1.0,996.37,0.0,996.37,811.66,Cancelled,Card,11.0
ORD03329,2025-08-30 12:17:06.256564144,Mouse,East,Wholesale,Rahul,CUST1034,1.0,13656.44,15.0,11607.97,8475.47,Cancelled,Card,1.0
ORD03378,not a date,Tablet,South,Retail,Arun,CUST1013,3.0,22974.4,5.0,65477.04,49919.42,Cancelled,Card,3.0
ORD01538,2024-10-07 13:44:36.369092276,Headset,North,Online,Divya,CUST1265,7.0,22773.53,20.0,127531.77,,Pending,Net Banking,12.0
ORD01259,2024-08-17 00:00:00,Tablet,East,Wholesale,Karthik,CUST1206,7.0,12403.23,20.0,69458.09,53427.92,Pending,Card,7.0
ORD02755,2025-05-17 17:32:10.982745688,Monitor,North,Online,Divya,CUST1261,7.0,10955.03,0.0,76685.21,58740.59,Cancelled,UPI,9.0
ORD01346,2024-09-02 12:34:23.315828960,Tablet,North,Wholesale,Suresh,CUST1186,2.0,2527.84,20.0,4044.54,3230.71,Pending,Cash,7.0
ORD00081,2024-01-15 14:29:15.438859715,Keyboard,West,Online,Anita,CUST1276,1.0,1714.32,10.0,1542.89,1246.77,Returned,Cash,6.0
ORD00258,2024-02-16 21:56:29.347336834,Mouse,North,Wholesale,Karthik,CUST1211,3.0,45995.33,15.0,117288.09,77010.39,Returned,Card,2.0
ORD00296,2024-02-23 20:25:23.180795199,,North,Wholesale,Priya,CUST1255,1.0,10439.73,5.0,9917.74,8035.54,PENDING,Cash,12.0
ORD02093,2025-01-16 21:15:04.726181548,Smartphone,North,Retail,Rahul,CUST1291,5.0,10415.47,20.0,41661.88,33666.93,Returned,Card,
ORD01035,2024-07-07 18:03:09.047261816,Monitor,East,Online,Divya,CUST1173,3.0,791.36,15.0,2017.97,1478.27,Completed,UPI,-3
ORD01546,2024-10-09 00:47:31.912978244,Mouse,West,Wholesale,Rahul,CUST1134,1.0,883.88,20.0, 707.1 ,628.89,Pending,UPI,4.0
ORD01841,2024-12-01 21:12:55.093773444,Laptop,East,,Arun,CUST1168,4.0,13083.32,0.0,52333.28,35658.41,Pending,Cash,4.0
ORD01741,2024-11-13 15:06:20.795198800,Mouse,South,Retail,Meena,CUST1116,8.0,1575.59,5.0,11974.48,9497.58,Pending,Cash,4.0
ORD02376,2025-03-09 13:06:04.591147792,Monitor,South,Online,Arun,CUST1030,7.0,14142.72,20.0,79199.23,60274.25,Completed,upi,9.0
ORD00655,2024-04-29 09:14:10.712678170,Tablet,West,Online,Meena,CUST1077,6.0,20728.45,15.0,105715.1,90249.64,Completed,Card, 3.0 
ORD02777,,Mouse,South,Online,Priya,CUST1060,4.0,1043.53,20.0,3339.3,2680.1,Cancelled,Card,6.0
ORD02856,2025-06-05 04:01:37.224306080,Keyboard,East,Wholesale,Divya,CUST1263, 2.0 ,10569.0,10.0,19024.2,16971.14,Returned,Net Banking,4.0
ORD02326,2025-02-28 10:02:47.441860464,Keyboard,South,Retail,Meena,CUST1255,3.0,12589.63,15.0,32103.56,26625.61,Returned,Cash,10.0
ORD03183,2025-08-03 20:38:42.580645168,Laptop,South,Retail,Arun,CUST1128,5.0,885.57,15.0,3763.67,2994.14,Completed,UPI,8.0
ORD03568,2025-10-13 03:22:00.630157544,Monitor,West,Retail,Rahul,CUST1081,4.0,27863.34,10.0,100308.02,83720.56,Pending,Card,1.0
ORD03571,2025-10-13 16:30:36.459114784,Headset,West,Online,Rahul,CUST1021,8.0,"₹2,088.86",5.0,15875.34,10845.14,Returned,Net Banking,9.0
ORD02813,2025-05-28 07:38:23.675918984,Smartphone,North,Online,Suresh,CUST1022,1.0,12563.34,15.0,10678.84,9193.76,Completed,Card,3.0
ORD02531,2025-04-06 20:10:15.753938488,Keyboard,East, retail,Anita,CUST1209,6.0,13869.99,20.0,66575.95,58630.86,Returned,Card,12.0
ORD00656,2024-04-29 13:37:02.655663916,Tablet,West,Retail,Priya,CUST1254,8.0,,10.0,336141.14,293687.91,Completed,Net Banking,6.0
ORD01910,2024-12-14 11:30:39.159789948, monitor,East,Online,Priya,CUST1260,5.0,13385.41,0.0,66927.05,51489.5,Returned,Card,9.0
ORD01746,2024-11-14 13:00:40.510127532,Mouse,East,Wholesale,Priya,CUST1175,1.0,46774.39,20.0,37419.51,29999.66,Pending,Net Banking,10.0.0
ORD02416,2025-03-16 20:20:42.310577648,Keyboard,South,Online,Suresh,CUST1015,3.0,13280.62,15.0,33865.58,28273.27,Cancelled,UPI,9.0
ORD02214,2025-02-07 23:21:49.827456868,Printer,East,Online,Divya,CUST1131,5.0,19916.44,0.0,99582.2,67142.44,Pending,Net Banking,7.0
ORD00412,2024-03-16 00:00:00,Keyboard,North,Wholesale,Meena,CUST1256,4.0,846.05,20.0,2707.36,2029.28,Pending,Card,12.0
ORD00979,2024-06-27 12:42:40.240060016,Laptop,South,Retail,Priya,CUST1072,7.0,12615.88,15.0,75064.49,56697.11,Cancelled,Card,10.0.0
ORD01172,2024-08-01 18:15:45.236309080,Monitor,East,Online,Suresh,CUST1139,4.0,763.98,5.0,2903.12,2144.51,Pending,Card,6.0
ORD01432,,Tablet,South,Online,Arun,CUST1055,5.0.0,1045.95,0.0,5229.75,4159.77,Returned,UPI,8.0
ORD01075,2024-07-15 01:17:46.766691674,Keyboard,,Online,Suresh,CUST1170,5.0,14968.75,5.0,71101.56,60938.47,Cancelled,Net Banking,4.0
ORD01023,2024-07-05 13:28:45.731432860,Headset,East,Online,Meena,CUST1032,3.0,62130.77,20.0,149113.85,123869.41,Cancelled,Cash,1.0
ORD03227,2025-08-11 21:24:48.072018008,Headset,West,Retail,Anita,CUST1225,8.0,27297.86,20.0,174706.3,127548.65,Cancelled,UPI,4.0
ORD00721,2024-05-11 10:23:18.949737436,Headset,East,Online,Rahul,CUST1253,4.0,2104.5,5.0,7997.1,5385.85,Pending,UPI,4.0
ORD00153,2024-01-28 00:00:00,Keyboard,West,Online,Rahul,CUST1252,2.0,12976.71,10.0,23358.08,20881.26,Pending,UPI,3.0
ORD00949,2024-06-22 01:16:41.950487622,Smartphone,North,Wholesale,Divya,CUST1276,4.0,12501.06,5.0,47504.03,33110.6, completed,UPI,5.0
ORD02358,2025-03-06 00:00:00, laptop,West,Online,Arun,,8.0,55254.92,5.0,419937.39,,Pending,Card,8.0
ORD01831,2024-11-30 01:24:15.663915980,Smartphone,South,Online,Karthik,CUST1049,4.0,1806.39,5.0,6864.28,5322.01,Pending,UPI,6.0
ORD00103,2024-01-19 14:52:18.184546136,Mouse,North,Wholesale,Divya,CUST1009,3.0,57107.3,0.0,171321.9,111753.15,Pending,Cash,1.0
ORD03456,2025-09-22 16:41:03.015753944,Mouse,South,Retail,Divya,CUST1299,5.0,27153.99,20.0,108615.96,97153.0,Completed,Cash,6.0
ORD00732,2024-05-13 10:34:50.322580646,Headset,East,Wholesale,Meena,CUST1056,6.0,24034.46, 0.0 ,144206.76,117450.83,Completed,UPI,10.0
ORD00240,2024-02-13 15:04:54.373593398,Monitor,East,Online,Karthik,CUST1192,6.0,25716.88,0.0,154301.28,120474.5,Pending,Net Banking,7.0
ORD03352,2025-09-03 17:03:00.945236312,,North,Online,Arun,CUST1289 ,7.0,21041.33,10.0,132560.38,96197.99,Pending,Card,3.0
ORD02974,2025-06-26 00:00:00,Laptop,West,Wholesale,Divya,CUST1110,5.0,14127.94,10.0,63575.73,41436.94,Completed,Net Banking,3.0
ORD01728,2024-11-11 06:09:05.536384096,Tablet,West,Retail,,CUST1066,4.0,25498.2,5.0,96893.16,67034.49,Completed,Card,unknown
ORD02094,2025-01-17 01:37:56.669167292,Printer,North,Online,Suresh,CUST1289,5.0,47640.85,5.0,226294.04,179818.48,Pending,UPI,7.0
ORD02841,2025-06-02 10:18:38.079519880,Monitor,East,Wholesale,Arun,CUST1021,1.0,13571.07,15.0,11535.41,8923.71,Pending,Card,11.0
ORD00858,2024-06-05 10:35:55.138784696,Laptop,North,Online,Arun,CUST1027,4.0,10091.27,10.0,36328.57,32649.09,Cancelled,Card,5.0
ORD01158,2024-07-30 04:55:38.034508628,Keyboard,East,Online,Divya,CUST1219,4.0,17661.21,10.0,63580.36,43417.27,Returned,Cash,9.0
ORD00863,2024-06-06 08:30:14.853713430,Keyboard,East,Retail,Anita,CUST1061,7.0,16037.67,20.0,89810.95,59775.74,Returned,UPI,8.0
ORD02520,2025-04-04 19:58:44.381095280,Laptop,North,Wholesale,Meena,CUST1259,5.0,1947.5,0.0,9737.5,8575.34,Returned,Card,6.0
ORD02848,2025-06-03 16:58:41.680420104,Monitor,West,Online,Divya,CUST1223,3.0,30568.66,20.0,73364.78,53363.02,Pending,Net Banking,6.0
ORD02726,2025-05-12 10:29:04.636159040,Keyboard,North,Online,Arun,CUST1228,6.0,2310.76,20.0,11091.65,7871.61,Completed,UPI,2.0
ORD03793,2025-11-23 05:06:47.801950488,Smartphone, south,Wholesale,Divya,CUST1204,8.0,15186.59,0.0,121492.72,99476.11,Returned,Cash,11.0
ORD00756,2024-05-17 19:43:36.954238560,Headset,East,Retail,Meena,CUST1215,5.0,"24,478.85",0.0,122394.25,101529.8,Returned,Net Banking,12.0
ORD00333,2024-03-01 14:31:25.071267817,Mouse,East,Online,Priya,CUST1197,4.0,47115.29,N/A,179038.1,123216.67,Cancelled,Card,2.0
ORD00745,2024-05-15 00:00:00,Keyboard,North,Wholesale,Anita,CUST1108,4.0,863.89,0.0,3455.56,2633.74,Completed, net banking, 11.0 
ORD03289,2025-08-23 05:02:28.537134288,Monitor,East,Online,Suresh,CUST1194,5.0,17268.21,20.0,69072.84,49571.57,Returned,Cash,1.0
ORD02644,2025-04-27 11:14:05.311327832,Laptop,East,Retail,Suresh,CUST1068,3.0,2935.34,0.0,8806.02,5834.37,Returned,Cash,11.0
ORD02275,2025-02-19 02:36:38.349587400,Headset,South,Wholesale,Meena,CUST1224,6.0,1909.43,5.0,10883.75,9247.53,Returned,Cash,8.0
ORD03632,2025-10-24 19:45:24.981245312,Headset,North,Retail,Arun,CUST1044,5.0,15917.75,5.0,75609.31,49153.64,Returned,Net Banking,12.0
ORD03803,2025-11-25 00:55:27.231807952,Headset,South,Wholesale,Rahul,CUST1074,6.0,26187.43,20.0,125699.66,102767.45,Cancelled,UPI,11.0
ORD03780,2025-11-20 20:09:32.543135784,Printer,East,Retail,Rahul,CUST1007,8.0,909.26,20.0,5819.26,4961.8,Completed,UPI,10.0
ORD03129,2025-07-25 00:03:57.659414856,Headset,South,Wholesale,Karthik,CUST1180,6.0,57367.74,5.0,326996.12,266787.17,Returned,upi,2.0
ORD02084,2025-01-15 05:49:17.239309828,Laptop ,,Wholesale,Karthik,CUST1009,250,10878.09,5.0,12000000,22000000,Pending,UPI,8.0
ORD02703,2025-05-08 05:43:09.947486872,Tablet,North,Online,Arun,CUST1067,1.0,11343.58,0.0,11343.58,9913.03,Pending,Cash,1.0
ORD03963,2025-12-24 05:53:58.109527384,Laptop,West,Online,Priya,CUST1254,1.0,32439.2,15.0,27573.32,19719.52,Completed ,Card,11.0
ORD00908,2024-06-14 13:39:12.288072018,Smartphone,East,Retail,Anita,CUST1274,7.0,12743.73,15.0,75825.19,67633.42,Returned,UPI,2.0
ORD02284,2025-02-20 18:02:25.836459116,Laptop,South,Online,Rahul,CUST1141,1.0,10946.75,15.0,9304.74,6561.36,Completed,Card,1.0
ORD01164,2024-07-31 07:12:49.692423108,Headset,East,Retail,Meena,CUST1133,8.0,1004.07,5.0,,4963.09,Cancelled,UPI,3.0
ORD02184,2025-02-02 11:55:51.537884472,Mouse,South,Online,Suresh,CUST1001,5.0,12732.57,0.0,63662.85,48412.95,Pending,Cash,5.0
ORD03723,2025-10-11 00:00:00,Smartphone,North,Retail,Meena,CUST1216, 8.0 ,848.05,5.0%,6445.18,5330.08,Completed,Card,8.0
ORD02212,2025-02-07 14:36:05.941485372,Tablet,North,Wholesale,Anita,CUST1120,6.0,2589.42,15.0,13206.04,10989.59,Completed,Net Banking ,9.0
ORD02068,2025-01-12 07:43:26.151537888,Printer,East,Online,Divya,CUST1024,8.0,56850.54,20.0,363843.46,237975.77,Returned,Net Banking,4.0
ORD00555,2024-04-11 03:07:36.414103526,Tablet,East,Online,Priya,CUST1141,1.0,16058.51,20.0,12846.81,8844.69,Pending,Net Banking,3.0
ORD03026,2025-07-06 04:48:47.531882976,Printer,West,Online,Priya,CUST1013,8.0,1808.76,5.0,"13,746.58",12201.05,Completed,Card,11.0
ORD03610,2025-10-20 19:22:22.235558896,Keyboard,South,Wholesale,Rahul,CUST1127,2.0,2893.93,20.0,4630.29,4065.69,Returned,Cash,9.0
ORD00832,2024-05-31 16:41:24.621155290,Monitor,East,Wholesale,Karthik,CUST1215,2.0,17264.72,10.0,31076.5,24060.7,Pending,Cash,7.0
ORD03432,2025-09-18 07:32:16.384096024,Mouse,North,Retail,Suresh,cust1192,1.0,2096.63,20.0,1677.3,1122.83,Pending,Cash,3.0
ORD03202,2025-08-07 07:53:09.497374344,Keyboard,North,Retail,Divya,CUST1149,3.0,2233.16,10.0,6029.53,5235.68,Completed,Net Banking,12.0
ORD02091,2025-01-16 12:29:20.840210056,Mouse,West,Retail,Meena,CUST1266,3.0,1736.95,0.0,5210.85,,Cancelled,Cash,12.0
ORD01755,2024-11-16 04:26:27.996999252,Smartphone,East,Online,Arun,CUST1183,8.0,16875.89,0.0,135007.12,89860.54,Pending,Net Banking,9.0
ORD00812,2024-05-28 01:04:05.761440360,Printer,South,RETAIL,Arun,CUST1275,3.0,920.18,10.0,2484.49,2209.72,PENDING,Net Banking,7.0
ORD00889,2024-06-11 02:24:45.371342836,Printer,East,Online,Priya,CUST1298,7.0,23490.03,0.0,164430.21,124868.43,Completed,Net Banking,10.0
ORD02464,2025-03-25 14:38:15.573893472,Smartphone,East,Retail,Suresh,CUST1092,6.0,21723.09,20.0,104270.83,73692.85,Completed,Card,12.0
ORD02989,2025-06-29 10:42:45.641410352,Smartphone,West,Retail,Divya,CUST1268,4.0,46087.23,15.0,156696.58,107725.34,Cancelled,Net Banking,3.0
ORD01660,2024-10-29 00:00:00,Headset,North,Retail,Priya,CUST1141,5.0,61028.99,10.0,274630.46,231569.06,Returned,Card,5.0
ORD02510,2025-04-03 00:10:04.951237808,Headset,South,Wholesale,Priya,CUST1036,1.0,56182.94,10.0,50564.65,43712.32,Completed,Card,5.0
ORD01234,2024-08-13 01:53:25.701425356,Laptop,West,Online,Divya,CUST1288,2.0,11547.0,15.0,19629.9,12953.08,Returned,Net Banking,5.0
ORD03874,2025-12-07 23:58:55.183795952,Printer,West,Retail,Karthik,CUST1145,3.0,10579.9,20.0,25391.76,21212.52,Completed,Cash,8.0
ORD01449,2024-09-21 07:49:33.443360840,Monitor ,West,Wholesale,Divya,CUST1050,5.0,12168.89,10.0,54760.0,39461.05,Returned,Net Banking,10.0
ORD02874,2025-06-08 10:53:12.198049512,Headset,South,Retail,Karthik,CUST1279,4.0.0,29756.88,20.0,95222.02,85222.65,Pending,Card,6.0
ORD01966,2024-12-24 00:00:00,Smartphone,North,Retail,,CUST1002,8.0,"₹32,420.38",5.0,246394.89,171317.34,Returned,Card,5.0
ORD00694,2024-05-06 12:05:56.489122282,Keyboard,South,Retail,Divya,CUST1121,2.0,60414.77,15.0,102705.11,70118.67,Pending,Cash,5.0
ORD01058,2024-07-11 22:49:03.735933984,Monitor,South,Retail,Priya,CUST1194,1.0,"1,899.98",5.0,1804.98,1241.87,Returned,Card,12.0
ORD01799,2024-11-24 05:12:33.488372096,Keyboard,East,Retail,Suresh,CUST1114,5.0,812.46,5.0,3859.18,3041.67, completed,UPI ,4.0
ORD01028,2024-07-06 11:23:05.446361592,Smartphone,South,Online,Suresh,CUST1276,3.0,61929.51,15.0,157920.25,129061.21,Completed,UPI, 10.0 
ORD01537,2024-10-07 09:21:44.426106528,Smartphone,South,Wholesale,Anita,CUST1254,5.0,2331.62,15.0,9909.38,7112.7,Returned,Net Banking,9.0
ORD03433,2025-09-18 11:55:08.327081776,Headset,East,Online,Anita,CUST1214,4.0,1820.97,15.0,6191.3,4493.9,Cancelled,Cash,8.0
ORD01703,2024-11-06 16:37:26.961740436,Keyboard,South,Retail ,Priya,CUST1227,1.0,980.41,15.0,833.35,709.74,Pending,Card,8.0
ORD02336,2025-03-02 05:51:26.871717928,Headset,South,Online,Meena,CUST1272, 5.0 ,26618.87,0.0,133094.35,115768.11,Pending,UPI,5.0
ORD00347,2024-03-04 03:51:32.273068267,Monitor,East,Wholesale,Priya,CUST1222,1.0,902.47,20.0,721.98,513.04,Pending,Net Banking,6.0
ORD00924,2024-06-17 11:45:03.375843962,Keyboard,West,Wholesale,Meena,CUST1003,5.0,1554.73,10.0,6996.28,4892.97,Returned,UPI,1.0
ORD03260,2025-08-17 21:59:22.190547640,Mouse,East,Wholesale,Suresh,CUST1011,4.0,2932.69,20.0,9384.61,6465.28,Completed,Card,2.0
ORD01188,2024-08-04 16:21:36.324081020,Printer,East,Online,Anita,CUST1248,4.0,58424.74,5.0,222014.01,159593.73,Cancelled,Card,11.0
ORD00843,2024-06-02 16:52:55.993998500,Headset,West,Online,Divya,CUST1058,1.0,780.94,15.0,663.8,574.52,CANCELLED,Card,9.0
ORD03279,2025-08-21 09:13:49.107276824,Tablet,West,Wholesale,Divya,CUST1014,6.0,1713.35,0.0,10280.1,6818.11,Pending,Net Banking,9.0
ORD03777,2025-11-20 07:00:56.714178544,Mouse,West,Wholesale,Arun,CUST1099,1.0,952.48,20.0,761.98,583.84,Cancelled,UPI,2.0
ORD02728,2025-05-12 19:14:48.522130536,Mouse,East,Wholesale,Suresh, CUST1230,5.0,1932.21,0.0,9661.05,6804.89,Cancelled,Card,4.0
ORD02828,2025-05-31 01:21:22.820705176,Tablet,East,Retail,Priya,CUST1028,7.0,2163.5,15.0,12872.82,8785.24,Cancelled,UPI,2.0
ORD01421,2024-09-16 05:09:19.039759940,Smart Phone,East,Online,Suresh,CUST1097,2.0,1730.31,10.0,3114.56,2611.76,Cancelled,UPI,10.0
ORD01925,2024-12-17 05:13:38.304576144,Keyboard,East,Wholesale,Rahul,CUST1209,2.0,23700.85,0.0,47401.7,31622.27,Completed,Net Banking,2.0
ORD00179,2024-02-02 11:50:05.851462866,Keyboard,West,Online,Meena,CUST1276,6.0,23227.23,15.0,118458.87,94345.84,Cancelled,Cash,3.0
ORD02277,2025-02-19 11:22:22.235558892,Keyboard,North,Online,Karthik,CUST1061,7.0,24510.14,0.0,171570.98,149531.46,Cancelled,Cash,1.0
ORD03186,2025-08-04 09:47:18.409602400,Smartphone,East,Retail,Priya,CUST1099,7.0,953.14,10.0,6004.78,4411.06,Pending,Card,7.0
ORD00813,31/02/2025,Monitor,South,Retail,Arun,CUST1276,6.0,₹794.80,5.0,4530.36,3726.23,Returned,Cash ,3.0
ORD01878,2024-12-08 15:18:56.984246064,Smartphone,North,Online,Karthik,CUST1219,7.0,13766.82,0.0,96367.74,67231.19,Completed,Net Banking,9.0
ORD01337,2024-08-31 21:08:35.828957240,head set,West,Online,Arun,CUST1199,2.0,23688.6,5.0,45008.34,31497.01,Pending,Net Banking,1.0
ORD03159,2025-07-30 11:29:55.948987248,Printer,North,Wholesale,Anita,CUST1145,4.0,30253.23,10.0,108911.63,86508.14,Pending,Cash,1.0
ORD03108,2025-07-21 04:03:46.856714184,Monitor,West,Wholesale,Karthik,CUST1033,3.0,60402.23,0.0,181206.69,154169.32,Pending,Cash,5.0
ORD01558,2024-10-11 05:21:55.228807204,Mouse,West,Online,Meena,CUST1218,1.0,13376.06,10.0,12038.45,10465.84,Pending,UPI,5.0
ORD02802,2025-05-26 07:26:52.303075768,Smartphone,North,Online,Meena,CUST1048,8.0,1557.16,15.0,10588.69,8617.9,Pending,Net Banking,11.0
ORD02177,2025-02-01 05:15:47.936984248,Smartphone,West,Retail,Arun,CUST1074,5.0,1744.36,10.0,7849.62,6982.13,Pending,Card,9.0
ORD01813,2024-11-26 18:32:40.690172544, headset,East,Retail,Suresh,CUST1055,2.0,2274.7,15.0,3866.99,2768.04,Pending,Cash,1.0
ORD00174,2024-02-01 13:55:46.136534133,Headset,East,Retail,Karthik,CUST1212,4.0,29361.74,0.0,117446.96,77670.73,Pending,Net Banking,9.0
ORD02355,2025-03-05 17:05:53.788447112,Monitor,South,Online,Arun,CUST1078,8.0,13383.49,20.0,85654.34,69567.32,Cancelled,Card,3.0
ORD03058,2025-07-12 01:00:29.707426856,Headset,West,on-line,Arun,CUST1287,6.0,50440.9,5.0,287513.13,237370.75,Cancelled,Net Banking ,6.0
ORD00332,2024-01-03 00:00:00,Laptop,North,Wholesale,Divya,CUST1008,7.0,2595.2,0.0,18166.4,12885.55,Cancelled,Card,1.0
ORD01362,2024-09-05 10:40:14.403600900,head set,North,Online,Meena,CUST1144,4.0,13211.22,5.0,50202.64,38379.87,Completed,UPI,4.0
ORD00431,2024-03-19 11:52:15.483870968,Keyboard,North,Retail,Arun,CUST1001,6.0,1978.54,15.0,10090.55,7702.34,Pending,Cash,5.0
ORD03653,2025-10-28 15:45:35.783945992,PRINTER,West,Wholesale,Suresh,CUST1255,8.0,45903.6,10.0%,330505.92,290326.93,Cancelled,Net Banking,3.0
ORD02010,2025-01-01 17:37:13.458364592,Monitor,West,Online,Divya,CUST1006,2.0,13905.35,15.0,23639.1,16724.63,Completed,Cash,10.0
ORD01105,2024-07-20 12:43:45.056264068,Monitor,North,Retail,Meena,CUST1023,7.0,50885.92,0.0,356201.44,312635.35,Pending,Cash,7.0
ORD02563,2025-04-12 16:21:57.929482376,Printer,South,Retail,Meena,CUST1300,5.0,1033.75,10.0,4651.88,3733.56,Pending,Net Banking,1.0
ORD00480,2024-03-28 10:32:40.690172544,Printer,South,Retail,Suresh,CUST1114,4.0,13197.93,0.0,52791.72,44055.13,Pending,Card,2.0
ORD01279,2024-08-21 07:02:23.135783948,Keyboard,East,Wholesale,Meena,CUST1272,4.0,1814.63,15.0,6169.74,4472.39,Completed,Cash,5.0
ORD02604,2025-04-20 03:59:27.591897976,Printer,North,Online,Meena,CUST1083,2.0,1995.59,20.0,3192.94,2422.27,Returned,Cash,11.0
ORD00747,2024-05-16 04:17:49.467366842,Keyboard,West,Wholesale,Arun,CUST1107,8.0,"2,254.54",15.0,15330.87,10245.6,Pending,Card,8.0
ORD01770,2024-11-18 22:09:27.141785448,Monitor,South,Retail,Divya,CUST1118,5.0,2656.59,0.0%,13282.95,8841.68,CANCELLED,UPI,11.0
ORD03555,2025-10-10 18:24:45.371342840,Printer,North,Online,Meena,CUST1259,8.0,25021.37,10.0,180153.86,135832.12,Cancelled,Cash,1.0
ORD02338,2025-03-02 14:37:10.757689424,Headset,South,Retail,Meena,CUST1209,8.0,11601.6,15.0,78890.88,68760.9,,Card,9.0
ORD03752,2025-11-15 17:29:18.139534888,Tablet,South,Retail,Arun,CUST1227,7.0,24220.9,20.0,135637.04,92564.92,PENDING,Net Banking,4.0
ORD01941,2024-12-20 03:19:29.392348088,Smartphone,West,Wholesale,Karthik,CUST1121,1.0,55048.06,20.0,44038.45,36678.37,Pending,Net Banking,4.0
ORD01796,2024-11-23 16:03:57.659414856,Printer,South,Online,Meena,CUST1291,7.0,2092.54,10.0,13183.0,9147.33,Completed,UPI,3.0
ORD00325,2024-02-29 03:28:29.527381846,Laptop,North,Retail,Meena,CUST1274,7.0,13249.22,15.0,78832.86,61064.77,Returned,Cash,9.0
ORD01269,2024-08-19 11:13:43.705926484,Printer,East,Online,Rahul,CUST1235,5.0,1955.83,15.0,8312.28,5699.83,Completed,Cash,9.0
ORD00469,2024-03-26 10:21:09.317329333,Tablet,South,Retail,Arun,CUST1131,8.0,1487.92,20.0,9522.69,8366.39,Pending,UPI,5.0
ORD00562,2024-04-12 09:47:40.015003751,Laptop,North,Online,Arun,CUST1249,1.0,2825.91,0.0,2825.91,2408.75,Completed, upi,4.0
ORD02631,2025-04-25 02:16:50.052513128,Monitor,East,Retail,Suresh,CUST1012,4.0,19655.64,20.0,62898.05,53879.49,Returned,UPI,7.0
ORD02351,2025-03-04 23:34:26.016504128,Printer,South,Retail,Arun,CUST1165,4.0,13649.85,5.0,51869.43,34666.47,Completed,Cash,9.0
ORD02079,2025-01-14 07:54:57.524381096,Smartphone,East,Online,Meena,CUST1230,3.0,1826.11,20.0,4382.66,3781.31,Completed,UPI,8.0
ORD03785,2025-11-21 18:03:52.258064520,Mouse,North,on-line,Rahul,CUST1217,6.0,16731.46,ten,100388.76,66198.79,Returned,Cash,3.0
ORD02971,2025-06-26 03:51:10.667666920,Keyboard,West,Retail,Rahul,CUST1131,8.0,871.21,5.0,6621.2,4691.66,Returned,Card,12.0
ORD02347,2025-03-04 06:02:58.244561144,Laptop,North,Online,Arun,CUST1053,6.0,2359.68,10.0,12742.27,9940.7,Returned,Cash,7.0
ORD00062,2024-01-12 03:14:48.522130532,Mouse ,West,Wholesale,Divya,CUST1181,8.0,841.03,20.0,5382.59,,Returned,Cash,5.0
ORD02804,2025-05-26 16:12:36.189047264,Printer,East,Retail,Suresh,CUST1286,1.0,16996.36,10.0,15296.72,13349.57,Cancelled,Card,11.0
ORD01898,2024-12-12 06:56:15.843960992,Mouse,West,Wholesale,Meena,CUST1108,2.0,2079.2,5.0,3950.48,3218.37,Cancelled,Card,10.0
ORD02877,2025-06-09 00:01:48.027006752,Printer,East,Wholesale,Suresh,CUST1189,2.0,2146.33,10.0,3863.39,3265.24,Returned,Cash,
ORD00255,2024-02-16 08:47:53.518379595,Smartphone,South,Online,Anita,CUST1040,7.0,17428.92,0.0,122002.44,101436.47,Pending,Card,9.0
ORD03782,2025-11-21 04:55:16.429107280,Monitor,East,Wholesale,Karthik,CUST1156,7.0,24102.94,10.0,151848.52,126057.67,Completed,UPI,5.0
ORD01095,2024-07-18 16:55:05.626406602,Smartphone,East,Online,Karthik,CUST1216,1.0,13246.09,10.0,11921.48,9730.86,Returned,Cash,6.0
ORD01062,2024-07-12 16:20:31.507876970,Monitor,West,Online,Anita,CUST1202,8.0,2102.7,10.0,15139.44,11421.8,Cancelled,UPI,8.0
ORD00916,2024-06-16 00:42:07.831957990,Headset,North,Retail,Divya,CUST1059,1.0,1055.51,5.0,1002.73,802.66,Returned,Cash,9.0
ORD01042,2024-07-09 00:43:12.648162042,Keyboard,West,Wholesale,Anita,CUST1267,6.0,54285.84,5.0,309429.29,271463.88,Pending,Net Banking,5.0
ORD02567,2025-04-13 09:53:25.701425360,Printer,North,Retail,Rahul,CUST1112,2.0,18828.67,5.0,35774.47,23396.76,Cancelled,Net Banking,8.0
ORD00068,2024-01-13 05:32:00.180045011,Keyboard,West,Retail,Arun,,8.0,13913.37,15.0,94610.92,69141.73,Pending,Card,5.0
ORD01872,2024-12-07 13:01:45.326331584,Mouse,East,Wholesale,Divya,CUST1284,4.0,1966.57,20.0,6293.02,4177.94,Cancelled,Card,3.0
ORD02789,2025-05-23 22:29:37.044261064,Keyboard,East,Retail,Divya,CUST1237,8.0,15811.01,20.0,101190.46,90628.27,Cancelled,Cash,5.0
ORD00222,2024-02-10 08:13:19.399849962,Printer,South,Online,Priya,CUST1182,8.0,11456.85,20.0,73323.84,54454.72,Completed,Cash,7.0
ORD01963,2024-12-24 03:42:32.138034512,Tablet,North,Online,Divya,CUST1140,8.0,2117.74,10.0%,15247.73,10009.26,PENDING,Cash,1.0
ORD02409,2025-03-15 13:40:38.709677424,Headset,East,Online,Priya,CUST1052,4.0,2065.16,5.0,7847.61,6708.97,Completed,Card,4.0
ORD02878,2025-06-09 00:00:00,Mouse,East,Retail,Arun,CUST1176,6.0,2869.18,20.0,13772.06,10269.94,Cancelled,Card,12.0
ORD03174,2025-08-02 05:12:55.093773448,Keyboard,North,Online,Priya,CUST1209,7.0,826.67,5.0,5497.36,4920.14,Returned,Net Banking,1.0
ORD00089,2024-01-17 01:32:10.982745686,Laptop,West,Retail,Karthik,CUST1038,8.0,1923.73,10.0,13850.86,10342.21,Returned,Cash,10.0
ORD01808,2024-11-25 20:38:20.975243812,Headset,South,Wholesale,Priya,CUST1220,7.0,1714.07,15.0,10198.72,6851.03,Returned,Cash,1.0
ORD01676,2024-11-01 18:20:04.501125284,Tablet,West,Online,Rahul,CUST1041,6.0,10768.42,15.0,54918.94,41530.4,Completed,Cash,3.0
ORD02829,2025-05-31 05:44:14.763690928,Headset,South,Online,Anita,CUST1285,1.0,58488.68,0.0,58488.68,50572.24,Cancelled,UPI,12.0
ORD01489,2024-09-28 00:00:00,Headset,East,Wholesale,Rahul,CUST1062,6.0,"₹13,464.47",15.0,68668.8,44830.73,Returned,UPI,10.0
ORD03033,,Headset,West,Wholesale,Karthik,CUST1083,1.0,10869.62,0.0,10869.62,"₹9,222.75",Pending,UPI,3.0
ORD01722,2024-11-10 00:00:00,Headset,West,Online,Priya,CUST1196,6.0,25093.29,20.0,120447.79,108271.46,Completed,UPI,6.0
ORD03807,2025-11-25 18:26:55.003750944,Monitor,South,Online,Arun,CUST1244,2.0,32051.31,5.0,60897.49,45630.29,Cancelled,Card,6.0
ORD00437,2024-03-20 14:09:27.141785447,Monitor,East,Retail,Rahul,CUST1256,1.0,23140.48,15.0,19669.41,14795.01,Cancelled,Net Banking,12.0
ORD03580,2025-10-15 07:56:23.945986496,Keyboard,North,Retail,Suresh,CUST1105,4.0,2332.99,0.0,9331.96,7421.17,Completed,Cash,6.0
ORD03601,2025-10-19 03:56:34.748687176,mouSE,South,Online,Anita,CUST1006,7.0,20962.62,110%,146738.34,100351.3,Cancelled,Cash,8.0
ORD03190,2025-08-05 03:18:46.181545392,Smartphone,East,on-line,Priya,CUST1111,2.0,2103.18,10.0,3785.72,3302.89,Cancelled,Net Banking,10.0
ORD03403,2025-09-13 00:29:10.037509384,Monitor,South,Wholesale,Suresh,CUST1233,6.0,11711.64,5.0,66756.35,56737.75,Returned,Card,3.0
ORD02348,2025-03-04 10:25:50.187546888,HEADSET,West,Wholesale,Rahul,CUST1019,8.0,1761.55,0.0,14092.4,12260.09, completed,UPI,3.0
ORD03442,2025-09-20 03:20:55.813953488,Tablet,West,Retail,Meena,CUST1112,3.0,2339.52,20.0,5614.85,4303.06,Completed,Cash,2.0
ORD03570,2025-10-13 00:00:00,Laptop,south,Online,Rahul,CUST1251,4.0,2652.15,10.0,9547.74,6507.46,Cancelled,Net Banking,6.0
ORD01514,2024-10-03 04:35:49.737434360,Keyboard,South,Retail,Priya,CUST1165,1.0,13920.02,20.0,11136.02,9025.0,Completed,Net Banking,7.0
ORD02649,2025-04-28 09:08:25.026256568,Headset,South,Online,Divya,CUST1023,2.0,889.54,20.0,1423.26,1140.71,Completed,Net Banking,8.0
ORD03275,2025-08-20 15:42:21.335333840,Monitor,East,Wholesale,Suresh,CUST1292,2.0,19183.94,10.0,34531.09,26261.47,Returned,Cash,4.0
ORD01737,2024-11-12 21:34:53.023255816,Printer,North,Retail,Meena,CUST1067,5.0,57172.01,20.0,228688.04,188647.03,Pending,Net Banking,3.0
ORD01403,2024-09-12 22:17:44.066016504,Mouse,East,Retail,Suresh,CUST1215,8.0,22169.96,15.0,150755.73,134824.92,Pending,Cash,11.0
ORD00284,2024-02-21 15:50:59.864966242,Tablet,West,Wholesale,Suresh,CUST1255,8.0,52866.43,0.0,422931.44,321160.91, completed,Net Banking,11.0
ORD00713,2024-05-09 23:20:23.405851464,Monitor,North,Retail,Karthik,CUST1126,8.0,14102.24,0.0,112817.92,100552.32,Returned,Net Banking,1.0
ORD00275,2024-02-20 00:25:12.378094524, monitor,West,Retail,Arun,CUST1073,2.0,1813.16,5.0,3445.0,2904.41,Cancelled,UPI,1.0
ORD02273,2025-02-18 17:50:54.463615904,Smartphone,North,Online,Priya,CUST1299,2.0,26995.15,15.0,45891.76,39144.14,Cancelled,UPI,3.0
ORD00622,2024-04-23 08:39:36.594148538,Mouse,South,Wholesale,Meena,CUST1127,6.0,987.78,15.0,5037.68,4338.43,Pending,Cash,10.0
ORD01923,2024-12-16 20:27:54.418604652,Monitor,West,on-line,Meena,CUST1018,1.0,48292.13,15.0,41048.31,33417.53,Returned,Card,3.0
ORD00866,2024-06-06 21:38:50.682670668,Laptop,North,Wholesale,Meena,CUST1005,4.0,1674.45,5.0,6362.91,5128.34,Returned,Cash,5.0
ORD03944,2025-12-20 18:39:31.192798200,Laptop,West,Wholesale,Arun,cust1109,5.0,2239.04,5.0,10635.44,7960.85,Returned,Card,11.0
ORD01643,2024-10-26 17:45:30.382595652,Headset,West,Retail,Anita,CUST1160,5.0,21733.17,5.0,103232.56,69054.83,Returned,Card,6.0
ORD02484,2025-03-29 06:15:34.433608408,Mouse,East,Retail,Arun,CUST1128,6.0,64251.97,5.0,366236.23,303529.72,Returned,NetBanking,5.0
ORD03995,2025-12-30 02:05:40.285071272,Keyboard,East,Wholesale,Rahul,CUST1059,2.0,16577.83,10.0,29840.09,25652.2,Returned,Cash,6.0
ORD00424,2024-03-18 05:12:11.882970743,Tablet,East,Retail,Suresh,CUST1037,8.0,1531.31,5.0,11637.96,10465.07,Completed,Card,6.0
ORD02992,2025-06-29 23:51:21.470367592,Smart Phone,West,Online,Priya,CUST1278,3.0,32640.5,0.0,97921.5,64740.51,Completed,UPI,11.0
ORD01222,2024-08-10 00:00:00,Smartphone,South,Wholesale,Priya,CUST1272,6.0,60185.66,20.0,288891.17,247987.79,Returned,Card,12.0
ORD00507,2024-04-02 08:50:03.150787697,Monitor,North,Retail,Rahul,Cust1273,4.0,2087.75,10.0,7515.9,4959.42,Cancelled,Net Banking,11.0
ORD03861,2025-12-05 15:01:39.924981248,Smartphone,West,Wholesale,Priya,CUST1179,6.0,22428.14,0.0,134568.84,118785.02,Returned,Net Banking,9.0
ORD03564,2025-10-12 09:50:32.858214560,Printer,North,Wholesale,Karthik,CUST1183,1.0,23670.24,5.0,22486.73,16180.01,Pending,Cash,1.0
ORD01124,2024-07-23 23:58:11.972993250,Tablet,East,Wholesale,Suresh,CUST1213,1.0,2107.28,5.0,2001.92,1717.33,Completed,Cash,9.0
ORD02513,2025-04-03 13:18:40.780195048,Headset,South,Retail ,Anita,CUST1299,7.0,32336.07,20.0,181081.99,141587.46,Returned,Net Banking,11.0
ORD00501,2024-04-01 06:32:51.492873219,Mouse,East,Online,Karthik,CUST1144,4.0,48765.63,20.0,156050.02,122573.43,,Cash,7.0
ORD01109,2024-07-21 06:15:12.828207052,Keyboard,West,Retail,Priya,CUST1231,7.0,13422.98,0.0,93960.86,67687.55,Cancelled,Net Banking,12.0
ORD01282,2024-08-21 20:10:58.964741188,key board,West,Retail,Meena,CUST1117,N/A,2095.2,15.0,10685.52,7140.34,Pending,UPI,12.0
ORD00550,2024-04-10 05:13:16.699174794,Keyboard,West,Wholesale,Anita,CUST1009,2.0,13207.8,20.0,21132.48,15585.87,Completed,Cash,1.0
ORD00558,2024-04-11 16:16:12.243060766,Headset,West,Online,Karthik,CUST1020,5.0,22736.08,20.0,90944.32,72302.69,Pending,Net Banking,10.0
ORD01602,2024-10-19 06:08:00.720180048,Monitor,South,Wholesale,Arun,CUST1171,8.0,1601.62,0.0,12812.96,11079.42,Pending,Card,10.0
ORD00603,2024-04-19 21:25:09.677419356,Printer,South,Online,Arun,CUST1248,3.0,14938.67,0.0,44816.01,37762.05,Returned,UPI,4.0
ORD00443,2024-03-21 00:00:00,Mouse,South,Online,Divya,CUST1079,8.0,24375.34,0.0,195002.72,135455.94,Completed,Card,8.0
ORD01780,2024-11-20 17:58:06.571642912,Smartphone,South,Wholesale,Suresh,CUST1169,5.0,12744.27,5.0,60535.28,46303.19,Cancelled,Card,1.0
ORD00219,2024-02-09 19:04:43.570892723,Monitor,East,Wholesale,Suresh,CUST1222,8.0,1523.15,15.0,10357.42,8860.41,Pending,Net Banking,2.0
ORD02108,2025-01-19 14:58:03.870967744,Tablet,South,Online,Divya,CUST1299,7.0,15743.98,0.0,110207.86,94229.58,Completed,Card,9.0
ORD00898,2024-06-12 17:50:32.858214554,Laptop,East,Retail,Suresh,CUST1257,2.0,751.5,10.0,1352.7,907.93,Pending,Cash,7.0
ORD00737,2024-05-14 00:00:00,Mouse,,Wholesale,Rahul,CUST1215,8.0,2840.66,20.0,18180.22,13653.98,Cancelled,Card,2.0
ORD03324,2025-08-29 14:22:46.541635408,Laptop,South,Online,Karthik,CUST1254,8.0,"13,721.94",20.0,87820.42,76760.68,Completed,UPI,11.0
ORD02481,2025-03-28 17:06:58.604651168,Monitor,North,Retail,Meena,CUST1242,4.0,15246.76, 10.0 ,54888.34,38477.61,Cancelled,UPI,12.0
ORD03817,2025-11-27 14:15:34.433608408,Tablet,East,Retail,Anita,CUST1284,6.0,14058.14,0.0,84348.84,75568.07,Pending,Cash,9.0
ORD02060,2025-01-10 20:40:30.607651916,Laptop,East,Retail,Suresh,CUST1049,5.0,,15.0,103718.19,85949.16,Cancelled,Card,8.0
ORD01905,2024-12-13 13:36:19.444861216,Laptop,North,,Meena,CUST1005,1.0,23467.52,5.0,22294.14,14785.28,Cancelled,Card,8.0
ORD03383,2025-09-09 08:51:51.177794448,Printer,East,Online,Suresh,CUST1227,6.0,30951.83,5.0%,176425.43,154626.16,Pending,UPI,3.0
ORD01667,2024-10-31 02:54:17.014253564,Smartphone,South,Retail,Rahul,CUST1216,6.0,1586.08,5.0,9040.66,6317.11,Pending,Card,6.0
ORD03959,2025-12-23 12:22:30.337584400,Laptop,South,Online,Arun,CUST1055,2.0,12780.12,10.0,23004.22,15650.14,Returned,Net Banking,6.0
ORD02830,2025-05-31 10:07:06.706676672,Laptop,North,Retail,Rahul,CUST1290,1.0,25664.84,10.0,23098.36,18642.38,Returned,Card,11.0
ORD03131,2025-07-25 08:49:41.545386352,Smartphone,South,Wholesale,Karthik,CUST1072,1.0,12950.6,15.0,11008.01,9498.64,Completed,Net Banking,9.0
ORD03342,2025-09-01 21:14:21.515378848,Keyboard,East,Online,Karthik,CUST1289,7.0,16967.78,10.0,106897.01,77750.7,Returned,UPI,5.0
ORD02482,,Keyboard,South,Wholesale,Suresh,CUST1186,7.0,11101.06,20.0,62165.94,52042.35,Cancelled,Card,5.0
ORD01205,2024-08-07 18:50:19.354838712,Mouse,West,Retail,Arun,CUST1178,2.0,32919.4,5.0,62546.86,47754.55,Returned,Net Banking,10.0
ORD01160,2024-07-30 13:41:21.920480120,Printer,West,Online,Rahul,CUST1193,8.0,2429.65,0.0,19437.2,14631.45,Completed,UPI,1.0
ORD02291,2025-02-22 00:42:29.437359344,Tablet,South,Retail,Rahul,CUST1061,3.0,2891.09,5.0,8239.61,5980.69,Cancelled,Net Banking,9.0
ORD01534,2024-10-06 20:13:08.597149288,Printer,EAST,Wholesale,Rahul,CUST1067,4.0,45399.19,20.0,145277.41,129479.05,Cancelled,CASH,12.0
ORD00806,2024-05-26 22:46:54.103525882,Smartphone,East,Retail,Anita, CUST1052,7.0,2842.07,20.0,15915.59,12934.91,Returned,Cash,10.0
ORD02707,2025-05-08 23:14:37.719429856,Smartphone,East,Online,Anita,CUST1201,4.0,13021.56,15.0,44273.3,29349.41,Cancelled,Cash,5.0
ORD01875,2024-12-08 02:10:21.155288824,Keyboard,West,Online,Divya,CUST1110,8.0,2412.17,10.0,17367.62,15129.75,Cancelled,Card,5.0
ORD03276,2025-08-20 20:05:13.278319584,Mouse,West,Online,Priya,CUST1014,2.0,2350.69,10.0,4231.24,3302.3,Cancelled,Card,1.0
ORD00579,2024-04-15 12:16:23.045761440,Laptop,East,Retail,Karthik,CUST1243,4.0,19296.15,20.0,61747.68,53733.92,Cancelled,Net Banking,8.0
ORD02280,2025-02-20 00:30:58.064516132,Tablet,East,Retail,Anita,CUST1034,2.0,"₹2,079.77",0.0,4159.54,3740.41,Returned, cash,9.0
ORD03419,2025-09-15 22:35:01.125281320,tabLet,East,Online,Karthik,CUST1098,2.0,52359.43,0.0,104718.86,84275.68,Completed,Net Banking,1.0
ORD01363,2024-09-05 15:03:06.346586648,Printer,West,Online,Meena,CUST1052,7.0,1733.91,20.0,9709.9,7046.76,Completed,Net Banking,12.0
ORD00001,2024-01-01 00:00:00,Monitor,North,Online,Priya,CUST1280,1.0,26735.36,10.0,24061.82,21359.16,Completed,Net Banking,1.0
ORD03427,2025-09-17 09:37:56.669167296,Monitor,East,Wholesale,Priya,CUST1163,1.0,32116.77,10.0,28905.09,24434.13,Completed,Cash,4.0
ORD03729,2025-11-11 12:43:23.450862720,Laptop,East,Wholesale,Anita,CUST1220,4.0,29086.25,15.0,98893.25,74286.28,Pending,UPI,10.0
ORD03846,2025-12-02 21:18:40.780195056,Mouse,SOUTH,Wholesale,Priya,CUST1276,5.0,12690.73,5.0,60280.97,52461.1,Returned,Upi,7.0
ORD00965,2024-06-24 23:22:33.038259566,Headset,South,Online,Arun,CUST1291,8.0,57818.05,5.0,439417.18,292745.61,Cancelled,Card,-3
ORD03254,2025-08-16 19:42:10.532633160,Monitor,North,Online,Divya,CUST1285,1.0,1975.91,5.0,1877.11,1649.58,Cancelled,Card,6.0
ORD01012,2024-07-03 13:17:14.358589648,Monitor,North,WHOLESALE,Meena,CUST1157,5.0,2893.14,0.0,14465.7,9591.69,Pending,UPI,6.0
ORD00248,2024-02-15 02:07:49.917479370,Printer,South,Retail,Karthik,CUST1068,unknown,1776.48,5.0,3375.31,2492.12,Pending,Card,12.0
ORD01426,2024-09-17 03:03:38.754688672,Tablet,West,Retail,Divya,CUST1062,2.0,29578.84,20.0,47326.14,33606.28,Completed,Cash,4.0
ORD02112,2025-01-20 08:29:31.642910728,Headset,North,Wholesale,Karthik,CUST1276,6.0,62879.12,0.0,377274.72,321619.57,Cancelled,UPI,5.0
ORD03977,2025-12-26 19:14:05.311327832,Headset ,South,Wholesale,Arun,CUST1213,5.0,1866.75,0.0,9333.75,6200.25,Pending,UPI,12.0
ORD03408,2025-09-13 22:23:29.752438112,key board,East,Online,Priya,CUST1040,5.0,27769.64,5.0,131905.79,90054.76,Completed,NetBanking,6.0
ORD03794,2025-11-23 09:29:39.744936240,Laptop,East,Wholesale,Divya,CUST1017,6.0,53365.48, 5.0 ,304183.24,253284.18,Cancelled,Net Banking,10.0
ORD01510,2024-10-02 11:04:21.965491376,Headset,West,Online,Karthik,CUST1098,4.0,"₹23,649.00",0.0,94596.0,80022.54,Cancelled,Cash,2.0
ORD03516,2025-10-03 15:32:59.594898728,Tablet,North,Wholesale,Arun,CUST1108,1.0,1908.03,10.0,1717.23,1238.25,Returned,UPI,7.0
ord00651,2024-04-28 15:42:42.940735184,Laptop,South,Retail,Meena,CUST1242,2.0,1496.47,0.0,2992.94,2645.92,Cancelled,UPI,1.0
ORD01968,2024-12-25 01:36:51.852963244,Keyboard,South,Retail,Priya,CUST1052,7.0,51182.89,15.0,304538.2,239554.21,Completed,Card,2.0
ORD02047,2025-01-08 11:43:15.348837212,Laptop,East,Retail,Rahul,cust1205,8.0,21829.94,15.0,148443.59,130959.15,Completed,Net Banking,1.0
ORD01559,2024-10-11 09:44:47.171792948,Printer,West,Wholesale,Anita,CUST1074,5.0,1954.69,20.0,7818.76,5109.06,Returned,Card,7.0
ORD03801,2025-11-24 16:09:43.345836464,Monitor,East,Wholesale,Anita,CUST1120,4.0,2651.22,5.0,10074.64,6993.52,Returned,Cash,3.0
ORD00176,2024-02-01 22:41:30.022505626,Mouse ,East,Wholesale,Anita,CUST1099,500,2502.82,20.0,25000000,4500000,Pending,Cash,9.0
ORD00279 ,2024-02-20 17:56:40.150037509,Smartphone,East,Online,Anita,CUST1158,6.0,2170.61,15.0,11070.11,7275.23,Returned,Cash,2.0
ORD01136,2024-07-26 04:32:35.288822206,Smartphone,North,Retail,Suresh,CUST1174,3.0,24010.59,10.0,64828.59,48370.42,Pending,Card,8.0
ORD03553,2025-10-10 09:39:01.485371344,Mouse,South,Retail,Arun,CUST1245,7.0,10970.42,5.0,72953.29,48641.44,Pending,Card,5.0
ORD02485,2025-03-29 10:38:26.376594152,Smartphone,WEST,Retail,Divya,CUST1023,4.0,1048.11,10.0,3773.2,2855.47,Cancelled,Net Banking,2.0
ORD02431,,Tablet,East,Wholesale,Suresh,CUST1232,6.0,1881.28,0.0,11287.68,9617.86,Returned,UPI,4.0
ORD02530,2025-04-06 15:47:23.810952744,Keyboard,East,Online,Anita,CUST1226,4.0,56151.79,0.0,224607.16,165479.46,Completed,UPI,1.0
ORD03520,2025-10-04 09:04:27.366841712,Tablet,East,Online,Suresh,CUST1294,5.0,N/A,20.0,7297.68,5954.22,Completed,UPI,9.0
ORD00692,2024-05-06 03:20:12.603150788,Smartphone,East,Wholesale,Divya,CUST1082,5.0,25717.75,5.0,122159.31,87286.9,Completed,UPI,9.0
ORD03962,2025-12-24 01:31:06.166541640,Headset,North,Online,Priya,CUST1211,4.0.0,2210.61,0.0,8842.44,5923.52,Returned,Cash,7.0
ORD00417,2024-03-16 22:32:08.282070518,Keyboard,North,Wholesale,Rahul,CUST1122,6.0,24379.84,10.0,131651.14,-91378.63,Cancelled,Net Banking,10.0
ORD02890,2025-06-11 08:59:03.285821456,Smartphone,North,Wholesale,Priya,CUST1115,3.0,61395.47,20.0,147349.13,-104434.85,Completed,UPI,5.0
ORD00218,2024-02-09 14:41:51.627906977,Printer,North,Online,Divya,CUST1204,1.0,765.25,0.0,765.25,631.52,Cancelled,UPI,11.0
ORD02489,2025-03-30 04:09:54.148537136,Smartphone,East,Retail,Anita,CUST1184,5.0,12966.63,15.0,55108.18,38658.11,Returned,Net Banking,12.0
ORD01972,2024-12-25 19:08:19.624906228,Monitor,East,Retail,Priya,CUST1124,1.0,1530.51,0.0,1530.51,1145.24,Completed,Net Banking,12.0
ORD03406,2025-09-13 13:37:45.866466616,Mouse,North,Retail ,Meena,CUST1206,4.0,"13,183.66",10.0,47461.18,31467.62,Pending,Net Banking,3.0
ORD03112,2025-07-21 21:35:14.628657168,Headset,East,Wholesale,Priya,CUST1282,7.0,10662.45,5.0,70905.29,52589.07,Returned,NetBanking,5.0
ORD00904,2024-06-13 20:07:44.516129034,Mouse,East,Online,Priya,CUST1092,5.0,29626.62,20.0,118506.48,82515.93,Returned,Cash,8.0
ORD02926,2025-06-17 22:42:13.233308328,Keyboard,East,Retail,Suresh,CUST1039,2.0,2196.26,5.0,4172.89,3713.61,Pending,UPI,5.0
ORD00913,2024-06-15 11:33:32.003000752,Headset,West,Wholesale,Meena,CUST1133,2.0,12621.67,10.0,22719.01,17779.34,Pending,UPI,2.0
ORD03470,2025-09-25 06:01:10.217554392,Keyboard,West,Wholesale,Suresh,CUST1102,8.0,11991.14,20.0,76743.3,55831.4,Completed,Net Banking,4.0
ORD00728,2024-05-12 17:03:22.550637660,Mouse,South,Retail,Meena,CUST1038,8.0,23266.3,5.0,176823.88,156089.01,Returned,UPI,11.0
ORD03756,2025-11-16 11:00:45.911477872,Monitor,North,Online,Anita,CUST1090,3.0,24668.47,20.0,59204.33,53217.05,Cancelled,cash ,1.0
ORD03080,2025-07-16 01:23:32.453113280,Laptop,South,Wholesale,Divya,CUST1082,3.0, 782.08 ,15.0,1994.3,1713.14,Pending,UPI,3.0
ORD02826,2025-05-30 16:35:38.934733688,Printer,West,Online,Divya, CUST1088,8.0,30436.18,0.0,243489.44,199371.03,Completed,Net Banking,8.0
ORD02156,2025-01-28 09:15:37.134283572,Monitor,South,Retail,Arun,CUST1204,8.0,2299.36,5.0,17475.14,15469.34,Returned,Cash,12.0
ORD00450,2024-03-22 23:06:42.400600150,Keyboard,South,Retail,Meena,CUST1037,7.0,45357.44,15.0,269876.77,181189.09,Completed,Card,11.0
ORD01396,2024-09-11 15:37:40.465116280,Headset,West,Wholesale,Meena,CUST1208,4.0,1937.2,15.0,6586.48,5896.78,Returned,Card,5.0
ORD00377,2024-03-09 15:17:30.562640660,Smartphone,East,Online,Divya,CUST1109,7.0,57528.62,20.0,322160.27,236377.5,Returned,Card,3.0
ORD03143,2025-07-27 13:24:04.861215304,Smartphone,South,Wholesale,Meena,CUST1098,1.0,1610.47,10.0,1449.42,1148.24,Cancelled,Net Banking,6.0
ORD01753,2024-11-15 19:40:44.111027760,Smartphone,West , online,Karthik,CUST1013,8.0,2057.49,0.0,16459.92,13261.06,Returned,Cash,12.0
ORD03967,2025-12-24 00:00:00,Mouse,East,Online,Anita,CUST1176,3.0,56915.12,20.0,136596.29,100302.73,Cancelled,Net Banking,6.0
ORD00434,2024-03-20 01:00:51.312828207, keyboard,East,Wholesale,Rahul,CUST1212,7.0,24524.82,5.0,163090.05,113426.2,Pending,UPI,3.0
ORD00953 ,2024-06-22 18:48:09.722430608,Smartphone,West,on-line,Meena,CUST1007,4.0,16326.96,0.0,65307.84,45755.99,Pending,Net Banking,7.0
ORD00372,2024-03-08 17:23:10.847711928,Laptop,West,Wholesale,Divya,CUST1020,2.0,13069.67,5.0,24832.37,19261.98,Completed,UPI,1.0
ORD03278,2025-08-21 04:50:57.164291072,Smartphone,North,Wholesale,Anita,CUST1099,8.0,2734.91,5.0,20785.32,17215.52,Cancelled,UPI,12.0
ORD02397,2025-03-13 09:06:15.393848464,Headset,East,Online,Divya,CUST1254,6.0,2104.2,5.0,11993.94,8688.56,Completed,Cash,5.0
ORD01422,2024-09-16 00:00:00,Tablet,East,Online,Meena,CUST1246,2.0,32217.74,5.0,61213.71,54341.38,Cancelled,UPI,6.0
ORD00701,2024-05-07 18:46:00.090022506,Printer,South,Retail ,Rahul,CUST1111,3.0,48407.43,5.0,137961.18,95456.0,Pending,Net Banking,1.0
ORD02868,2025-06-07 00:00:00,Laptop,East,on-line,Priya,CUST1213,8.0,15956.47,15.0,108504.0,89045.74,Returned,UPI,6.0
ORD00645,2024-04-27 13:25:31.282820706,Printer,North,Online,Arun,CUST1286,3.0,748.76,15.0,1909.34,1278.58,Pending,UPI,8.0
ORD01458,2024-09-22 23:15:20.930232560,Tablet,South,Online,Meena,CUST1188,8.0,49541.01,5.0,376511.68,307143.85,Cancelled,Net Banking,3.0
ORD00666,2024-05-01 09:25:42.085521380,Printer,South,Retail,Rahul,CUST1077,5.0,28558.06,15.0,121371.76,100714.34,Pending,Cash,4.0
ORD01504,2024-10-01 08:47:10.307576896,Laptop, east,Wholesale,Meena,CUST1090,2.0,,10.0,1856.83,1212.58,Pending,UPI,3.0
ORD01428,2024-09-17 11:49:22.640660168,Smartphone,East,Online,Anita,CUST1158,6.0,1541.97,15.0,7864.05,6106.35,Cancelled,Net Banking,1.0
ORD01633,2024-10-24 21:56:50.952738184,Printer,East,Wholesale,Priya,CUST1168,8.0,13264.72,10.0,95505.98,,Cancelled,Cash,6.0
ORD02421,2025-03-17 18:15:02.025506376,Mouse,South,Wholesale,Karthik,CUST1284,7.0,17460.51,10.0,110001.21,97725.97,Pending,Card,2.0
ORD01481,2024-09-27 04:01:15.618904728,Tablet,East,Online,Arun,CUST1044,6.0,801.26,20.0,3846.05,2831.98,Returned,Net Banking,5.0
ORD01165,2024-07-31 11:35:41.635408852,Printer,West,Online,,CUST1263,7.0,29374.93,15.0,174780.83,,Cancelled,UPI,10.0
ORD00795,2024-05-24 22:35:22.730682672,Smartphone,North,Retail,Karthik,CUST1219,7.0,27276.25,15.0,162293.69,134606.3,Cancelled,Cash,9.0
ORD03592,2025-10-17 12:30:47.261815456,Smartphone,West,Wholesale,Suresh,CUST1237,4.0,1981.49,20.0,6340.77,5344.04,Returned,Card,3.0
ORD00247,2024-02-14 21:44:57.974493623,Mouse,East,Wholesale,Karthik,CUST1166,1.0,13797.86,20.0,11038.29,7694.02,Cancelled,Cash,10.0
ORD03816,2025-11-27 09:52:42.490622656,Tablet,North,Retail,Priya,CUST1064,6.0,896.31,20.0,4302.29,3445.3,Completed,Card,10.0
ORD00735,2024-05-13 00:00:00,Keyboard,East,Retail,Divya,CUST1005,3.0,24936.37,15.0,63587.74,53769.56,Pending,UPI,4.0
ORD00506,2024-04-02 04:27:11.207801951,Smartphone,East,Retail,Arun,CUST1053,,1619.34,20.0,1295.47,1161.93,Cancelled,UPI,10.0
ORD02441,,Headset,North,Wholesale,Suresh,CUST1177,7.0,804.12,20.0,4503.07, 3455.03 ,Cancelled,Net Banking,2.0
ORD01190,2024-08-05 01:07:20.210052516,Headset,West,Wholesale,Priya,CUST1176,5.0,21575.64,10.0,97090.38,82487.51,Cancelled,UPI,6.0
ORD03373,2025-09-07 13:03:11.747936984,Headset,West,Wholesale,Divya,CUST1205,4.0,54546.77,0.0,218187.08,196071.87,Completed,UPI,12.0
ORD03444,2025-09-20 12:06:39.699924984,Keyboard,North,Retail,Suresh,CUST1028,2.0,1610.05,20.0,2576.08,1905.15,Pending,UPI,11.0
ORD01615,2024-10-21 15:05:15.978994752,Monitor,West,Wholesale,Divya,CUST1225,8.0,24021.88,10.0,172957.54,122037.17,Completed,Card,1.0
ORD00533,2024-04-07 02:44:33.668417105,Tablet,,Retail,Suresh,CUST1122,3.0,27207.28,20.0,,54483.92,Returned,Card,4.0
ORD00933,2024-06-19 03:10:50.862715680,Headset,North,Online,Rahul,CUST1006,7.0,14093.77,10.0,88790.75,78521.83,Pending,UPI,2.0
ORD00109,2024-01-20 17:09:29.842460615,Headset,South,Online,Priya,CUST1048,6.0,1686.86,5.0,9615.1,8044.21,Returned,UPI,12.0
ORD01868,2024-12-06 19:30:17.554388600,Printer,East,Wholesale,Rahul,CUST1167,5.0,2271.99,15.0,9655.96,7413.27,Cancelled,Card,10.0
ORD00950,2024-06-22 05:39:33.893473370, keyboard,South,Retail,Divya,CUST1195,2.0,52136.61,0.0,104273.22,88209.72,canceled,Card,3.0
ORD02414,2025-03-16 11:34:58.424606152,Printer,North,Retail,Karthik,CUST1279,8.0,16032.73,0.0,128261.84,88743.29,Completed ,Net Banking,8.0
ORD02949,2025-06-22 03:28:07.921980496,Monitor,West,Online,Meena,CUST1255,7.0,1034.41,5.0,,5048.04,,Card,6.0
ORD03206,2025-08-08 01:24:37.269317336,Tablet,South,Wholesale,Meena,CUST1164,7.0,-23441.64,20.0,131273.18,96887.19,Pending ,Cash ,12.0
ORD02224,2025-02-09 19:10:29.257314332,Headset,West, wholesale,Priya,CUST1168,1.0,796.61,0.0,796.61,676.95,Pending,Cash,5.0
ORD02975,2025-06-26 21:22:38.439609904,Monitor,SOUTH,Wholesale,Suresh,CUST1144,1.0, 958.4 ,5.0,910.48,779.7,Returned,Card,5.0
ORD03958,2025-12-23 07:59:38.394598656,Smartphone,North,Retail,Suresh,CUST1147,1.0,9850.14,0.0,9850.14,7005.42,Returned,UPI,10.0
ORD00544,2024-04-09 02:56:05.041260316,Smartphone,South,Wholesale,Rahul,CUST1229,2.0,1873.49,0.0,3746.98,2592.01,Completed,Net Banking,3.0
ORD01766,2024-11-18 04:37:59.369842464,Headset,North,Retail,Anita,CUST1135,5.0,1656.38,15.0,7039.62,5980.67,Pending,Card,4.0
ORD02495,2025-03-31 06:27:05.806451616, monitor,East,Wholesale,Meena,CUST1209,100,1949.85,15.0,5000000,22000000,COMPLETED,Net Banking,4.0
ORD02935,2025-06-19 14:08:00.720180048,Tablet,North,Retail,Anita,CUST1293,1.0.0,31156.47,20.0,24925.18,19868.06,Completed,Net Banking ,11.0
ORD00260,2024-02-17 06:42:13.233308327,Keyboard,South,Wholesale,Rahul,CUST1106,4.0,32911.74,20.0,105317.57,72416.81,Pending,Net Banking,5.0
ORD01515,2024-10-03 08:58:41.680420108,Headset,West,Wholesale,Karthik,CUST1026,4.0.0,23358.11,20.0,74745.95,60400.0,Cancelled,Card,11.0
ORD01779,2024-11-20 13:35:14.628657164,Headset,East,Wholesale,Anita,CUST1279,7.0,2296.28,0.0,16073.96,12408.43,Returned,Cash,4.0
ORD01863,2024-12-05 21:35:57.839459868,Headset,NORTH,Retail,Arun,CUST1016,1.0,2385.26,0.0,2385.26,2104.18, completed, card,7.0
ORD01296,2024-08-24 09:31:06.166541636,Keyboard,North,Retail,Suresh,CUST1006,4.0,61386.19,20.0,196435.81,167164.84,Cancelled,Cash,4.0
ORD00928,2024-06-18 00:00:00,Smartphone,South,Online,Suresh,CUST1006,6.0,25317.9,5.0,144312.03,102903.17,Pending,UPI,10.0
ORD00613,2024-04-21 17:13:49.107276820,Printer,South,Online,Suresh,CUST1256,4.0,873.99,20.0,2796.77,2264.35,Cancelled,Cash,11.0
ORD02632,2025-04-25 06:39:41.995498880,Printer,East,Wholesale,Karthik,CUST1098,4.0,1837.38,0.0,7349.52,4877.53,Cancelled,Net Banking,9.0
ORD01232,2024-08-12 17:07:41.815453864, laptop,West,Wholesale,Priya,CUST1267,1.0,12533.11,10.0,"11,279.80",8937.49,Completed,Cash,9.0
ORD00220,2024-02-09 23:27:35.513878470,Smartphone,East,Online,Suresh,CUST1079, 4.0 ,1933.64,0.0,"7,734.56",5184.76,Returned,Cash,6.0
ORD03130,2025-07-25 04:26:49.602400600,Monitor,South,Retail,Arun,CUST1248,4.0,2017.92,10.0,7264.51,5113.24,Returned,Cash,2.0
ORD00486,2024-03-29 12:49:52.348087022,Smartphone,South,Online,Anita,CUST1186,6.0,1906.06,5.0,10864.54,9606.51,Completed,Net Banking,12.0
ORD02317,2025-02-26 00:00:00,Smartphone,East,Retail,Suresh,CUST1149,8.0,2772.16,20.0,17741.82,15352.96,Returned,Cash,4.0
ORD02165,2025-01-30 00:41:24.621155292,Tablet,South,Wholesale,Priya,CUST1169,3.0,23828.21,0.0,71484.63,"₹61,019.04",CANCELLED,Cash,4.0
ORD03522,2025-10-04 17:50:11.252813208,Headset,West,Retail,Suresh,CUST1254,2.0,947.32,10.0,1705.18,1172.57,Completed,Cash,1.0
ORD02993,2025-06-30 04:14:13.413353344,Monitor,North,Online,Karthik,CUST1167,,19173.05,20.0,61353.76,40094.9,Cancelled,Net Banking,10.0
ORD00259,2024-02-17 02:19:21.290322581,Printer,East,Retail,Divya,CUST1072,3.0,26754.75,0.0,80264.25,68436.38,Pending,Cash,11.0
ORD03843,2025-12-02 08:10:04.951237816,Keyboard,East,Online,Arun,CUST1295,2.0,768.35,10.0,1383.03,1164.54,Cancelled,Net Banking,6.0
ORD00387,2024-03-11 11:06:09.992498125,Laptop,North,Wholesale,Divya,CUST1199,6.0,1558.61,5.0,8884.08,6657.04,Returned,Net Banking,1.0
ORD00848,2024-06-03 14:47:15.708927232,Printer,North,Wholesale,Rahul,CUST1056,5.0,857.08,10.0,3856.86,2572.69,Returned,Net Banking,3.0
ORD02574,2025-04-14 16:33:29.302325584,Monitor,East,Online,Divya,CUST1108,8.0,57943.92,15.0,394018.66,344692.34,Cancelled,Net Banking,8.0
ORD03234,2025-08-13 04:04:51.672918232,Headset,South,Retail,Meena,CUST1235,3.0,55754.8,0.0,167264.4,111671.99,Cancelled,Card,1.0
ORD03613,2025-10-21 08:30:58.064516136,Smartphone,South,Retail,Suresh,CUST1114,N/A,62822.69,0.0,376936.14,336609.01,Cancelled,Net Banking,10.0
ORD03102,2025-07-20 01:46:35.198799704,Laptop,East,Online,Rahul,CUST1298,7.0,2878.04,15.0,17124.34,13914.62,Completed,UPI,9.0
ORD02862,2025-06-06 06:18:48.882220560,Tablet,West,Wholesale,Suresh,CUST1015,3.0,995.77,15.0,2539.21,1740.24,Pending,Card,1.0
ORD01624,2024-10-23 06:31:03.465866468,Monitor,East,Wholesale,Suresh,CUST1273,1.0,22000.89,20.0,17600.71,13253.15,Pending,UPI,7.0
ORD01002,2024-07-01 17:28:34.928732184,Printer,East,Online ,Divya,CUST1031,1.0,63043.84,10.0,56739.46,40420.43,Pending,Card,9.0
ORD00210,2024-02-08 03:38:56.084021005,Tablet,North,,Karthik,CUST1005,1.0,58415.87,15.0,49653.49,41614.27,Pending,Net Banking,6.0
ORD03621,2025-10-22 19:33:53.608402104,Headset,North,retail ,Anita,CUST1198,4.0,24529.87,0.0,,85991.47,Cancelled, upi,3.0
ORD02092,2025-01-16 16:52:12.783195800,Monitor,NORTH,Online,Suresh,CUST1020,7.0,12787.07,5.0,85034.02,61973.63,Returned,Net Banking,8.0
ORD01949,2024-12-21 14:22:24.936234060,Printer,North,Online,Divya,CUST1257,1.0,1570.89,5.0,1492.35,1280.78,Completed,Net Banking,5.0
ORD00911,2024-06-15 02:47:48.117029258,Laptop,West,Online,Divya,CUST1221,6.0,13410.71,20.0,64371.41,43794.87,Returned,Card,1.0
ORD01719,2024-11-09 14:43:18.049512380,Smartphone,South,Retail,Karthik,CUST1116,1.0.0,19852.69,15.0,16874.79,13486.55,Completed,Card,4.0
ORD02553,2025-04-10 20:33:18.499624912,Keyboard,East,Wholesale,Anita,cust1172,8.0,14003.88,10.0,100827.94,68225.82,Pending,UPI,4.0
ORD02985,2025-06-28 17:11:17.869467368,Mouse,South ,Wholesale,Priya,CUST1114,1.0,1041.42,10.0,937.28,802.67,Returned,Net Banking,2.0
ORD02164,2025-01-29 20:18:32.678169544,Printer,East,Online,Karthik,CUST1068,3.0,12419.16,15.0,31668.86,28363.59,Pending,Cash,7.0
ORD00597,2024-04-18 19:07:58.019504876,Mouse,North,Online,Rahul,CUST1185,8.0,850.07,5.0,6460.53,5202.21,Returned,CASH,1.0
ORD01951,2024-12-21 23:08:08.822205552,Laptop,East,,Karthik,CUST1049,8.0,877.74,0.0,7021.92,5229.65,Pending,Cash,2.0
ORD03765,2025-11-18 02:26:33.398349592,Printer,North,Online,Priya,CUST1195,3.0,1891.03,15.0,4822.13,3447.16,Completed,Cash,1.0
ORD00297,2024-02-24 00:48:15.123780946,Mouse,North,Wholesale,Priya,CUST1172,4.0,24793.35,10.0,89256.06,,Returned,UPI,5.0
ORD03717,2025-11-09 08:09:00.135033760,Laptop,North,Online,Divya,CUST1034,2.0,800.68,15.0,1361.16,956.34,Cancelled,Card,5.0
ORD00508,2024-04-02 13:12:55.093773444,Tablet,East,Online,Arun,CUST1287,5.0,30072.2,5.0,142842.95,125889.22,Completed,Card,9.0
ORD02865,2025-06-06 19:27:24.711177800,Laptop,South,Retail,Divya,CUST1110,8.0,19361.44,15.0,131657.79,115981.67,Cancelled,Cash,12.0
ORD00008,2024-01-02 06:40:03.600900225,Smartphone,North,Wholesale,Divya,CUST1109,7.0,796.91,10.0,5020.53,3493.54,Returned,Net Banking,11.0
ORD02253,2025-02-15 02:13:35.603900976,Keyboard,North,Wholesale,Suresh,CUST1253,4.0,898.78,5.0,3415.36,2463.86, pending,Cash,2.0
ORD03055,2025-07-11 11:51:53.878469624,Monitor,North,Retail,Suresh,CUST1253,3.0,48980.41,15.0,124900.05,110654.15,return,Cash,10.0
ORD02030,2025-01-05 09:14:32.318079520,Printer,South,Retail,Meena,CUST1014,3.0,31930.33,0.0,95790.99,86019.42,Completed,Card,11.0
ORD02149,2025-01-27 02:35:33.533383348,Tablet,East,Online,Karthik,CUST1203,3.0,47940.7,20.0,115057.68,79143.73,Returned,Net Banking,10.0
ORD02087,2025-01-15 18:57:53.068267068,Printer,South,Wholesale,Priya,CUST1080,6.0,21557.3,5.0,122876.61,96208.45,Pending,Net Banking,6.0
ORD03118,2025-07-22 00:00:00,Printer,West,Retail,Divya,CUST1254,500,11476.0,5.0,5000000,10000000,Pending,UPI,5.0
ORD02551,2025-04-10 11:47:34.613653416,Mouse,NORTH,Online,Suresh,CUST1262,3.0,14725.02,5.0,41966.31,33338.17,Cancelled,Net Banking,9.0
ORD03359,2025-09-04 23:43:04.546136536,Tablet,East,Retail,Suresh,CUST1221,1.0,46868.93,15.0,39838.59,30255.23,Returned,,10.0
ORD00178,2024-02-02 07:27:13.908477119,Printer,West,Retail,Karthik,CUST1149,5.0, 1521.73 ,0.0,7608.65,6167.61,Completed,Cash,12.0
ORD03854,2025-12-04 08:21:36.324081024,Printer,North,Online,Divya,CUST1140,8.0,917.55,15.0,6239.34,5244.22,PENDING,UPI,12.0
ORD02779,2025-05-22 02:40:57.614403600,Laptop,North,Online,Rahul,CUST1184,5.0,2151.25,20.0,8605.0,7176.4,Completed,Net Banking,2.0
ORD00791,2024-05-24 05:03:54.958739686,Printer,West,Wholesale,Divya,CUST1197,8.0,813.15,15.0,5529.42,4134.49,Returned,Cash,11.0
ORD01335,2024-08-31 12:22:51.942985748,Tablet,West,Retail,Suresh,CUST1275,8.0,59724.23,0.0,477793.84,-348267.2,,Cash,10.0
ORD00679,2024-05-03 18:22:57.344336084,Printer,West,Wholesale,Divya,CUST1242,250,2860.63,10.0,25000000,4500000,Pending,Card,5.0
ORD03454,2025-09-22 07:55:19.129782448,Mouse,West,Online,Divya,CUST1086,1.0,1625.67,15.0,1381.82,1175.21,Completed,Card,4.0
ORD03013,2025-07-03 19:51:32.273068272,Headset,North,Retail,Meena,CUST1239,5.0,23874.47,0.0%,119372.35,85431.67,Returned,Card,12.0
ORD01437,2024-09-19 03:15:10.127531884,Printer,North,Wholesale,Rahul,CUST1066,1.0,2853.3,0.0,2853.3,2153.85,Pending,UPI,11.0
ORD00097,2024-01-18 12:35:06.526631658,Printer,South,Online,,CUST1020,8.0,32036.21,10.0,230660.71,186437.37,Cancelled,Net Banking,2.0
ORD00044,2024-01-08 20:23:13.548387096,Headset,South,Wholesale,Meena,CUST1063,4.0,12991.9,5.0,49369.22,39958.92,Returned,Card,8.0
ORD01815,2024-11-27 03:18:24.576144036,Laptop,East,Retail,Suresh,CUST1274,6.0,24317.35,20.0,116723.28,94176.1,canceled,Cash,9.0
ORD01491,2024-09-28 23:49:55.048762192,Keyboard,North,Online,Suresh,CUST1272,2.0,1759.6,20.0,2815.36,1995.37,Returned,Cash,1.0
ORD01229,2024-08-12 00:00:00,Tablet,North,Retail,Arun,CUST1020,3.0,881.87,15.0,2248.77,1813.76,Completed,Cash,5.0
ORD00760,2024-05-18 13:15:04.726181546,Monitor,East,Wholesale,Priya,CUST1233,5.0,10891.84,5.0,51736.24,45618.88,Completed,Cash,9.0
ORD03627,2025-10-23 21:51:05.266316584,Laptop,North,Online,Arun,CUST1046,6.0,823.95,15.0,4202.15,3681.03,Returned,Net Banking,2.0
ORD02019,2025-01-03 09:03:00.945236312,Tablet,South,Retail,Rahul,CUST1122,1.0.0,25780.06,5.0,24491.06,20779.55,Completed,Cash,5.0
ORD02750,2025-05-16 19:37:51.267816960,Printer,East,Retail,Rahul,CUST1267,3.0,922.45,20.0,2213.88,1788.66,Cancelled,Card,12.0
ORD03067,2025-07-13 16:26:17.194298576,Smartphone,East,Online,Suresh,CUST1154,8.0,55785.3,20.0,357025.92,238982.76,Cancelled,Net Banking,8.0
ORD00026,2024-01-05 13:31:38.574643660,Printer,North,Wholesale,Rahul,CUST1235,4.0,1052.15,10.0,3787.74,3196.03,Cancelled,UPI,1.0
ORD02303,2025-02-24 05:16:52.753188296, monitor,North,Retail,Karthik,CUST1109,5.0,59975.32,5.0,284882.77,249058.43,Cancelled,UPI,1.0
ORD01611,2024-10-20 21:33:48.207051764,Smartphone,East,Online,Suresh,CUST1072,8.0,28150.53,0.0,225204.24,155467.65,Completed,Card,8.0
ORD00680,2024-05-03 22:45:49.287321832,Tablet,North,Online,Anita,CUST1052,8.0,25750.42,5.0,195703.19,156188.29,Returned,Net Banking,5.0
ORD01843,2024-12-02 05:58:38.979744936,Headset,West,on-line,Meena,CUST1091,7.0,12766.34,5.0,84896.16,67190.67,Pending, net banking,11.0
ORD02645,2025-04-27 15:36:57.254313584,Tablet,West,Wholesale,Anita,CUST1130,2.0,47014.55,10.0,84626.19,70249.4,Cancelled,Card,1.0
ORD01223,2024-08-11 00:00:00,Tablet,North,Online,Anita,CUST1062,4.0,14678.38,20.0,46970.82,34081.24,Cancelled,UPI,2.0
ORD00782,2024-05-22 13:38:07.471867968,Monitor,West,Wholesale,Divya,CUST1069,4.0,13211.87,0.0,52847.48,37981.56,Cancelled,Cash,11.0
ORD03668,2025-10-31 09:28:34.928732184,Mouse,West,Online,Anita,CUST1224,2.0,852.15,20.0,1363.44,₹966.02,Cancelled,Cash,9.0
ORD03814,2025-11-27 01:06:58.604651168,Monitor,West,Online,Rahul,CUST1295,2.0,31928.05,5.0,60663.29,46110.69,Cancelled,Net Banking,3.0
ORD02339,2025-03-02 19:00:02.700675168,Smartphone,South,Online,Karthik,CUST1014,4.0,10043.89,0.0,40175.56, 35770.48 ,Completed,Cash,9.0
ORD01357,2024-09-04 12:45:54.688672168,Headset,South,Retail,Suresh,CUST1199,1.0,1701.57,15.0,,1074.53,Cancelled,UPI,3.0
ORD01616 ,2024-10-21 19:28:07.921980496,Laptop,West,Retail,Divya,CUST1243,5.0,55380.65,20.0,221522.6,177647.43,Completed,Card,-3
ORD03128,2025-07-24 19:41:05.716429112,Keyboard,East,Retail,Rahul,CUST1298,2.0,,20.0,33936.98,26724.33,Returned,Cash,10.0
ORD02383,2025-03-10 19:46:08.192048016, mouse,South,Wholesale,Priya,CUST1208,8.0,15207.33,15.0,103409.84,92865.54,Returned,Net Banking,8.0
ORD02148,2025-01-26 22:12:41.590397600,Headset,North,Wholesale,Karthik,CUST1108,3.0,14440.09,20.0,34656.22,25093.93,Returned,Cash ,5.0
ORD00884,2024-06-10 04:30:25.656414104,Mouse,North,Online,Suresh,CUST1181,3.0,1953.81,0.0,5861.43,4507.47,Cancelled,Net Banking,7.0
ORD00383,2024-03-10 17:34:42.220555139,Monitor , east,Wholesale,Priya,CUST1039,5.0,23298.01,5.0,110665.55,87699.4,Completed,UPI,10.0
ORD02836,2025-06-01 12:24:18.364591152,Keyboard,South,Retail,Rahul,CUST1201,2.0,2815.77,15.0,4786.81,3453.85,Completed,Cash,5.0
ORD01338,2024-09-01 01:31:27.771942988,Mouse,West,Online,Anita,CUST1060,3.0,2052.86,5.0,5850.65,4223.31,Completed,Card,3.0
ORD02753,2025-05-17 08:46:27.096774192,Tablet,West,,Anita,CUST1027,1.0,838.52,15.0,712.74,495.67,Pending,Cash,10.0
ORD00032,2024-01-06 15:48:50.232558139,Laptop ,East,Retail,Arun,CUST1184,7.0, 24603.6 ,5.0,163613.94,120941.52,Pending,Card,11.0
ORD02182,2025-02-02 03:10:07.651912980,Mouse,,Wholesale,Rahul,CUST1270,2.0,"₹1,970.87",5.0,3744.65,2924.01,Completed,Cash,6.0
ORD02035,2025-01-06 07:08:52.033008252,Headset,WEST,Online,,CUST1253,1.0,23376.8,10.0,21039.12,18129.87,Returned,Card,4.0
ORD03608,2025-10-20 10:36:38.349587400,Tablet,West,Retail,Meena,CUST1078,2.0,10477.0,10.0,18858.6,15141.83,PENDING, card, 11.0 
ORD00611,2024-04-21 08:28:05.221305326,Headset,East,Online,Arun,CUST1252,4.0,13947.73,0.0,55790.92,38371.01,Completed,Net Banking,8.0
ORD00571,2024-04-14 01:13:27.501875469,Monitor,South,Online,Anita,CUST1157,6.0,24571.47,10.0,132685.94,97783.21,Pending,Net Banking,10.0
ORD00344,2024-03-03 14:42:56.444111028,Headset,East,Retail,Anita,CUST1216,unknown,28721.86,15.0,170895.07,123043.56,Pending,UPI ,3.0
ORD01886,2024-12-10 02:21:52.528132036,Keyboard,East,Wholesale,Anita,CUST1299,5.0,22369.83,15.0,95071.78,83245.16,Cancelled,Net Banking,3.0
ORD01651,2024-10-28 04:48:25.926481620,Smartphone,North,Online,Karthik,CUST1230,4.0,21473.1,0.0,85892.4,77242.66,Cancelled,Net Banking,11.0
ORD03039,2025-07-08 13:46:02.790697680,Monitor,West,Retail,Priya,CUST1043,5.0,51498.28,20.0,205993.12,161916.19,Returned,Cash,10.0
ORD02497,2025-03-31 00:00:00,monitor ,South,Retail,Divya,CUST1076,2.0,848.69,20.0,1357.9,1102.77,Returned,Net Banking,6.0
ORD01048,2024-07-10 03:00:24.306076520,Printer,North,Wholesale,Divya,,5.0,11080.44,20.0,,37594.32,Pending,Cash,4.0
ORD03629,2025-10-24 06:36:49.152288072,Keyboard,South,Wholesale,Rahul,CUST1127,6.0,12572.74,5.0,71664.62,47368.18,Completed,UPI,12.0
ORD01072,2024-07-14 12:09:10.937734434,Monitor,South,Wholesale,Anita,CUST1170,5.0,59162.81,5.0,281023.35,204750.11,Completed,UPI,10.0
ORD01812,2024-11-26 14:09:48.747186800,Tablet,East,Online,Divya,CUST1030,3.0,2246.39,5.0,6402.21,5560.43,Returned,Net Banking,5.0
ORD03487,2025-09-28 08:29:53.248312080,Smartphone,East,Online,Rahul,CUST1240,3.0,12627.69,0.0,37883.07,28538.67,Returned,Net Banking,7.0
ORD02536,2025-04-07 18:04:35.468867216,Printer,North,Online ,Meena,CUST1139,3.0,12228.16,15.0,31181.81,26041.98,Returned,UPI,12.0
ORD00966,2024-06-25 03:45:24.981245312,Smartphone,East,WHOLESALE,Divya,CUST1232,3.0,22633.47,0.0,67900.41,53666.52,Returned,Cash,9.0
ORD00529,2024-04-06 09:13:05.896474119,Keyboard,East,Online,Arun,CUST1156,7.0,986.57,10.0,6215.39,4664.54,Cancelled,UPI,11.0
ORD00177,2024-02-02 03:04:21.965491373,Keyboard,North,Wholesale,Anita,CUST1163,4.0,1902.83,10.0,6850.19,4731.66,Returned ,Cash,9.0
ORD00423,2024-03-18 00:49:19.939984997,Mouse,East,Wholesale,Anita,,3.0,13102.78,10.0,35377.51,26662.47,Completed,Net Banking,10.0
ORD03369,2025-09-06 19:31:43.975994,Tablet,South,Online,Suresh,CUST1111,2.0,63786.73,5.0,121194.79,78892.67,Completed,Cash,3.0
ORD03242,2025-08-14 15:07:47.216804200,Printer,West,Wholesale,Anita,CUST1132,3.0,15661.91,10.0,42287.16,27592.87,Completed,Card,11.0
ORD02020,2025-01-03 13:25:52.888222056,Tablet,East,Online,Meena,CUST1106,4.0,58156.57,5.0,220994.97,175569.84,Pending,UPI,3.0
ORD00573,2024-04-14 09:59:11.387846962,Printer,East,Wholesale,Meena,CUST1042,1.0,824.52,10.0,742.07,645.35, cancelled,UPI,9.0
ORD03538,2025-10-07 15:56:02.340585152,Keyboard,West,Online,Priya,CUST1241,4.0,15019.94,0.0,60079.76,41794.86,Pending,Net Banking,3.0
ORD00289,2024-02-22 00:00:00,Smartphone,North,Wholesale,Meena,CUST1137,4.0,785.65,5.0,2985.47,2632.13,Completed,Card,10.0
ORD02659,2025-04-30 04:57:04.456114032,Laptop,East,Online,Priya,CUST1215,1.0,11043.96,0.0,11043.96,9826.01,Cancelled,Net Banking,4.0
ORD02922,2025-06-17 00:00:00,Smartphone,West,Wholesale,Divya,CUST1223,5.0,768.31,5.0,3649.47,2387.37,Pending, net banking,6.0
ORD02633,2025-04-25 11:02:33.938484624, keyboard,south,Online,Divya,CUST1125,6.0,14038.37,5.0,80018.71,62266.86,Returned,Upi,1.0
ORD01591,2024-10-17 05:56:29.347336836,Printer,West,whole-sale,Arun,CUST1212,8.0,47286.55,0.0,378292.4,273239.41,Pending,Card,3.0
ORD03943,2025-12-20 14:16:39.249812456,Smartphone,South,Retail,Suresh,CUST1213,2.0,18868.91,5.0,35850.93,30676.28,Cancelled,UPI,6.0
ORD02100,2025-01-18 03:55:08.327081772,Keyboard,South,Online,Meena,CUST1265,2.0,1763.09,5.0,3349.87,2694.22,Returned,Cash,3.0
ORD01392,2024-09-10 22:06:12.693173296,Keyboard,West,Wholesale,Suresh,CUST1027,6.0,2111.81,20.0,10136.69,8598.81,Cancelled,Cash,2.0
ORD02855,2025-06-04 23:38:45.281320336,Laptop,West,whole-sale,Karthik,CUST1286,4.0,29578.15,20.0,94650.08,82984.11,Returned,UPI,7.0
ORD01740,2024-11-13 10:43:28.852213056,Printer,East,Online,Meena,CUST1287 ,5.0,14937.88,0.0,"₹74,689.40",56052.29,Cancelled,Card,3.0
ORD01730,2024-11-11 14:54:49.422355592,Monitor,West,Retail,Anita,CUST1183 ,1.0,58903.29,10.0,53012.96,43054.99,Returned,UPI,10.0
ORD01919,2024-12-16 02:56:26.646661668,Keyboard,West,Wholesale,Suresh,CUST1051,1.0,63564.59,5.0%,60386.36,41042.25,Returned,Card,1.0
ORD03101,2025-07-19 21:23:43.255813960,Printer,North,Online,Suresh,CUST1286,6.0,965.86,10.0,5215.64,3915.02,Pending,Card,6.0
ORD00371,2024-03-08 13:00:18.904726182,Laptop,South, online,Meena,CUST1218,2.0,27623.81,5.0,52485.24,38069.88,Completed,Card,9.0
ORD03293,2025-08-23 00:00:00,Headset,South,Retail,Anita,CUST1002,5.0,23339.7,5.0,110863.57,83433.25,Cancelled,UPI,8.0
ORD03713,2025-11-08 14:37:32.363090776,Monitor,East,ONLINE,Rahul,CUST1226,7.0,11866.85,0.0,83067.95,61630.37,Cancelled,UPI,1.0
ORD02635,2025-04-25 19:48:17.824456120,Mouse,East,Retail,Karthik,CUST1272,5.0,62085.58,5.0,294906.51,214168.71,Completed,Cash,4.0
ORD03412,2025-09-14 15:54:57.524381096,Headset,East,Wholesale,Priya,CUST1185,6.0,17566.32,5.0,100128.02,89258.38,Pending, upi,1.0
ORD02070,2025-01-12 16:29:10.037509380,Smartphone,West,Online,Rahul,CUST1288,3.0,1906.96,5.0,5434.84,4288.87,Returned,UPI,9.0
ORD00142,2024-01-26 17:44:03.960990247,Laptop,West,Retail ,Rahul,CUST1009,7.0,52536.54,15.0,312592.41,210529.58,Cancelled,UPI,6.0
ORD03356,2025-09-04 10:34:28.717179296,Monitor,East,Wholesale,Karthik,CUST1160,2.0,18820.49,0.0,37640.98,26650.55,Pending,CARD,3.0
ORD00492,2024-03-30 15:07:04.006001501,Tablet,North,,Rahul,CUST1294,2.0,47210.65,15.0,80258.1,53675.37,Pending,Net Banking,12.0
ORD00199,2024-02-06 03:27:24.711177794,Tablet,East,Online,Divya,CUST1296, 4.0 ,16935.43,0.0,67741.72,51297.32,Cancelled,Card,5.0
ORD01789,2024-11-22 09:23:54.058514632,Mouse,East,Wholesale,Divya,CUST1202,4.0,1602.47,0.0,6409.88,4950.66,Cancelled,Cash,7.0
ORD02527,2025-04-06 02:38:47.981995504,Smartphone,East,Wholesale,Anita,CUST1124,5.0,19511.35,5.0,92678.91,62209.94,Completed,UPI,3.0
ORD03925,2025-12-17 00:00:00,Laptop,West,Online,Divya,CUST1212,3.0,776.38,5.0,2212.68,1445.79,Pending,Net Banking,1.0
ORD01457,2024-09-22 00:00:00,Laptop,North,Online,Meena,CUST1102,3.0,23816.41,5.0,67876.77,60526.49,Pending,Cash,8.0
ORD00196,2024-02-05 14:18:48.882220555,Keyboard,West,Wholesale,Suresh,CUST1273,1.0,17648.73,0.0,17648.73,13292.22,Returned,Card,4.0
ORD00875,2024-06-08 13:04:38.169542386,Laptop,South,on-line,Arun,CUST1068,7.0,30623.72,15.0,182211.13,124682.96,Pending ,UPI,5.0
ORD02440,2025-03-21 05:29:28.942235560,Mouse,South,Online,Priya,CUST1136,,14257.51,0.0,114060.08,97635.36,Cancelled,Cash,5.0
ORD03824,2025-11-28 20:55:38.034508632,Headset,East,Online,Rahul, CUST1221,3.0,12062.95,10.0,32569.97,22800.23,Cancelled,Net Banking,4.0
ORD00841,2024-06-02 08:07:12.108027008,Headset,South,Retail,Arun,CUST1098,3.0,11335.15,15.0,28904.63,25837.92,Completed,Net Banking,12.0
ORD00582,2024-04-16 01:24:58.874718680,Keyboard,West,on-line,Karthik,CUST1275,3.0,51735.35,10.0,139685.45,116759.86,Cancelled,Card,3.0
ORD03949 ,2025-12-21 16:33:50.907726936,Keyboard,South,Retail,Rahul,CUST1206,1.0,23631.98,20.0,18905.58,14606.71,canceled,UPI,2.0
ORD00906,2024-06-14 04:53:28.402100526,Mouse,East,Online,Suresh,CUST1260,8.0,23269.6, 10.0 ,167541.12,140917.69,Returned,Cash,11.0
ORD00632,2024-04-25 04:28:16.024006002,Headset,West, retail,Arun,CUST1104,,13975.95,15.0,"₹59,397.79",45368.33,Pending, cash,3.0
ORD02577,2025-04-15 05:42:05.131282824,Smartphone,,Retail,Rahul,CUST1250,7.0,1032.46,10.0,6504.5,5464.43,Cancelled,UPI,7.0
ORD00163,2024-01-30 13:44:14.763690923,Tablet,East,Wholesale,Priya,CUST1164,6.0,1047.38,15.0,5341.64,4457.46,Pending,Net Banking,2.0
ORD02074,2025-01-13 10:00:37.809452364,Keyboard,North,Online,Meena,CUST1275,500,1543.03,15.0,25000000,4500000,Pending,upi,11.0
ORD02081,2025-01-14 16:40:41.410352592,Printer,North,Wholesale,Karthik,CUST1213,8.0,28145.77,5.0,213907.85,143588.66,Pending,Cash,5.0
ORD01761,2024-11-17 06:43:39.654913728,HEADSET,north,Wholesale,Meena,CUST1268,3.0,19856.58,5.0,56591.25,43421.15,Pending,UPI,5.0
ORD02662,2025-04-30 18:05:40.285071272,Monitor,South,Wholesale,Priya,CUST1236,3.0,869.21,15.0,2216.49,1994.17,Pending,Card,7.0
ORD00926,2024-06-17 20:30:47.261815454,Printer, north,Wholesale,Suresh,CUST1089,100,11075.12,20.0,25000000,22000000,Returned,Cash,9.0
ORD01833,2024-11-30 10:09:59.549887472,Smartphone,East,Retail,Arun,CUST1200,2.0,56012.97,20.0,89620.75,68070.96,Cancelled,Cash ,3.0
ORD00548,2024-04-09 20:27:32.813203301,Laptop,West,Wholesale,Meena,CUST1154,,13545.62,20.0,32509.49,22565.88,Returned,UPI,11.0
ORD02294,2025-02-22 13:51:05.266316584,Keyboard,North,Wholesale,Arun,CUST1090,7.0,2404.2,15.0,14304.99,9765.72,Completed,Card,1.0
ORD01189,2024-08-04 20:44:28.267066768,,East,Wholesale,Anita,CUST1061,8.0,11163.27,5.0,84840.85,71881.1,Cancelled,Cash,6.0
ORD02000,2024-12-30 21:48:34.028507128,Printer,North,Online,Arun,CUST1172,5.0,55592.82,20.0,222371.28,153512.2,Cancelled,Card,5.0
ORD02098,2025-01-17 19:09:24.441110280,Monitor,South,Online,Karthik,CUST1207,4.0,938.61,20.0,3003.55,2092.45,Completed,UPI,1.0
ORD00612,2024-04-21 12:50:57.164291074,Printer,West,Wholesale,Priya,CUST1087,2.0,27317.93,5.0,51904.07,45982.02,Completed,Cash,4.0
ORD02195,2025-02-04 12:07:22.910727684,Headset,West ,Retail,Divya,CUST1161,5.0,769.75,0.0,3848.75,2544.09,Pending,UPI,9.0
ORD03662,2025-10-30 07:11:23.270817704,Mouse,North,Wholesale,Anita,CUST1127,2.0,27822.15,5.0,52862.08,43649.1,Returned,Cash,3.0
ORD01508,2024-10-02 02:18:38.079519880,Tablet,West,Retail,Arun,CUST1282,7.0,939.3,0.0,6575.1,4822.92,Pending,Net Banking,10.0
ORD01870,2024-12-07 04:16:01.440360092,Mouse,North,Online,Karthik, CUST1029,5.0,24010.64,10.0,108047.88,85841.1,Completed,Card,7.0
ORD00743,2024-05-15 10:46:21.695423856,Tablet,West,Wholesale,Priya,CUST1061,6.0,14052.76,10.0,75884.9,56277.41, pending,Card,4.0
ORD00638,2024-04-26 06:45:27.681920480,Laptop,South,Wholesale,Meena,CUST1130,5.0,893.68,0.0,4468.4,3021.68,Returned,Cash,11.0
ORD03536,2025-10-07 07:10:18.454613656,Printer,South,Wholesale,Karthik,CUST1108,5.0,14271.26,15.0,60652.86,"45,981.50",Completed,Card,6.0
ORD02016,2025-01-02 19:54:25.116279072,Mouse,North,Retail,,CUST1284,8.0,12739.89,15.0,86631.25,62171.87,Cancelled,Cash,4.0
ORD03762,2025-11-17 13:17:57.569392352,Monitor,NORTH,Online,Priya,CUST1192,1.0,919.55,10.0,827.6,688.69,Returned,Net Banking,5.0
ORD01098,2024-07-19 00:00:00,Smartphone,West,Retail,Rahul,CUST1296,4.0.0,unknown,20.0,151352.29,115294.71,Returned,UPI,3.0
ORD01484,2024-09-27 17:09:51.447861968,Monitor,East,Wholesale,Divya,cust1063,4.0,16226.11,10.0,58414.0,46177.33,Returned,Card,3.0
ORD00049,2024-01-09 18:17:33.263315829,Printer,West,Wholesale,Meena,CUST1250,6.0,55450.11,10.0,299430.59,226634.6,Pending,Cash,7.0
ORD01352,2024-09-03 14:51:34.973743436,Monitor,East,Retail,Meena,CUST1172,4.0,778.68,20.0,2491.78,1630.21,return,Cash,5.0
ORD00922,2024-06-17 02:59:19.489872468,Laptop,East,Retail,Meena,CUST1115,8.0,27389.2,20.0,175290.88,140799.75,Returned,Net Banking,2.0
ORD03563,2025-10-12 05:27:40.915228808,Printer,South,Retail,Anita,CUST1135,4.0,21287.39,15.0,72377.13,55766.49,Completed,Card,1.0
ORD00757,2024-05-18 00:06:28.897224306,Laptop,,Online,Karthik,CUST1170,6.0,2095.18,20.0,10056.86,6582.8,return,Net Banking,4.0
ORD02125,2025-01-22 17:26:46.901725432,Headset,South,Wholesale,Karthik,CUST1101,5.0,927.39,10.0,4173.26,3723.93,Completed,Net Banking,2.0
ORD02367,2025-03-07 21:40:17.104276072,Mouse,South,Wholesale,Priya,CUST1023,2.0,2701.63,0.0,5403.26,4766.77,Completed,Net Banking,12.0
ORD01468,2024-09-24 19:04:00.360090024,Headset,South,RETAIL,Divya,CUST1030,2.0,30109.95,5.0,57208.9,"₹39,578.85",Completed,Card,6.0
ORD03643,2025-10-26 19:56:56.354088528,KEYBOARD,West,Wholesale,Anita,CUST1292,7.0,13422.25,10.0,84560.18,65620.18,Completed,Net Banking,9.0
ORD01695,2024-11-05 05:34:31.417854464,Printer,North,Wholesale,Arun,CUST1170,7.0,12510.49,10.0,78816.09,64370.03,Cancelled,UPI,8.0
ORD01323,2024-08-29 07:48:28.627156792,Printer,East,Retail,Priya,CUST1130,8.0,18421.63,20.0,117898.43,87246.33,Pending,Cash,6.0
ORD01177,2024-08-02 16:10:04.951237812,Keyboard,North,Wholesale,Priya,CUST1200,2.0,1872.95,15.0,,2765.07,Returned,UPI,5.0
ORD01948,2024-12-21 09:59:32.993248312,Tablet,South,Wholesale,Karthik,CUST1071,5.0,23833.45,0.0,119167.25,,Pending,Net Banking,10.0
ORD01214,,Monitor,North,Online,Meena,CUST1226,1.0,1551.26,15.0,1318.57,1172.18,Pending,Card,1.0
ORD03934,2025-12-18 22:50:51.762940736,Printer,South,Retail,Meena,CUST1249,7.0,10676.86,5.0,71001.12,52289.28,Pending,UPI,9.0
ORD02534,2025-04-07 00:00:00,Smartphone,South,Online,Karthik,CUST1082,7.0,11891.0,20.0,66589.6,48882.15,Cancelled,Card,12.0
ORD02288,2025-02-21 11:33:53.608402104,Tablet,,Online,Rahul,CUST1242,3.0,24059.24,5.0,68568.83,49928.36,Cancelled,Card,9.0
ORD02782,2025-05-22 15:49:33.443360840,Headset,North,Online,Rahul,CUST1170,2.0,25616.6,5.0,48671.54,35032.93,Returned,Net Banking,3.0
ORD02678,2025-05-03 16:11:31.372843216,Smartphone,South,Online,Divya,CUST1011,8.0,55659.81,20.0,356222.78,267669.83,CANCELLED,Credit Card,12.0
ORD01071,2024-07-14 07:46:18.994748688,Headset,South,Retail,Suresh,CUST1092,3.0,24526.98,20.0,58864.75,46220.51,Pending,Net Banking,2.0
ORD03730,2025-11-11 00:00:00,,West,Retail,Karthik,CUST1160,4.0,13516.12,15.0,45954.81,32824.33,Pending,Net Banking,11.0
ORD02831,2025-05-31 14:29:58.649662416,Smartphone,South,Wholesale,Karthik,CUST1241,3.0,13294.15,0.0,39882.45,26976.99,Cancelled,Net Banking,5.0
ORD02442,2025-03-21 14:15:12.828207056,Headset,South,Online ,Anita, CUST1229,8.0,24383.43,15.0,165807.32,115242.66,Completed,Net Banking,3.0
ORD03604,2025-10-19 17:05:10.577644416,Laptop,South,Retail,Karthik,CUST1172,6.0,"₹13,664.94", 15.0 ,69691.19,52384.02,Cancelled,UPI,6.0
ORD01715,2024-11-08 21:11:50.277569392,LAPTOP,North,Online,Priya,CUST1197,5.0,13574.35,5.0,64478.16,51371.95,Returned,Net Banking,4.0
ORD03022,2025-07-05 11:17:19.759939984,mouSE,North,Online,Divya,CUST1070,7.0,14608.73,20.0,81808.89,56465.73,Returned,Card,2.0
ORD02197,2025-02-04 20:53:06.796699176,Printer,North,Retail,Meena,CUST1259,6.0,1894.33,20.0,9092.78,6013.93,Cancelled,Net Banking,7.0
ORD01150,2024-07-28 17:52:42.490622656,Tablet,East,Wholesale,Anita,CUST1264,5.0,10306.67,15.0,43803.35,32182.99,Cancelled,Cash,5.0
ORD03087,2025-07-17 08:03:36.054013504,Tablet,West,Online,Meena,CUST1264,6.0,23509.45,0.0,141056.7,121183.21,Pending,NET BANKING,5.0
ORD02229,2025-02-10 17:04:48.972243064,Mouse,South,Online,Divya,CUST1176,1.0,58802.6,5.0,55862.47,38265.62,Completed,Card,5.0
ORD02964,2025-06-24 21:11:07.066766696,Smartphone,West,Online,Anita,CUST1112,6.0,13195.87,5.0,75216.46,61553.76,Completed,UPI,3.0
ORD02610,2025-04-21 06:16:39.249812456,Keyboard,South,Online,Meena,CUST1102,8.0,49620.96,10.0,357270.91,237447.43,Cancelled,Card,9.0
ORD01552,2024-10-10 03:04:43.570892724,Laptop,North,Retail,Arun,CUST1140,8.0,,20.0,205943.36,156209.12,Cancelled,Card,4.0
ORD02555,2025-04-11 05:19:02.385596400,Smartphone,East,Wholesale,Suresh,CUST1081,5.0,2739.94,0.0,13699.7,-12214.22,Returned,Net Banking,6.0
ORD01289,2024-08-23 02:51:02.565641412,Printer,South,Wholesale,Karthik,CUST1272,6.0,25793.53,10.0,139285.06,111549.68,Cancelled,Cash,12.0
ORD03862,2025-12-05 19:24:31.867966992,Tablet,North,Online,Anita,CUST1024,8.0,45205.91,20.0,289317.82,242176.29,Completed,UPI,4.0
ORD02808,2025-05-27 09:44:03.960990248,Printer,North,Retail,Arun,CUST1095,7.0,14575.02,20.0,81620.11,70169.61,Pending,Card,1.0
ORD01642,2024-10-26 13:22:38.439609904,Laptop,South,Wholesale,Suresh,,6.0,1015.01,5.0,5785.56,5037.14,Pending,UPI,3.0
ORD00868,2024-06-07 06:24:34.568642162,Keyboard,South,Wholesale,Meena,CUST1108,5.0,19075.23,5.0,90607.34,78977.98,Completed,UPI,11.0
ORD00927,2024-06-18 00:53:39.204801202,Smartphone,North,Wholesale,Priya,CUST1296,7.0,24862.05,5.0,165332.63,142455.32,,Cash,9.0
ORD03211,2025-08-08 23:18:56.984246064,Smartphone,East,Retail,Priya,CUST1298,6.0,64669.74,20.0,310414.75,237876.84,Returned,Card,11.0
ORD00998,2024-06-30 23:57:07.156789198,Mouse,East,Wholesale,Karthik,CUST1035,8.0, 16357.43 ,20.0,104687.55,85240.66,Returned,Net Banking,11.0
ORD03021,2025-07-05 06:54:27.816954240,Tablet,South,whole-sale,Anita,CUST1161,8.0,930.32,0.0,7442.56,5074.17,Pending,UPI,11.0
ORD01830,2024-11-29 21:01:23.720930236,Mouse,South,ONLINE,Meena,CUST1055,1.0,1874.6,20.0,1499.68,1316.2,Pending,UPI,1.0
ORD01133,2024-07-25 15:23:59.459864968,Smartphone,East,Online,Meena,CUST1237,8.0,22848.15,20.0,146228.16,118127.04,Completed,UPI,12.0
ORD01341,2025-99-99,Smartphone,south,Online,Priya,CUST1293,4.0,10996.0,5.0,41784.8,35887.71,pendng,Card,8.0
ORD03675,2025-11-01 16:08:38.529632408,Headset,East,Retail,Anita,CUST1223,7.0,59091.52,15.0,351594.54,311217.42,Completed,Card,8.0
ORD00211,2024-02-08 08:01:48.027006752,Laptop,south,Wholesale,Suresh,CUST1007,8.0,60773.27,15.0,413258.24,,Completed,Cash,9.0
ORD03980,2025-12-27 08:22:41.140285072,Smartphone,South,Retail,Rahul,CUST1135,5.0,10489.34,5.0,49824.36,32866.53,Returned,Card,8.0
ORD00060,2024-01-11 18:29:04.636159039,Keyboard,South,Wholesale,Meena,CUST1044,5.0,1027.19,20.0,4108.76,3224.7,Pending,Net Banking,8.0
ORD03671,2025-10-31 22:37:10.757689424,Mouse,North,Retail,Suresh,CUST1154,8.0,2899.64,0.0,23197.12,17376.25,Returned,Card,7.0
ORD02620,2025-04-23 02:05:18.679669920,Smartphone,South,Retail,Rahul,CUST1274,5.0,2084.56,10.0,9380.52,6960.93,Completed,Cash,12.0
ORD03898,2025-12-12 09:07:41.815453864,Keyboard,South,Retail,Priya,CUST1166,1.0,30289.48,10.0,27260.53,17724.23,Completed,UPI,8.0
ORD03947,2025-12-21 07:48:07.021755440,Printer,North,Retail,Anita,CUST1142,8.0,31040.56,10.0,223492.03,169939.65,Cancelled,Card,4.0
ORD00766,2024-05-19 15:32:16.384096024,Laptop,,Online,Rahul,CUST1276,2.0,20505.56,15.0,34859.45,27977.62,Cancelled,UPI,12.0
ORD02103,2025-01-18 17:03:44.156039012,Smartphone,East,Wholesale,Suresh,CUST1065,7.0,2147.24,15.0,12776.08,9832.76,Completed,Cash,7.0
ORD03230,2025-08-12 10:33:23.900975248,Smartphone,West,Wholesale,Meena,CUST1144,7.0,751.31,20.0,4207.34,3100.06,Completed,UPI,8.0
ORD01079,2024-07-15 18:49:14.538634660,Headset,West,Wholesale,Rahul,CUST1062,3.0,1568.0,15.0,3998.4,2946.76,Returned,Cash,3.0
ORD02660,2025-04-30 09:19:56.399099776,Keyboard,North,Retail,Suresh,CUST1071,7.0,"2,178.53",5.0,14487.22,11516.72,Pending,Cash,5.0
ORD03743,2025-11-14 02:03:30.652663168,Smartphone,East,Wholesale,Priya,CUST1263,4.0,14479.69,5.0,55022.82,45100.28,Completed,UPI,7.0
ORD02045,2025-01-08 02:57:31.462865720,Monitor,North,Retail,Meena,CUST1276,1.0,31522.42,0.0,31522.42,20844.18, pending,Card,3.0
ORD02067,2025-01-12 03:20:34.208552140,Tablet,West,Retail,Anita,cust1295,3.0,29631.29,5.0,84449.18,68271.07,Cancelled,UPI,10.0
ORD00583,2024-04-16 05:47:50.817704426,Smartphone,South,Retail,Karthik,CUST1226,3.0,19313.22,5.0,55042.68,,Cancelled,Cash,
ORD02124,2025-01-22 13:03:54.958739688,Laptop,East,Online,Anita,CUST1004,3.0,2275.79,5.0,6486.0,4411.21,Returned,,5.0
ORD03529 ,2025-10-06 00:30:14.853713432,Headset,North,Retail,Priya,CUST1293 ,5.0,998.06,15.0,4241.75,3019.03,Pending,UPI,10.0
ORD03617,2025-10-22 02:02:25.836459120,Laptop,North,Online,Meena,CUST1115,3.0.0,23424.38,15.0,59732.17,46947.66,Completed,Cash,12.0
ORD00941,2024-06-20 00:00:00,Monitor,East,Retail,Karthik,CUST1161,4.0,961.2,0.0,3844.8,3338.56,Completed,UPI ,6.0
ORD01081,2024-07-16 03:34:58.424606152,Mouse,North,Online,Rahul,CUST1169,4.0,57992.72,15.0,197175.25,158771.85,Completed,Cash,5.0
ORD00188,2024-02-04 03:15:53.338334584,Tablet,West,Wholesale,Rahul,CUST1061,8.0,23677.58,10.0,170478.58,124405.71,Cancelled,Cash,10.0
ORD03106,2025-07-20 19:18:02.970742688,Smartphone,East,Online,Karthik,CUST1023,2.0,14981.18,0.0,29962.36,20399.26,Pending,Net Banking,5.0
ORD02311,2025-02-25 16:19:48.297074272,Printer,North,Online,Divya,CUST1017,8.0,16929.05,0.0,135432.4,113920.69,Pending,UPI,4.0
ORD02677,2025-05-03 11:48:39.429857464,Tablet,East,Retail,Priya,CUST1068,2.0,1662.31,0.0,3324.62,2608.35,Cancelled,Card,9.0
ORD03095,2025-07-18 19:06:31.597899480,Headset,South,Online,Anita,CUST1032,8.0,13032.38,20.0,83407.23,57251.32,Cancelled,,6.0
ORD03820,2025-11-28 03:24:10.262565648,Smartphone,West,Wholesale,Priya,CUST1054,2.0,12604.2,0.0%,25208.4,16535.98,Cancelled,Cash,12.0
ORD01601,2024-10-19 01:45:08.777194300,Printer,North,Retail,Divya,CUST1229,1.0,15288.2,0.0,15288.2,11860.33,Returned,Net Banking,10.0
ORD03857,2025-12-04 21:30:12.153038264,Laptop,North,Retail,Suresh, CUST1157,7.0,13580.18,15.0,80802.07,61556.49,Cancelled,Card,11.0
ORD00227,2024-02-11 06:07:39.114778695,Mouse,North,Retail,Divya,CUST1150,4.0,875.45,15.0,2976.53,2609.19,Returned,Card,6.0
ORD01613,2024-10-21 06:19:32.093023256,Smartphone,North,Retail,Anita,CUST1076,2.0,1583.4,20.0,2533.44,2210.97,Completed,UPI,8.0
ORD00536,2024-04-07 15:53:09.497374344,Mouse,West,Wholesale,Rahul,CUST1172,1.0,834.0,0.0,834.0,590.81,Cancelled,Cash,2.0
ORD03849,2025-12-03 00:00:00,Printer,West,Online,Divya,CUST1216,2.0,14537.92,15.0,24714.46,20324.77,Returned,,10.0
ORD03216,2025-08-09 00:00:00,Tablet,South,Online,Karthik,CUST1226,8.0,1943.5,10.0,13993.2,12388.46,Cancelled,Net Banking,4.0
ORD03127,2025-07-24 15:18:13.773443360,Laptop,South,Wholesale,Anita,CUST1023,1.0,26361.77,15.0,22407.5,14666.16,Completed,Cash,3.0
ORD00698,2024-05-07 05:37:24.261065266,Tablet,West,Wholesale,Anita,CUST1067,3.0,11295.85,5.0,32193.17,27596.66,Completed,Card,8.0
ORD03614,2025-10-21 12:53:50.007501880,Monitor,South,Online,Suresh,CUST1213,3.0,62114.63,0.0,186343.89,126248.81,Cancelled,Net Banking,1.0
ORD02375,2025-03-09 08:43:12.648162040,Printer,North,Wholesale,Arun,CUST1102, 8.0 ,21143.14,0.0,169145.12,143874.91,Pending, cash,7.0
ORD01778,2024-11-20 09:12:22.685671420,Tablet,West,Retail,Anita,CUST1119,4.0,2179.67,0.0,8718.68,7027.25,Completed,Card,3.0
ORD03625,2025-10-23 13:05:21.380345088,Mouse,West,Online,Anita,CUST1224,4.0,10543.74,5.0,40066.21,34180.62,Pending,Card,4.0
ORD02805,2025-05-26 20:35:28.132033008,Mouse,East,Retail,Divya,CUST1027,5.0,53990.95,10.0,242959.27,185821.55,Pending,Net Banking,4.0
ORD01038,2024-07-08 07:11:44.876219056,Laptop,West,Retail,Divya,CUST1197,8.0,2045.97,10.0,14730.98,12781.26,Cancelled ,Card,3.0
ORD00209,2024-02-07 23:16:04.141035259,Tablet,West,Online,Arun,CUST1269,6.0,20362.23,5.0,116064.71, 84978.65 ,Completed,UPI,11.0
ORD01847,2024-12-02 23:30:06.751687924,Laptop,West,Retail,Anita,CUST1198,8.0,30774.46,10.0,221576.11,157010.25,Completed,UPI,7.0
ORD00566,2024-04-13 03:19:07.786946737,Laptop,East,Online,Priya,CUST1239,1.0,23769.49,20.0,19015.59,14717.48,Returned,Net Banking,3.0
ORD00314,2024-02-27 03:16:58.154538635,Keyboard,East,RETAIL,Anita,CUST1051,1.0,887.86,10.0,799.07,668.72,Pending,Card,5.0
ORD00602,2024-04-19 17:02:17.734433608,Laptop,South,Online,Karthik,CUST1073,3.0,745.17,10.0,2011.96,1470.55,Pending,Cash,3.0
ORD00234,2024-02-12 12:47:42.715678920,Monitor,West,Retail,Anita,CUST1050,6.0,1661.14,15.0,8471.81,7346.33,Returned,Net Banking,6.0
ORD01261,2024-08-18 00:10:48.162040512,Smartphone,east,Retail,Meena,CUST1078,1.0,58812.14,10.0,52930.93,36184.05,Pending,Cash,2.0
ORD00932,2024-06-18 22:47:58.919729934,Headset,South,Retail,Priya,CUST1250,7.0,13258.12,0.0,92806.84,72970.0,Completed,Card,11.0
ORD03221,2025-08-10 19:07:36.414103528,key board,West,Online,Suresh,CUST1282,3.0,50423.46,20.0, 121016.3 ,79297.05,Returned,Net Banking,11.0
ORD01724,2024-11-10 12:37:37.764441112,Laptop,South,Wholesale,Karthik,CUST1087,6.0,1997.26,10.0,10785.2,8938.5,Returned ,Card,1.0
ORD00112,2024-01-21 06:18:05.671417854,Keyboard,North,Retail,Arun,CUST1137,6.0,768.35,0.0,4610.1,3420.37,Completed,Card,5.0
ORD02705,2025-05-08 14:28:53.833458368,Laptop,East,Online,Suresh,CUST1207,3.0,26195.65,20.0,62869.56,49134.04,Returned,UPI,12.0
ORD01090,2024-07-17 19:00:45.911477870,Laptop,West,whole-sale,Rahul,CUST1092,3.0,16048.41,10.0,43330.71,33718.39,Cancelled,Card,10.0
ORD02743,2025-05-15 12:57:47.666916728,Laptop,East,Wholesale,Rahul,CUST1271,4.0,16041.77,0.0,64167.08,57547.74,Completed,Net Banking,11.0
ORD02029,2025-01-05 04:51:40.375093776,Keyboard,West,Retail,Karthik,CUST1261,3.0,13375.4,15.0,34107.27,22511.98,Returned,Cash,7.0
ORD03945,2025-12-20 23:02:23.135783952,Smartphone, north,Retail,Anita,CUST1012,4.0,840.58,15.0,2857.97,2143.59,Cancelled,UPI,6.0
ORD01744,2024-11-14 04:14:56.624156040,Monitor,West,Retail,Anita,CUST1139,4.0,853.0,10.0,3070.8,2035.93,Returned,Net Banking,12.0
ORD00473,2024-03-27 03:52:37.089272318,monitor ,East,Online,Rahul,CUST1199,6.0,804.88,10.0,4346.35,2837.08,Completed,Cash,4.0
ORD02097,2025-01-17 14:46:32.498124532,Smartphone, north,Retail,Karthik,CUST1026,1.0,11999.82,10.0,10799.84,"₹8,991.54",Cancelled,Card,2.0
ORD03733,2025-11-12 06:14:51.222805704,Printer,North, online,Meena,CUST1274,4.0,26724.32,5.0,101552.42,75746.29,Cancelled,UPI,12.0
ORD01787,2024-11-22 00:38:10.172543136,Printer,North,Retail,Meena,CUST1026,6.0,31428.29,5.0,179141.25,160754.69,Cancelled,Net Banking,12.0
ORD03277,2025-08-21 00:28:05.221305328,Headset,North,Online,Divya, CUST1027,2.0,15462.53,20.0,24740.05,16133.58,Returned,Card,4.0
ORD01374,2024-09-07 15:14:37.719429860,Tablet,North,ONLINE,Divya,CUST1088,3.0,925.37,5.0,2637.3,1811.14,Cancelled,UPI,9.0
ORD03704,2025-11-06 23:11:44.876219056,Monitor,West,Online,Anita,CUST1124,5.0,23343.32,0.0,116716.6,104189.06,Completed,Net Banking,12.0
ORD00362,2024-03-06 21:34:31.417854464,Printer,North,Wholesale,Rahul,Cust1025,4.0,23630.28,20.0,75616.9,63161.3,Returned,Net Banking,7.0
ORD00136,2024-01-25 15:26:52.303075769,Tablet,West,Online,Meena,CUST1231,5.0,24450.14,15.0,103913.1,88588.86,Cancelled,UPI,7.0
ORD01135,2024-07-26 00:09:43.345836460,Printer,South,Retail,Suresh,CUST1262,1.0,2263.69,10.0,2037.32,1585.22,Returned,Net Banking,2.0
ORD01152,2024-07-29 02:38:26.376594148,Tablet,South,Retail,Rahul,CUST1049,8.0,2511.4,5.0,19086.64,13806.74,Returned,Cash,11.0
ORD02469,2025-03-26 12:32:35.288822208,Monitor,North,Wholesale,Anita,CUST1099,2.0,13769.25,0.0,27538.5,21817.07,Returned,Net Banking,1.0
ORD01054,2024-07-11 05:17:35.963990998, tablet,North,Wholesale,Priya,CUST1169,4.0,13543.01,20.0,43337.63,37986.98,Pending,UPI, 12.0 
ORD03317,2025-08-28 07:42:42.940735184,Keyboard,South,Retail,Divya,CUST1129,-5,29670.91,0.0,59341.82,46355.94,Cancelled,Cash,9.0
ORD00023,2024-01-05 00:23:02.745686421,Headset,North,Online,Rahul,CUST1112,7.0,1643.69,20.0,9204.66,7507.6,Completed,UPI,12.0
ORD01973,2024-12-25 23:31:11.567891976,Printer,South,Wholesale,Priya,CUST1199,8.0,23970.48,20.0,153411.07,100353.56,Pending,cash ,11.0
ORD02953,2025-06-22 00:00:00,Monitor,West,Online,Divya,CUST1059,5.0,47063.09,15.0,200018.13,161162.31,Returned,Net Banking,10.0
ORD01653,2024-10-28 13:34:09.812453116,Smartphone,West,Retail,Arun,CUST1278,7.0,13488.6,5.0,89699.19,66164.83,Completed,UPI,10.0
ORD00696,2024-05-06 20:51:40.375093774,Smartphone,South,Retail,Karthik,CUST1244,,10859.74,0.0,76018.18,50808.59,Pending,Net Banking,2.0
ORD00421,2024-03-17 16:03:36.054013504,Smartphone,North,Online,Meena,CUST1131,1.0,1484.49,15.0,1261.82,1029.5,Returned,UPI,8.0
ORD03950,2025-12-21 20:56:42.850712680,Keyboard,West,Retail,,CUST1060,8.0,821.49,15.0,5586.13,4866.81,Returned,Cash,7.0
ord00461,2024-03-24 23:18:13.773443361,Laptop,East,Wholesale,Karthik,CUST1168,1.0,"13,591.78",10.0,12232.6,9441.83,Pending,Card,1.0
ORD01068,2024-07-13 18:37:43.165791448,Laptop,West,Retail,Karthik,CUST1269,8.0,16184.51,0.0,129476.08,112976.23,Returned,Card,12.0
ORD00088,2024-01-16 21:09:19.039759940,Smartphone,West,Wholesale,Meena,CUST1255,3.0,23149.77,5.0,65976.84,45760.98,Pending,Card,8.0
ORD00283,2024-02-21 11:28:07.921980495,Laptop,South,Online,Anita,CUST1066,5.0,26493.92,0.0,132469.6,105641.78,Completed,Cash,2.0
 ORD02999,2025-07-01 06:31:25.071267816,Tablet,West,Retail,Divya,CUST1204,1.0,901.04,15.0,765.88,644.33,Returned,Card,11.0
ORD01314,2024-08-27 00:00:00,Laptop,East,Retail,Suresh,CUST1291,1.0,46867.93,10.0,42181.14,34662.55,Pending,UPI,1.0
ORD01408,2024-09-13 20:12:03.780945236,Headset,North,Retail,Suresh,CUST1162,7.0,2558.58,10.0,16119.05,13586.86,Pending,UPI,3.0
ORD03795,2025-11-23 13:52:31.687921984,Keyboard,West,Wholesale,Karthik,CUST1200,2.0,22173.15,20.0,35477.04,23717.96,RETURNED,UPI,7.0
ORD02113,2025-01-20 12:52:23.585896476,Keyboard,South,Wholesale,Priya,CUST1286,7.0,926.93,5.0,6164.08,"₹5,131.94",Cancelled,UPI,6.0
ORD00860,2024-06-05 19:21:39.024756190,Tablet,East,Retail,Divya,CUST1271,2.0,-32875.48,0.0,65750.96,46669.7,Cancelled,Card,11.0
ORD00534,2024-04-07 07:07:25.611402851,Smartphone,South,Online,Anita,CUST1205,1.0,815.36,10.0,733.82,497.25,Returned,Cash,8.0
ORD03510,2025-10-02 13:15:47.936984248,Keyboard,South,Wholesale,Meena,CUST1289,2.0,853.48,5.0,1621.61,1357.15,Returned , card,9.0
ORD03784,2025-11-21 13:41:00.315078776,Tablet,South,Online,Suresh,CUST1262,7.0,63313.44,10.0,,264768.68,Cancelled,Net Banking,1.0
ORD01420,2024-09-16 00:46:27.096774196,Mouse,South,Wholesale,Anita,CUST1262,2.0,24067.18,15.0,40914.21,30396.44,Completed,Net Banking,11.0
ORD03396,2025-09-11 17:49:06.436609152,Mouse,North,Retail,Suresh,CUST1015,2.0,13407.84,20.0,21452.54,15571.88,Completed,Net Banking,1.0
ORD03169,2025-08-01 07:18:35.378844712,Monitor,SOUTH,Retail,Anita,CUST1262,3.0,19372.43,5.0,55211.43,38509.07,Returned,Cash,1.0
ORD02801,2025-05-26 03:04:00.360090024,Keyboard,South,Online,Suresh,CUST1159,2.0,,15.0,18697.25,13628.75,,Cash,10.0
ORD03372,2025-09-07 08:40:19.804951240,Printer,West,Online,Arun,CUST1058,4.0,22555.88,0.0,90223.52,78084.93,Pending,,10.0
ORD03939,,Laptop,West,Wholesale,Priya,CUST1231,7.0,1899.65,10.0,11967.8,8937.1,Pending,CARD,11.0
ORD02899,2025-06-13 00:24:50.772693176,,North,Wholesale,Suresh,CUST1106,6.0,47787.77,15.0,243717.63,217971.19,Completed,Net Banking,7.0
ORD01645,2024-10-27 02:31:14.268567144,Laptop,South,Online,Anita,CUST1265,7.0,2060.35,0.0,14422.45,10108.24,Returned,Net Banking,12.0
ORD01413,2024-09-14 18:06:23.495873968,,West,Wholesale,Meena,cust1162,2.0,11229.61,15.0,19090.34,16456.07,Pending,Net Banking,5.0
ORD03909,2025-12-14 09:19:13.188297080,Monitor,West,Wholesale,Anita,CUST1097,3.0,50119.18,10.0,135321.79,119777.96,Pending,UPI,10.0
ORD02298,2025-02-23 07:22:33.038259568,Mouse,North ,Wholesale,Suresh,CUST1008,1.0,11686.66,10.0,10517.99,8533.29,Returned,UPI,12.0
ORD00943,2024-06-20 22:59:30.292573144,Keyboard,South,Wholesale,Suresh,CUST1223,2.0,13164.39,20.0,21063.02,16121.41,Cancelled,Cash,4.0
ORD02252,2025-02-14 21:50:43.660915232,Printer,East,Wholesale,Meena,CUST1174,5.0,2309.37,15.0,9814.82,6395.49,Pending,Net Banking,3.0
ORD03905,2025-12-13 15:47:45.416354096,Tablet,South,Wholesale,Meena,CUST1213,6.0,20075.06,15.0,102382.81,67084.02,Completed,UPI,N/A
ORD01652,2024-10-28 09:11:17.869467368,Printer,North,Online,Rahul,CUST1086,8.0,28595.32,15.0,194448.18,142003.67,Returned,Card,1.0
ORD02216,2025-02-08 08:07:33.713428360,Mouse,East,Wholesale,Priya,CUST1250,6.0,29789.66,20.0,142990.37,112495.13,Cancelled,UPI,7.0
ORD02247,not a date,,North,Retail,Suresh,CUST1220,8.0,1843.67,15.0,12536.96,10644.64,Pending,Cash,3.0
ORD00122,2024-01-23 02:06:45.101275319,Monitor,East,Retail,Karthik,CUST1121,2.0,32181.83,20.0,51490.93,38234.06,Completed,Card,5.0
ORD00888,2024-06-10 22:01:53.428357090,Printer,North,Online,Meena,CUST1029,3.0,2758.21,20.0,6619.7,4824.78,Pending,UPI,12.0
ORD02835,2025-06-01 08:01:26.421605400,Printer,West,Retail,Priya,CUST1193,8.0,12603.56,15.0,85704.21,71724.15,Completed,Cash,6.0
ORD00686,2024-05-05 01:03:00.945236310,Monitor,West, retail,Rahul,CUST1259,7.0,2924.26,0.0,20469.82,14231.52,Pending,UPI,5.0
ORD02959,2025-06-23 23:16:47.351837960,Printer,West,Wholesale,Arun,CUST1207,7.0,64594.6,15.0,384337.87,313851.01,Returned,Card,5.0
ORD00414,2024-03-16 09:23:32.453113279,Laptop,West,Retail,Divya,CUST1253,1.0,2361.71,20.0,1889.37,1391.97,Cancelled,Net Banking,3.0
ORD00790,2024-05-24 00:41:03.015753940,Tablet,West,Online,Karthik,CUST1098,2.0,2596.38,,4673.48,3676.51,Completed,UPI,9.0
ORD02190,2025-02-03 14:13:03.195798952,Keyboard,North,Online,Anita,CUST1099,7.0,2180.79,15.0,12975.7,10074.65,Completed,Net Banking,7.0
ORD01570,2024-10-13 09:56:18.544636160,Smart Phone,West,Wholesale,Anita,CUST1253,5.0,1813.9,15.0,7709.07,5142.83,Pending,Card,7.0
ORD01804,2024-11-25 03:06:53.203300828,Laptop,East,Online,Divya,CUST1030,5.0,2793.14,5.0,13267.41,9571.47,Pending,Card,9.0
ORD03850,2025-12-03 14:50:08.552138040,Printer,North,Wholesale,Suresh,CUST1249,,26427.31,10.0,23784.58,17108.6,Completed,Cash,5.0
ORD01393,2024-09-11 02:29:04.636159040,Monitor,West ,Online,Priya,CUST1278,4.0,24801.98,5.0, 94247.52 ,66962.32,Cancelled,Net Banking,12.0
ORD02139,2025-01-25 06:46:54.103525884,Laptop,North,Online,Divya,CUST1033,7.0,21219.58,15.0,126256.5,92738.06,Cancelled,Cash,1.0
ORD00273,2024-02-19 15:39:28.492123031,Keyboard,North,Retail,Divya,CUST1253,5.0,15637.89,20.0,62551.56,46259.42,Pending,Card,3.0
ORD02592,2025-04-17 23:25:04.276069016,Tablet,East,Online,Suresh,CUST1122,7.0,19098.87,0.0,133692.09,,Returned,Cash,12.0
ORD00522,2024-04-05 02:33:02.295573894,Printer,West,Wholesale,Meena,CUST1089,7.0, 841.28 ,15.0,5005.62,4036.9,Returned,Card,4.0
ORD00523,2024-04-05 06:55:54.238559640,Tablet,East,Wholesale,Karthik,CUST1069,6.0,13667.42,15.0,"69,703.84",56039.5,Completed,UPI,11.0
ORD03237,2025-08-13 17:13:27.501875472,Keyboard,West,Online,Priya,CUST1089,5.0,57920.89,0.0,289604.45,258395.54,Cancelled,Net Banking,2.0
ORD01913,2024-12-15 00:39:14.988747188,Tablet,East,Retail,Karthik,CUST1021,3.0,19695.75,15.0,50224.16,33709.05,Cancelled,UPI,11.0
ORD00351,2024-03-04 21:23:00.045011253,Printer,South,Wholesale,Arun,CUST1047,2.0,55645.27,15.0%,94596.96,62713.61,Cancelled,Card, 11.0 
ORD01619,2024-10-22 08:36:43.750937736,Printer,South,Retail,Suresh,CUST1023,5.0,25173.1,0.0,125865.5,112015.98,Returned,Card,3.0
ORD01862,2024-12-05 17:13:05.896474120,Keyboard,North,Retail,Rahul,CUST1222,2.0,2082.19,20.0,3331.5,2320.17,Returned,UPI,9.0
ORD03107,2025-07-20 23:40:54.913728432,Monitor,North,Wholesale,Meena,CUST1293,1.0,53039.21,20.0,42431.37,31300.66,Returned,Card,8.0
ORD01962,2024-12-23 23:19:40.195048764,Laptop, north,Retail,Arun,CUST1019,2.0,2754.97,5.0,5234.44,3750.38,Returned,UPI,9.0
ORD00652,2024-04-28 20:05:34.883720930,Printer,East,Online,Arun,CUST1298,7.0,1509.68,10.0,9510.98,7469.2,Pending,Cash,3.0
ORD02412,2025-03-16 02:49:14.538634664,Keyboard,East,Online,Rahul,CUST1221,6.0,14336.09,10.0,77414.89,57931.9,Completed,UPI,10.0
ORD03443,2025-09-20 07:43:47.756939240,Printer,South,Online,Meena,CUST1119,8.0,32467.41,0.0,259739.28,229332.34,Completed,Cash,5.0
ORD03701,2025-11-06 10:03:09.047261816,Headset,South,Retail,Priya,CUST1098,6.0,12654.24,0.0,75925.44,62460.35,Completed,Net Banking,10.0
ORD01447,2024-09-20 23:03:49.557389348,Keyboard,East,Online,Karthik,CUST1255,2.0,30732.92,5.0,58392.55,47511.84,COMPLETED,Card,1.0
ORD01954,2024-12-22 12:16:44.651162792,Monitor,North,Retail,Priya,CUST1016,3.0,28142.08,20.0,67540.99,49110.21,Completed,Card,4.0
ORD03735,2025-11-12 15:00:35.108777200,Laptop,East,Wholesale,Karthik,CUST1007,6.0,57260.54,15.0,292028.75,214213.53,Returned,Card,8.0
ORD02329,2025-02-28 23:11:23.270817704,Mouse,East,Online,Meena,CUST1251,3.0,2802.8,10.0,7567.56,5957.39, cancelled,Net Banking,6.0
ORD00169,2024-01-31 16:01:26.421605401,Smartphone,West,Retail,Divya,CUST1286,2.0,2030.34,5.0,3857.65,3186.09,Cancelled,Card,4.0
ORD03707,2025-11-07 12:20:20.705176296,Mouse,East,Wholesale,Divya,CUST1230,8.0,10937.92,15.0,74377.86,63688.55,Pending,Cash,5.0
ORD00963,2024-06-24 14:36:49.152288072,Mouse,South,Online,Karthik,CUST1171,4.0,1990.64,5.0,7564.43,5092.73,Returned,Card,1.0
ORD00946,2024-06-21 12:08:06.121530384,Laptop,South,Retail,Priya,CUST1213,1.0,47063.73,10.0,42357.36,31783.84,Cancelled,Cash,6.0
ORD00463,2024-03-25 08:03:57.659414854,Laptop,West,Retail,Priya,CUST1205,8.0,27246.15,20.0,174375.36,114323.51,Returned,Card,3.0
ORD03428,2025-09-17 14:00:48.612153040,Printer,South,Online,Divya,CUST1283,4.0,45484.14,10.0,163742.9,119819.14,Returned,Net Banking,7.0
ORD00329,2024-02-29 20:59:57.299324832,Laptop,North,Online,Meena,CUST1176,5.0,11065.91,15.0,47030.12,34838.53,Returned,Net Banking ,3.0
ORD01658,2024-10-29 11:28:29.527381848,Monitor,West,Wholesale,Priya,CUST1008,8.0,25154.09,20.0,160986.18,131271.52,Cancelled,Card,11.0
ORD02259,2025-02-16 04:30:47.261815456, laptop,North,RETAIL,Rahul,CUST1294,8.0,12092.35,20.0,77391.04,67650.89,Pending,UPI,3.0
ORD02692,2025-05-06 05:31:38.574643664,Smartphone,West,Retail,Divya,CUST1221,8.0,822.52,0.0,6580.16,4292.05,Completed,Cash,11.0
ORD02304,2025-02-24 09:39:44.696174048,,East,Online,Divya,CUST1176,2.0,2024.29,15.0,3441.29,2394.12,Pending,Net Banking,10.0
ORD00368,2024-03-07 23:51:43.075768943,Keyboard,North,Wholesale,Anita,CUST1288,6.0,854.26,10.0,4613.0,4010.08,Completed,UPI,11.0
ORD03452,2025-09-21 23:09:35.243810952,Keyboard,East,,Anita,CUST1224,6.0,23340.87,0.0,140045.22,113554.61,PENDING,UPI,7.0
ORD03015,2025-07-04 04:37:16.159039760,Laptop,West,Online,Rahul,CUST1084,2.0,30217.57,0.0,60435.14,40811.33,Returned,Cash,8.0
ORD02834,2025-06-01 03:38:34.478619656,Keyboard,South,Wholesale,,CUST1048,4.0,965.86,15.0,3283.92,2819.62,Pending,Card,8.0
ORD03126,2025-07-24 10:55:21.830457616,Monitor,North,Retail,Arun,CUST1143,7.0,2467.43,15.0,14681.21,10181.34,Pending,Card,4.0
ORD00773,2024-05-20 22:12:19.984996250,Laptop,South,Retail,Meena,CUST1128,8.0,2099.98,0.0,16799.84,12950.77,Cancelled,Card,4.0
ORD01285,2024-08-22 09:19:34.793698424,Tablet,North,ONLINE,Arun,CUST1201,3.0,24403.58,20.0,58568.59,51675.48,Returned,Card,5.0
ORD02537,2025-04-07 22:27:27.411852968,Monitor,North,Wholesale,Divya,CUST1253,1.0,54703.36,10.0,49233.02,33052.63,Pending,Card,9.0
ORD03579,2025-10-15 03:33:32.003000752,Keyboard,South,Wholesale,Divya,CUST1287,7.0,28184.71,0.0,197292.97,151018.22,Cancelled,Cash,4.0
ORD03139,2025-07-26 19:52:37.089272320,Mouse,North,Wholesale,Meena,CUST1119,3.0,13680.6,5.0,38989.71,28896.9,Completed,Cash,5.0
ORD00499,2024-03-31 21:47:07.606901726,Laptop,North,Online,Divya,CUST1174,6.0,1035.21,15.0,5279.57,3612.31,Returned,Net Banking,1.0
ORD01235,2024-08-13 06:16:17.644411104,Laptop,North,Online,Rahul,CUST1293, 5.0 ,2477.99,0.0,12389.95,9735.48,Pending,Cash,12.0
ORD01513,2024-10-03 00:12:57.794448612,Monitor,South,Online,Meena,CUST1172,7.0,23530.38,110%,131770.13,97968.49,Completed,UPI ,2.0
ORD00436,2024-03-20 09:46:35.198799700,Smartphone,East,Retail,Karthik,CUST1225,1.0,52491.52,5.0,49866.94,35788.81,Completed,Card,2.0
ORD01252,2024-08-16 00:00:00,Headset,North,Retail,Divya,CUST1115,6.0,1847.65,15.0,9423.02,8377.18,Pending,Cash,11.0
 ORD00366,2024-03-07 15:05:59.189797450,Mouse,South,Wholesale,Rahul,CUST1252,1.0,19340.99,5.0,18373.94,15684.8,Cancelled,UPI,12.0
ORD01367,2024-09-06 08:34:34.118529632,Headset,South,Wholesale,Meena,CUST1034,4.0,1513.48,15.0,5145.83,4576.95,Returned,UPI,7.0
ORD00277,2024-02-20 00:00:00,Monitor,East,Retail,Divya,CUST1202,7.0,56027.76,5.0,372584.6,294429.2,Cancelled,Cash,8.0
ORD02640,2025-04-26 17:42:37.539384848,Smartphone,West,Wholesale,Suresh,CUST1159,7.0,1042.54, 5.0 ,6932.89,5100.92,Cancelled,UPI,7.0
ORD03768,2025-11-18 15:35:09.227306832,Monitor,East,Online,Suresh,CUST1116,7.0,1010.3,15.0,6011.28,4961.25,Cancelled,Cash,2.0
ORD03440,2025-09-19 18:35:11.927982,Printer,North,Online,Rahul,CUST1031,5.0,30709.14,5.0,145868.42,104499.68,Cancelled,Card ,1.0
ORD00408,2025-99-99,Printer,South,Wholesale,Priya,CUST1258,5.0,62323.95,5.0,296038.76,230824.24,Cancelled,Cash,2.0
ORD01469,2024-09-24 23:26:52.303075772,Keyboard,East,Retail,Karthik,CUST1044,7.0,990.92,0.0,6936.44,5521.01,Pending ,Net Banking ,5.0
ORD03364,2025-09-05 21:37:24.261065272,Printer,South,Online,Divya,CUST1052,7.0,1694.61,15.0,10082.93,6780.02,Cancelled,Net Banking,2.0
ORD03678,2025-11-02 05:17:14.358589648,Smartphone,South,Retail,Arun,CUST1093,3.0,10567.66,20.0,25362.38,21307.35,Pending,Net Banking,5.0
ORD00845,2024-06-03 01:38:39.879969994,Headset,South,Retail,Arun,CUST1236,8.0,57103.81,20.0,365464.38,307429.53,Cancelled,Cash,6.0
ORD01911,2024-12-14 15:53:31.102775696, monitor,North,Online,Suresh,CUST1146,8.0,2365.74,10.0,17033.33,12615.56,Returned,Net Banking,1.0
ORD03312,2025-08-27 09:48:23.225806456,Headset,East,Online,Rahul,CUST1294,3.0,895.16,0.0,2685.48,2108.66,Returned,Card,10.0
ORD00087,2024-01-16 16:46:27.096774193,Keyboard,East,Retail,Suresh,CUST1075,6.0,55239.44,0.0,331436.64,234201.07,Pending,Net Banking,10.0
ORD01544,2024-10-08 16:01:48.027006752,Printer,North,Wholesale,Karthik,CUST1207,3.0,2417.34,10.0,6526.82,4267.55,Pending,Card,6.0
ORD02046,2025-01-08 07:20:23.405851464,Smartphone,North,Retail,Arun,CUST1024,8.0,1951.73,0.0,15613.84,11481.32,Returned,UPI,9.0
ORD02072,2025-01-13 01:14:53.923480872,Tablet,South,Wholesale,Karthik,CUST1252,8.0,46969.49,5.0,356968.12,306235.66,Completed,Card,7.0
ORD02365,2025-03-07 12:54:33.218304576, monitor,North ,Online,Priya,CUST1297,4.0,978.5,15.0,3326.9,2302.06,Completed,Cash,4.0
ORD01850,2024-12-03 12:38:42.580645164,Tablet,West,Retail,Divya,CUST1205,3.0,2889.88,0.0,8669.64,6210.71,Returned,Card,10.0
ORD00856,2024-06-05 01:50:11.252813204,Printer,West,Wholesale,Rahul,CUST1119,2.0,13120.93,0.0,26241.86,17459.69,Pending,Cash,7.0
ORD03957,2025-12-23 03:36:46.451612904,Tablet,West,Online,Anita,CUST1119,5.0,28377.94,20.0,113511.76,75181.67,Cancelled,UPI,11.0
ORD00079,2024-01-15 05:43:31.552888222,Tablet,West,Wholesale,Rahul,CUST1261,8.0,29735.13,0.0,237881.04,199916.39,Cancelled,Net Banking,8.0
ORD00945,2024-06-21 07:45:14.178544636,Laptop,East,Online,Arun,CUST1237, 7.0 ,973.37,5.0,6472.91,5812.37,Cancelled,Card,7.0
ORD00200,2024-02-06 07:50:16.654163541,Keyboard,East,Online,Karthik,CUST1219,4.0,23986.9,15.0,81555.46,68395.32,Returned,UPI,6.0
ORD02064,2025-01-11 14:11:58.379594900,Keyboard,East,Online,Anita,CUST1288,1.0,29810.7,20.0,23848.56,21141.3,Returned,UPI,5.0
ORD01617,2024-10-21 23:50:59.864966244,Printer,South,Wholesale,Priya,CUST1081,2.0,10899.92,10.0,19619.86,13036.08,Returned,Cash,3.0
ORD00802,2024-05-26 05:15:26.331582896,Keyboard,West,Retail,Divya,CUST1220, 1.0 ,13523.94,15.0,11495.35,8492.18,Cancelled,CASH,11.0
ORD02406,2025-03-15 00:32:02.880720184,Mouse,East,Wholesale,Divya,CUST1003,8.0,13211.57,5.0,100407.93,"₹86,700.81",Pending,UPI,2.0
ORD02391,2025-03-12 06:49:03.735933984,Keyboard,West,Online,Arun,CUST1185,2.0,2111.37,0.0,4222.74,2942.33,Completed,UPI ,12.0
ORD01984,2024-12-27 23:42:42.940735184,Keyboard,North,Retail,Meena,CUST1058,1.0,837.28,20.0,669.82,442.12,Pending,Card,5.0
ORD02913,2025-06-15 13:44:57.974493624,Mouse,East,Retail ,Rahul,CUST1195,7.0,19417.79,0.0,135924.53,100625.48,Cancelled,Cash,3.0
ORD00232,2024-02-12 04:01:58.829707427,Smartphone,East,ONLINE,Meena,CUST1229,2.0,13062.91,0.0,26125.82,20792.03,Cancelled,Net Banking,8.0
ORD01407,2024-09-13 15:49:11.837959492,Mouse,South,Online,Arun,CUST1130, 7.0 ,23319.48,5.0,155074.54,107106.1,Returned,Card,8.0
ORD02005,2024-12-31 19:42:53.743435860,Smartphone,South,Retail,Divya,CUST1251,8.0,23423.2,0.0,187385.6,124455.91,Returned,UPI ,8.0
ord03347,2025-09-02 19:08:41.230307576,Headset,North,Wholesale,Rahul,CUST1237,7.0,957.36,0.0,6701.52,5701.67,Completed,Card,5.0
ORD02651,2025-04-28 17:54:08.912228056,Monitor,North,Wholesale,Anita,cust1002,3.0,991.85,5.0,2826.77,1844.83,Cancelled,Card,8.0
ORD02248,2025-02-14 04:19:15.888972244,Printer,West,Wholesale,Anita,CUST1125,6.0,59653.5,5.0,340024.95,272879.2,Cancelled,,3.0
ORD02427,2025-03-18 20:32:13.683420856,Monitor,West,Wholesale,Priya,CUST1165,3.0,24179.86,0.0,72539.58,53363.58,Returned,Card,11.0
ORD02929,2025-06-18 11:50:49.062265568,Printer,East,Retail,Rahul,CUST1234,1.0,13076.93,5.0,12423.08,8101.77,Returned,UPI,2.0.0
ORD01628,2024-10-24 00:02:31.237809452,Smartphone,West,Retail,Arun,CUST1085,5.0,51776.69,10.0,232995.11,159767.19,Cancelled,Cash,5.0
ORD03818,2025-11-27 18:38:26.376594152,,South,Retail,Suresh,CUST1151,6.0,2650.62,5.0,15108.53,9986.16,Completed,Cash,4.0
ORD01144,2024-07-27 15:35:30.832708180,Headset,West,Wholesale,Arun,CUST1269,4.0,32753.05,10.0,117910.98,86409.5,Pending,Card,6.0
ORD03560,2025-10-11 16:19:05.086271568,Monitor,South ,Wholesale,Priya,CUST1242,5.0,1924.79,15.0,8180.36,6486.82,Completed,Net Banking,5.0
ORD00192,2024-02-04 20:47:21.110277569,Laptop,West,Wholesale,Rahul,CUST1012,8.0,12557.03,20.0,80364.99,69866.75,Returned,Cash,1.0
ORD00105,2024-01-19 23:38:02.070517629,Keyboard,West,Wholesale,Arun,CUST1032,1.0,12327.33,20.0,9861.86,6806.68,Returned,Net Banking,7.0
ORD02952,2025-06-22 16:36:43.750937736,key board,East,Retail,Priya,CUST1066,4.0,24264.16,20.0,77645.31,57764.64,Cancelled,Net Banking,9.0
ORD03670,2025-10-31 18:14:18.814703680,Tablet,North,Wholesale,Meena,CUST1121,1.0,15832.87,5.0,15041.23,11783.36,Cancelled,Card ,9.0
ORD02669,2025-05-02 00:45:43.885971496,Tablet,South,Wholesale,Suresh,CUST1227,8.0,11286.67,20.0,72234.69,57261.41,Cancelled,cash ,10.0
ORD01860,2024-12-05 08:27:22.010502628,Monitor,South,Online,Anita,CUST1190,6.0,27423.41,15.0,139859.39,100036.13,Completed,UPI,1.0
ORD02475,2025-03-27 14:49:46.946736688,Monitor,South,Online,Anita,CUST1020,8.0,1997.7,10.0,14383.44,12387.88,Cancelled,Cash,11.0
ORD02228,2025-10-02 00:00:00,Tablet,North, retail,Anita,CUST1193,6.0,1018.72,20.0,4889.86,3251.29,Cancelled,UPI,5.0
ORD03429,2025-09-17 18:23:40.555138784,mouSE,East,Wholesale,Anita,CUST1202,7.0,57533.58,5.0,382598.31,275010.73,Completed,Net Banking,6.0
ORD03860,2025-12-05 10:38:47.981995504,Monitor,West,Wholesale ,Divya,CUST1012,2.0,27253.0,15.0,46330.1,41529.42,Returned,Card,6.0
ORD03046,2025-07-09 20:26:06.391597904,Printer,East,Retail,Karthik,CUST1039,3.0,1747.47,5.0,4980.29,4203.2,Cancelled,UPI,2.0
ORD02408,2025-03-15 09:17:46.766691672,Smartphone,East,Online,Divya,CUST1117,3.0,60334.96,20.0,144803.9,127963.04,Completed,Card,8.0
ORD02006,2025-01-01 00:05:45.686421608,Laptop,East,Online,Divya,CUST1059,7.0,23309.5,5.0,155008.17,115942.65,Cancelled,Cash,9.0
ORD02760,2025-05-18 15:26:30.697674424,Laptop,East,Retail,Meena,CUST1017,1.0,12915.42,0.0,12915.42,10474.11,Pending,Card,11.0
ORD03829,2025-11-29 18:49:57.749437360,Mouse,South,Retail,Divya,CUST1215,5.0,970.09,0.0,4850.45,3964.5,Returned,Cash,1.0
ORD01916,2024-12-15 13:47:50.817704428,Headset,East,Online,Karthik,CUST1074,1.0,26800.39,20.0,21440.31,18269.32,Cancelled,Net Banking,1.0
ORD03902,2025-12-13 02:39:09.587396856,Laptop,North,Online,Divya,CUST1082,5.0,32902.41,5.0,156286.45,113902.22,Returned,Card,12.0
ORD03057,2025-07-11 20:37:37.764441112,Monitor,East,Retail,Rahul,CUST1164,6.0,32266.72,10.0,174240.29,136988.79,Completed,Card,5.0
ORD01814,2024-11-26 22:55:32.633158292,Monitor,West,Online,Anita,CUST1076,6.0,9842.82,20.0,47245.54,40993.41,CANCELLED,UPI,
ORD03399,2025-09-12 00:00:00,Tablet,East,Online,Karthik,CUST1031,8.0,25655.96,15.0,174460.53, 127044.1 ,Cancelled,Card,9.0
ORD00995,2024-06-30 10:48:31.327831958,Printer,North,Wholesale,Meena,CUST1101,2.0,879.54,15.0,1495.22,1244.59,Cancelled,Net Banking,8.0
ORD00465,2024-03-25 16:49:41.545386347,Printer,West,Retail,Divya,CUST1098,2.0,943.25,0.0,1886.5,1347.85,Cancelled,Cash,10.0
ORD01500,2024-09-30 15:15:42.535633908,Laptop,North, online,Divya,CUST1064,3.0,2311.04,15.0,5893.15,5114.39,Completed,UPI,N/A
ORD03790,2025-11-22 15:58:11.972993248,Keyboard,East,Retail ,Rahul,CUST1256,2.0,2069.98,10.0,3725.96,3079.04,Pending,Card,5.0
ORD03942,2025-12-20 09:53:47.306826712,Printer,East,Wholesale,Suresh,CUST1235,4.0,15267.96,10.0,54964.66,47926.68,Pending,Net Banking,1.0
ORD02160,2025-01-29 02:47:04.906226560,Mouse,South,Retail,Karthik,CUST1008,7.0,2414.88,5.0,16058.95,12511.06,Completed,Card,12.0
ORD01237,2024-08-13 15:02:01.530382596,Monitor,South,Retail,Karthik,CUST1114,6.0.0,25242.88,0.0,151457.28,125790.69,Cancelled,UPI,12.0
ORD02413,2025-03-16 07:12:06.481620408,Smartphone,West,Wholesale,Rahul,CUST1177,6.0,15240.6,0.0,91443.6,63093.34,Cancelled,Cash,11.0
ORD03523,2025-10-04 22:13:03.195798952,Monitor,North,Online,Meena,CUST1133,1.0,13869.04,20.0, 11095.23 ,8274.43,Returned,Cash,12.0
ORD00213,2024-02-08 16:47:31.912978245,Printer,South,Retail,Suresh,CUST1236,6.0,1513.3,10.0,8171.82,6434.35,Pending,Card,5.0
ORD01037,2024-07-08 02:48:52.933233310,Printer,East,RETAIL,Karthik,CUST1261,,49156.65,15.0,250698.92,217972.06,Cancelled,UPI,4.0
ORD03869,2025-12-07 02:04:35.468867224,Keyboard,East,Online,Meena,CUST1005,8.0,2873.15,5.0,21835.94,15332.39,Pending,Net Banking,8.0
ORD00901,2024-06-13 06:59:08.687171794,Tablet,East,Retail,Karthik,CUST1174,4.0,17465.11,5.0,66367.42,55375.45,Cancelled,Cash,10.0
ORD01838,,Headset,West,Online,Suresh,CUST1143,2.0,2597.49,0.0,5194.98,3741.75,Completed,CARD,9.0
ORD02816,2025-05-28 20:46:59.504876224,Laptop,East,Retail,Suresh,CUST1215,7.0,24032.64,20.0,134582.78,107075.24,Cancelled,Cash,3.0
ORD00742,2024-05-15 06:23:29.752438110,Tablet ,West,whole-sale,Priya,CUST1174,2.0,1828.83,0.0,3657.66,2382.74,Pending,Cash,8.0
ORD03706,2025-11-07 07:57:28.762190552,Tablet,North,Wholesale,Suresh,CUST1218,7.0,27235.79,15.0,162052.95,123431.22,Cancelled,Net Banking,1.0
ORD03090,2025-07-17 21:12:11.882970744,Mouse,South ,Wholesale,Rahul,CUST1263,7.0,2227.92,0.0,15595.44,11380.06,Cancelled,UPI ,12.0
ORD02668,2025-05-01 20:22:51.942985752,Mouse,East,Retail,Arun,CUST1146,8.0,2919.9,5.0,22191.24,19665.36,Pending,Card,2.0
ORD01207,2024-08-08 03:36:03.240810204,Keyboard,East,Wholesale,Divya,CUST1181,1.0,11937.75,15.0,10147.09,6665.46,Pending,Cash,8.0
ORD00510,2024-04-02 21:58:38.979744937,Tablet,South,Retail,Arun,CUST1055,8.0,1034.62,0.0,8276.96,5450.27,Returned,UPI,2.0
ORD00598,2024-04-18 23:30:49.962490624,Smartphone,North,Wholesale,Karthik,CUST1049,5.0,1505.64,20.0,6022.56,5226.88,Pending,Cash,6.0
ORD02997,2025-06-30 21:45:41.185296328,Printer,South,Wholesale,Priya,CUST1256, 5.0 ,54199.35,10.0,243897.08,188957.31,Completed,Cash,1.0
ORD00982,2024-06-28 01:51:16.069017256,Smartphone,,Wholesale,Meena,CUST1265,6.0,unknown,0.0,16834.92,12558.15,Pending,Net Banking,3.0
ORD02795,2025-05-25 00:46:48.702175544,Laptop,West,Wholesale,Meena,CUST1199,6.0,17314.2,,103885.2,84175.22,Pending,Card,4.0
ORD03517,2025-10-03 19:55:51.537884472,Headset,South,WHOLESALE,Karthik,CUST1137,8.0,2577.2,20.0,16494.08,13140.7,Returned,Card,7.0
ORD00519,2024-04-04 13:24:26.466616655,Headset,East,Retail,Anita,CUST1101,3.0,51829.52,5.0,147714.13,122778.76, pending,Cash, 5.0 
ORD01507,2024-10-01 21:55:46.136534136,Mouse,North,Wholesale,Karthik,CUST1288,4.0,13956.59,10.0,50243.72,37091.91,Completed,Cash, 1.0 
ORD00768,2024-05-20 00:18:00.270067518,Laptop,West,Online,Priya,CUST1237,5.0,21315.31,5.0, 101247.72 ,68896.19,Returned,Cash,12.0
ORD02637,2025-04-26 04:34:01.710427608,Laptop,North,Wholesale,Karthik,CUST1087,1.0,11126.75,5.0,10570.41,8932.12,Completed,Card,2.0
ORD02744,2025-05-15 17:20:39.609902480,Mouse,East,Wholesale,Suresh,CUST1036,4.0,2252.64,15.0,7658.98,6246.51,Pending,Card,2.0
ORD00422,2024-03-17 20:26:27.996999250,Mouse,East,Retail,Arun,CUST1211,5.0,795.68,10.0,3580.56,3187.66,Completed,Cash,11.0
ORD00124,2024-01-23 10:52:28.987246811,Smartphone,West,Retail,Rahul,CUST1141,3.0,876.73,15.0,2235.66,1993.46,Completed,Cash,9.0
ORD02742,2025-05-15 08:34:55.723930984,key board,West,Wholesale,Arun,CUST1288,3.0,53937.26,5.0, 153721.19 ,127858.31,Returned,Net Banking,3.0
ORD03755,2025-11-16 06:37:53.968492128,Tablet,South,Online,Karthik,CUST1237,6.0,1869.13,15.0,9532.56,8413.55,Pending,UPI,6.0
ORD01809,2024-11-26 00:00:00,Headset,East,Retail,Meena,CUST1030,7.0,2551.11,5.0,16964.88,14611.52,Pending,Cash,11.0
ORD00820,2024-05-29 12:07:01.305326332,Printer,North,Online,Priya,CUST1183,3.0,32964.23,15.0,84058.79,74118.86,Returned,Card,1.0
ORD01404,2024-09-13 02:40:36.009002252,Headset,North,Wholesale,Karthik,CUST1019,4.0,983.37,5.0,3736.81,2579.96,Completed,UPI,10.0
ORD01383,2024-09-09 00:00:00,Smartphone,East,Retail,Anita,CUST1021 ,,2170.85,15.0,12916.56,11489.07,Returned,UPI,6.0
ORD00101,2024-01-19 06:06:34.298574643,Mouse,North,Online,Meena,CUST1036,1.0,15766.97,0.0,15766.97,10580.19,Pending,Card,4.0
ORD03514,,Printer,South,Retail,Anita,CUST1230,8.0,23363.9,20.0,149528.96,133989.98,Returned,Net Banking,8.0
ORD01284,2024-08-22 04:56:42.850712680,Tablet,East,Retail,Karthik,CUST1205,7.0,10843.9,0.0,75907.3,"₹54,672.32",Cancelled,upi,7.0
ORD03690,2025-11-04 09:51:37.674418608,Monitor,North,Online,Arun,CUST1209,2.0,2579.93,5.0,4901.87,3295.55,Cancelled,Card,4.0
ORD03037,2025-07-08 05:00:18.904726184,Mouse,East,Wholesale,Priya,CUST1058,5.0,1585.42,5.0,7530.74,5762.28,Cancelled,Net Banking,6.0
ORD03491,2025-09-29 02:01:21.020255064,Printer,East,Wholesale,Divya,CUST1009,2.0,10678.64,5.0,20289.42,15909.99,Completed,UPI,12.0
ord01104,2024-07-20 08:20:53.113278320,,South,Online,Karthik,CUST1121,2.0,11049.76,10.0,19889.57,17196.23,Cancelled,Cash,6.0
ORD02921,2025-06-17 00:47:53.518379600,Keyboard,North,Wholesale,Divya,CUST1131,6.0,,0.0,"5,239.38",3594.62,Cancelled,Net Banking,7.0
ORD03170,2025-08-01 11:41:27.321830464,Mouse,South,Retail,Divya,CUST1247,5.0,14787.85,15.0,"62,848.36",45349.49,Returned,Net Banking,10.0
ORD03187,2025-08-04 14:10:10.352588152,TABLET,East,Wholesale,Priya,CUST1169,6.0,13881.46,0.0,83288.76,73131.85,Returned,Cash,
ORD02861,2025-06-06 01:55:56.939234808,Printer,East,Online,Anita,CUST1247,7.0,10292.13,20.0,57635.93,43557.54,Returned,Card,7.0
ORD01353,2024-09-03 19:14:26.916729184,Tablet,East,Online,Divya,CUST1278,4.0,13167.08,20.0,42134.66,35889.84,Cancelled,Card,8.0
ORD01565,2024-10-12 12:01:58.829707428,Printer,North,Wholesale,Arun,CUST1167,8.0,2092.57,5.0,15903.53,13671.04,Pending,UPI,9.0
ORD03307,2025-08-26 11:54:03.510877720,Smartphone,North,Online,Arun,CUST1149,1.0,50006.69,15.0,,28014.87,Cancelled,Cash,6.0
ORD03077,2025-07-15 12:14:56.624156040,Laptop,South,Online,Priya,CUST1232,8.0,18438.56,5.0,140133.06,93290.34, pending,NetBanking,5.0
ORD00983,2024-06-28 06:14:08.012003002,Keyboard,South,Retail,Meena,CUST1059,3.0.0,15388.11,10.0,41547.9,33111.28,Completed,UPI,3.0
ORD00457,2024-03-24 05:46:46.001500376,Monitor,East,Online,Rahul,CUST1284,5.0,57458.15,5.0,272926.21,205336.83,Pending,UPI,1.0
ORD03612,2025-10-21 04:08:06.121530384,Laptop,South,Retail,Arun,CUST1099,6.0,47704.99,20.0,228983.95,166143.7,Pending,Cash,12.0
ORD02950,2025-06-22 00:00:00,Monitor,North, wholesale,Anita,CUST1028,2.0,17442.23,0.0,34884.46,27323.74,Completed,Cash,3.0
ORD02821,2025-05-29 18:41:19.219804952,Tablet,West,Wholesale,Priya,CUST1194,3.0,56440.85,20.0,135458.04,115799.55,Cancelled,UPI,8.0
ORD00382,2024-03-10 13:11:50.277569393,Headset,West,Retail,Divya,CUST1157,3.0,818.51,10.0,2209.98,1847.51,Returned,UPI,3.0
ORD03724,2025-11-10 14:49:03.735933984,Tablet,North,Wholesale,Divya,CUST1256,8.0,12248.07,15.0,83286.88,59467.27,Cancelled,,5.0
ORD01883,2024-12-09 13:13:16.699174796,Monitor,North,Retail,Karthik,CUST1295,2.0,11968.98,10.0,21544.16,15619.2,Cancelled,Net Banking,11.0
ORD03340,2025-09-01 12:28:37.629407352,Tablet,South,Wholesale,Priya,CUST1216,2.0,2549.77,10.0,4589.59,3588.58,Pending,Card,1.0
ORD01011,2024-07-03 08:54:22.415603902,Keyboard,East,Wholesale,Priya,CUST1028,4.0,2100.28,20.0,6720.9,5309.79,Cancelled ,Net Banking,12.0
ORD01593,2024-10-17 14:42:13.233308328,Mouse,West,Retail,Anita,CUST1189,2.0,55297.11,0.0,110594.22,86693.53,Returned,Cash,10.0
ORD03990,2025-12-29 04:11:20.570142536,Tablet ,West,Wholesale,Suresh,CUST1158,1.0,59587.76,0.0,59587.76,49296.67,Cancelled,Net Banking,1.0
ORD00663,2024-04-30 20:17:06.256564142,Headset,West,Wholesale,Rahul,CUST1068,2.0,25768.85,10.0,46383.93,34056.19,Cancelled,UPI,6.0
ORD02629,2025-04-24 17:31:06.166541640,Monitor,East,Online,Karthik,CUST1284,1.0,23653.04,15.0,20105.08,15831.33,Returned,Card ,3.0
ORD03652,2025-10-28 11:22:43.840960240, laptop,West,Retail,Priya,CUST1094,2.0,2297.23,10.0,4135.01,3605.47,Completed,Net Banking,2.0
ORD03620,2025-10-22 15:11:01.665416360,Mouse,South,Wholesale,Suresh,CUST1074,7.0,29631.97,10.0,186681.41,141600.13,Cancelled,Card,3.0
ORD01790,2024-11-22 13:46:46.001500376,Mouse,East,Retail,Meena,CUST1158,4.0,13043.89,10.0,46958.0,36305.21,Cancelled,UPI,5.0
ORD02988,2025-06-29 06:19:53.698424608,Keyboard,East,Online,Karthik,CUST1022,2.0,20330.07,5.0,38627.13,34303.4,Cancelled,UPI,11.0
ORD03122,2025-07-23 17:23:54.058514632,Monitor,East,Retail,Karthik,CUST1022,7.0,1828.59,10.0,11520.12,9620.77,Completed,Cash,3.0
ORD03028,2025-07-06 13:34:31.417854464,Printer,South,Wholesale,,CUST1060,8.0,31509.89,20.0,201663.3,155935.28,Cancelled,Card,
ORD03576,2025-10-14 14:24:56.174043512,PRINTER,North,Retail,Priya,CUST1061,3.0,2742.98,,7817.49,5284.54,complete,Cash,9.0
ORD00846,2024-06-03 06:01:31.822955740,Tablet,West,Retail,Arun,CUST1052,1.0,24722.37,10.0,22250.13,17258.12,Returned,Net Banking,4.0
ORD00543,2024-04-08 22:33:13.098274569,Headset,South,Online,Suresh,CUST1112,7.0,17401.55,5.0,115720.31,88740.16,Completed,Net Banking,12.0
ORD00092,2024-01-17 14:40:46.811702925,Monitor,East,Wholesale,Karthik,CUST1050,6.0,17293.35,5.0,98572.09,85692.15,Completed,Cash,8.0
ORD03547,2025-10-09 07:21:49.827456864,Tablet,North,Wholesale,Meena,CUST1178,3.0,58747.73,10.0,158618.87,108142.48,Cancelled,Cash,1.0
ORD03123,2025-07-23 21:46:46.001500376,key board,West,Wholesale,Priya,CUST1189,7.0,30589.82,15.0,"182,009.43",145913.15,Pending,Upi,4.0
ORD01197,2024-08-06 07:47:23.810952740,Printer,North,Wholesale,Suresh,CUST1201,3.0,2437.48,5.0,6946.82,4763.08,Pending,Card,6.0
ORD01103,2024-07-20 03:58:01.170292574,Tablet,,Online,Suresh,CUST1168,2.0, 16295.48 ,15.0,27702.32,24364.72,Cancelled,Net Banking,10.0
ORD02671,2025-05-02 09:31:27.771942992,Headset,North,Retail,Anita,CUST1102,6.0,24460.61,5.0,139425.48,123683.28,Pending, upi,4.0
ORD01792,2024-11-22 22:32:29.887471868,Laptop,North,Online,Meena,CUST1025,7.0,1710.19,10.0,10774.2,9319.13,Cancelled,Net Banking,3.0
ORD02250,2025-02-14 13:04:59.774943736,Printer,North,Retail,Meena,CUST1262,5.0,25594.24,,108775.52,82101.03,Completed,Net Banking,7.0
ORD01827,2024-11-29 07:52:47.891972996,Tablet,North,Wholesale,Rahul,CUST1060,1.0,24594.22,10.0,22134.8,15332.27,Completed,Cash,7.0
ORD02150,2025-01-27 06:58:25.476369096,Headset,West,Online,Karthik,CUST1115,-5,21467.55,5.0,101970.86,81466.55,Cancelled,Card,1.0
ORD03578,2025-10-14 23:10:40.060015008,Tablet,South,Online,Anita,CUST1288,2.0,20181.16,20.0,32289.86,27630.11,Cancelled,Card,5.0
ORD01776,2024-11-20 00:26:38.799699928,Tablet,SOUTH,Online,Anita,CUST1050,3.0,1996.87,15.0,5092.02,3484.4,Pending,,3.0
ORD01049,2024-07-10 07:23:16.249062266,Printer,East,Wholesale,Anita,CUST1152,8.0,1850.28,15.0,12581.9,10174.3,Completed,Card,2.0
ORD02822,2025-05-29 23:04:11.162790704,Monitor,West,Online,Suresh,CUST1018,1.0,51569.43,10.0,46412.49,34224.74,Cancelled,Net Banking,12.0
ORD01832,2024-11-30 05:47:07.606901728,Tablet,West,Wholesale,Suresh,CUST1275,2.0,1508.56,10.0,2715.41,1788.72,Returned,Net Banking,5.0
ORD00899,2024-06-12 22:13:24.801200300,Mouse,West,Wholesale,Priya,CUST1258,3.0,970.09,0.0,2910.27,1944.12,Pending,UPI,10.0
ORD01460,2024-09-23 08:01:04.816204052,Smartphone,North,Retail,Priya,CUST1223,3.0,27220.1,5.0,77577.28,56300.37,Pending,Card,5.0
ORD01612,2024-10-21 01:56:40.150037512,Tablet,South,Online,Suresh,CUST1029,8.0,46754.38,20.0,299228.03,195929.2,Pending,UPI,11.0
ORD00238,2024-02-13 06:19:10.487621905,Mouse,North,Retail,Priya,CUST1135,3.0,28279.23,10.0,76353.92,68584.24,Returned,Cash,10.0
ORD01502,2024-10-01 00:01:26.421605404,Tablet,West,Wholesale,Suresh,CUST1294,5.0,2275.42,20.0,9101.68,7337.94,Returned,Cash,9.0
ORD02341,2025-03-03 03:45:46.586646664,Smartphone,North,Retail,Arun,CUST1172,7.0,20182.83,15.0,120087.84,85526.31,Cancelled,Cash,7.0
ORD01134,2024-07-25 19:46:51.402850714,Headset,West,Online,Suresh,CUST1134,7.0,56815.6,20.0,318167.36,262697.57,Completed,upi,8.0
ORD02882,2025-06-09 21:56:07.741935488,Tablet,South,Online,Arun,CUST1070,5.0,2085.61,10.0,9385.25,6510.5,Returned,Net Banking,10.0
ORD02719,2025-05-11 03:49:01.035258816,Monitor,North,Wholesale,Priya,CUST1118,1.0,2239.87,20.0,1791.9,1541.76,Returned,Cash,2.0.0
ORD00164,2024-01-30 18:07:06.706676669,Tablet,South,,Rahul,CUST1197,8.0,1835.22,5.0,13947.67,11199.01,Returned,Card,3.0
ORD02289,2025-02-21 15:56:45.551387848,Keyboard,South,Online,Rahul,CUST1048,6.0,14517.69,20.0,69684.91,48948.25, completed,Cash,8.0
ORD01836,2024-11-30 23:18:35.378844712,Tablet,West,Online,Karthik,CUST1039,2.0,19920.83,20.0,31873.33,21113.01,Pending,Card,1.0
ORD00253,2024-02-16 00:02:09.632408102,Headset,South,Retail,Meena,CUST1068,3.0,29862.09,15.0,76148.33,52592.17,Cancelled,Card,5.0
ORD02290,2025-02-21 20:19:37.494373592,Smartphone,South,Online,Divya,CUST1016,4.0,32803.74,10.0,118093.46,95821.11,Cancelled,Card,6.0
ORD03384,2025-09-09 13:14:43.120780200,Keyboard,South,Retail,Divya,CUST1107,1.0,25762.69,20.0,20610.15,14593.48,Completed,Cash,11.0
ORD02806,2025-05-27 00:58:20.075018760,Headset,West,Retail,Rahul,CUST1111,7.0,762.94,0.0,5340.58,4366.95,Pending,Card, 8.0 
ORD01539,2024-10-07 18:07:28.312078020,Laptop,West,Wholesale,Karthik,CUST1122,500,63845.33,20.0,12000000,22000000,Cancelled,UPI,12.0
ORD00931,2024-06-18 00:00:00,Tablet,East,Retail,Karthik,CUST1048,2.0,2748.8,0.0,5497.6,4475.27,Completed,Net Banking,6.0
ORD02026,2025-01-04 15:43:04.546136536,Smartphone,west,Retail,Rahul,CUST1191,7.0,2890.99,5.0,19225.08,15808.24, cancelled,Card,2.0
ORD01698,2024-11-05 18:43:07.246811704,Laptop,South,Online,Priya,CUST1043,8.0,62939.03,10.0,453161.02,407409.62,Completed,Net Banking,9.0
ORD03908,2025-12-14 04:56:21.245311328,PRINTER,West,Online,Suresh,CUST1178,7.0,2256.93,0.0,15798.51,12306.83,Returned,Card,7.0
ORD02979,2025-06-27 14:54:06.211552888,Keyboard,West,Retail,Priya,CUST1042,5.0,11174.52,15.0,47491.71,35247.46,Returned,UPI,3.0
ORD03393,2025-09-11 04:40:30.607651920,Printer,East,Wholesale,Divya,CUST1226,8.0,30310.74,0.0,242485.92,210644.31,Returned,Net Banking,4.0
ORD02403,2025-03-14 11:23:27.051762944,Monitor,West,Wholesale,Divya,CUST1275,5.0,16734.75,10.0,75306.38,59202.69,Completed,Cash,1.0
ORD02227,2025-02-10 08:19:05.086271568,,West,Online,Priya,CUST1291,4.0,13436.88,15.0,45685.39,38880.16,Cancelled,Net Banking,10.0
ORD02226,2025-02-10 03:56:13.143285824,Mouse,West,Retail,Karthik,CUST1193,5.0,2428.01,15.0,10319.04,8199.41,Completed,UPI,9.0
ORD01091,2024-07-17 23:23:37.854463616,Monitor,East,Online,Karthik,CUST1152,7.0,836.92,5.0,5565.52,3913.46,Cancelled,Net Banking,5.0
ORD03179,2025-08-03 03:07:14.808702176,Monitor,East,Retail,Divya,CUST1203,8.0,913.14,0.0,7305.12,5585.14,Completed,UPI,7.0
ORD03827,2025-11-29 10:04:13.863465872,Mouse,South,whole-sale,Priya,CUST1292,4.0,46550.26,10.0,167580.94,142959.84,Returned,Cash,5.0
ORD01938,2024-12-19 14:10:53.563390848,Tablet,North,Wholesale,Anita,Cust1076,3.0,45929.92,0.0,137789.76,104003.12,Completed,Cash,6.0
ORD01182,2024-08-03 14:04:24.666166544,Printer,North,Online,Priya,CUST1008,7.0,20376.72,0.0,142637.04,110044.49,Cancelled,Card,2.0
ORD01453,2024-09-22 01:21:01.215303828,Printer,South,Retail,Anita,CUST1108,1.0,1814.59,20.0,1451.67,963.41,Completed,Cash,4.0
ORD00594,2024-04-18 05:59:22.190547638,Laptop,North,Retail,Rahul,CUST1242,4.0,2669.1,0.0,10676.4,7120.72,Completed,Cash,7.0
ORD00678,2024-05-03 14:00:05.401350338,Headset,East,Retail,Meena,CUST1260,5.0,21894.42,5.0,103998.49,90307.69,Pending,Cash,10.0.0
ORD00042,2024-01-08 11:37:29.662415604,Keyboard,North,Online,Karthik,CUST1013,2.0,845.21,5.0,1605.9,1069.35,Completed,Credit Card,8.0
ORD01834,2024-11-30 14:32:51.492873220,Tablet,West,Retail,Anita,CUST1126,1.0,61715.77,15.0,52458.4,36205.21,Cancelled,Cash,12.0
ORD02390,2025-03-12 02:26:11.792948240,Monitor,South,Online,Divya,CUST1203,6.0,10881.83,15.0,55497.33,39313.86,canceled,UPI,9.0
ORD02155,2025-01-28 04:52:45.191297828,Monitor,North,Online,Suresh,CUST1078 ,5.0,13419.78,5.0,63743.96,53918.94,Pending,Net Banking,8.0
ORD01942,2024-12-20 07:42:21.335333836, laptop,West,Online,Divya,CUST1154,8.0,2912.31,20.0,18638.78,13142.42,Completed,Net Banking,8.0
ORD00244,2024-02-14 08:36:22.145536384,Keyboard,North,Retail,Anita,CUST1282,5.0,45999.84,5.0,218499.24,157372.07,Completed,UPI,5.0
ORD01125,2024-07-24 04:21:03.915978996,Tablet,West,Wholesale,Priya,CUST1050,4.0,2589.08,15.0,8802.87,5974.8,Returned,Card,4.0
ORD01340,2024-09-01 10:17:11.657914480,Printer,West,Online,Priya,CUST1045,1.0,2150.36,10.0,1935.32,1507.55,Cancelled,Cash,8.0
ORD01867,2024-12-06 15:07:25.611402852,Laptop,East,Online,Meena,CUST1151,2.0,,20.0,34524.77,26769.8,Returned,UPI,5.0
ORD03215,2025-08-09 16:50:24.756189048,Smartphone,North,Wholesale,Priya,CUST1226,3.0,13748.75,5.0,39183.94,31257.07,Completed,Card,
ORD03168,2025-08-01 02:55:43.435858968,Monitor,East,Wholesale,Divya,CUST1063,7.0,19965.55,20.0,111807.08,93491.7,Returned,Card,10.0
ORD01443,2024-09-20 05:32:21.785446364,Tablet,East,Retail,Karthik,CUST1219,2.0,10138.11,10.0,18248.6,16153.59,Completed,Net Banking,9.0
ORD00262,2024-02-17 15:27:57.119279820,Printer,East,Wholesale,Karthik,CUST1242,7.0,25721.72,20.0,144041.63,123952.11,Completed,UPI,10.0
ORD03722,2025-11-10 06:03:19.849962496,Smartphone,West,Retail,Divya,CUST1134,6.0,24312.76,0.0,145876.56,118333.49,Returned,Net Banking,3.0
ORD03255,2025-08-17 00:05:02.475618904,Tablet,South,Retail,Arun,CUST1254,4.0,62019.41,10.0,223269.88,183258.55,Cancelled,UPI,8.0
ORD02243,2025-02-13 06:24:56.174043512,Monitor,North,Online,Karthik,CUST1025,-5,49260.12,10.0,44334.11,37044.16,Cancelled,Net Banking,3.0
ORD02689,2025-05-05 16:23:02.745686424,Headset,North,Wholesale,Arun,CUST1274,5.0,12330.43,0.0,61652.15,45346.23,Pending,UPI,7.0
ORD02655,2025-04-29 11:25:36.684171048,Tablet,East,Wholesale,Anita,CUST1231,4.0,31905.24,0.0,127620.96,111474.79,Pending,Net Banking,12.0
ORD00835,2024-06-01 05:50:00.450112528,Smartphone,North,Wholesale,Rahul,CUST1251,7.0,12928.38,0.0,90498.66,77318.65,Completed,Cash,12.0
ORD03566,2025-10-12 18:36:16.744186048,Mouse,North,Wholesale,Suresh,CUST1215,8.0,829.58,15.0,-5641.14,4316.7,Cancelled,UPI,4.0
ORD03666,2025-10-31 00:42:51.042760696,Keyboard,West,Online,Karthik,CUST1033,4.0,10769.85,15.0,36617.49,31689.0,Pending,Net Banking,9.0
ORD03001,2025-07-01 15:17:08.957239312,Mouse,West,Wholesale,Anita,CUST1221,5.0,57935.49,20.0,231741.96,160619.56,Pending,Cash,4.0
ORD02803,2025-05-26 11:49:44.246061520,Laptop,West,Wholesale,Suresh,CUST1053,7.0,45887.98,10.0,289094.27,231107.91,Pending,Card,3.0
ORD00341,2024-03-03 01:34:20.615153789,Smartphone,South,Retail,Meena,CUST1234,3.0,2785.36,0.0,8356.08,5970.22,Cancelled,Cash,8.0
ORD01873,2024-12-07 17:24:37.269317332,Tablet,East,Online,Suresh,CUST1060,3.0,1480.46,10.0,3997.24,2810.51,Cancelled,Net Banking,6.0
ORD00749,2024-05-16 13:03:33.353338336,Mouse,North,Wholesale,Arun,CUST1239,5.0,29204.46, 15.0 ,124118.95,95059.42,Cancelled,Net Banking,8.0
ORD01892,2024-12-11 04:39:04.186046512,Headset,South,Retail,Divya,CUST1076,2.0,18125.62,15.0,30813.55,26396.05,Returned,Net Banking,10.0
ORD00481,2024-03-28 14:55:32.633158290,Headset,East,Retail,Meena,CUST1219,8.0,18695.77,20.0,119652.93,95816.63,Returned,UPI,10.0
ORD01865,2024-12-06 06:21:41.725431360,Printer,West,Retail,Karthik,cust1155,5.0,2196.51,10.0,9884.3,7895.61,Completed,Net Banking,3.0
ORD02219,2025-02-08 21:16:09.542385600,Keyboard,South,Wholesale,Karthik,CUST1065,8.0,14189.66,15.0,96489.69,81592.3,Returned,Cash,11.0
ORD02616,2025-04-22 08:33:50.907726936,Mouse,South,Retail,Rahul,CUST1277,7.0,1906.75,0.0,,10074.95,Pending,Cash,4.0
ORD02269,2025-02-18 00:19:26.691672920,Printer,West,Online,Suresh,CUST1279,1.0,21417.88,5.0,20346.99,16356.03,Completed,UPI,10.0
ORD00784,2024-05-22 22:23:51.357839460,Printer,East,Online,Anita,CUST1004,4.0,58317.49,5.0,221606.46,149337.01,Completed,Net Banking,2.0
ORD03425,2025-09-17 00:52:12.783195800,Headset,North,Wholesale,Meena,CUST1015,7.0,2589.11,5.0,17217.58,11500.2,Cancelled,Cash,8.0
ORD03301,2025-08-25 09:36:51.852963240,Monitor,North,Retail,Arun,CUST1027 , 2.0 ,12144.63,10.0,21860.33,17468.55,Cancelled,UPI,12.0
ORD02607,2025-04-20 17:08:03.420855216,Headset,South,Online,Priya,CUST1192,2.0,843.7,20.0,1349.92,1132.65,Completed,Card,7.0
ORD03196,2025-08-06 05:35:57.839459864,tabLet,North,Retail,Karthik,CUST1279,6.0,23848.47,15.0,121627.2,91635.92,,UPI,12.0
ORD03637,2025-10-25 17:39:44.696174048,Keyboard,North,Online,Rahul,CUST1237,8.0,12611.62,20.0,80714.37,52937.18,Cancelled,Card,6.0
ORD02494,2025-03-31 02:04:13.863465872,Laptop,North,Wholesale,Divya,CUST1252,3.0,59516.71,10.0,160695.12,128566.2,Returned,Card,7.0
ORD01726,2024-11-10 21:23:21.650412604,Keyboard,West,Retail,Meena,CUST1068,2.0,1770.69,10.0,3187.24,2609.38,Completed,UPI,7.0
ORD01845,2024-02-12 00:00:00,Printer,East,Online,Arun,CUST1039,2.0,2109.55,5.0,4008.14,2624.49,Pending,Card,11.0
ORD02621,2025-04-23 06:28:10.622655664,Smartphone,East,Retail,Arun,CUST1175,4.0,2931.13,0.0,11724.52,8854.17,Cancelled,Card,8.0
ORD02811,2025-05-27 22:52:39.789947488,Headset,North,Online,Suresh,CUST1094,8.0,47117.2,15.0,320396.96,281238.08,Completed,Card,11.0
ORD01785,2024-11-21 15:52:26.286571644,Laptop,South,RETAIL,Meena,CUST1181,5.0,60485.58,10.0,272185.11,235590.02,Cancelled,Card,8.0
ORD01272,2024-08-20 00:22:19.534883724,Keyboard,East,ONLINE,Anita,CUST1044,4.0,2024.16,15.0,6882.14,5529.12,Cancelled,UPI,1.0
ORD03229,2025-08-12 06:10:31.957989504,Headset,North,Online,Rahul,CUST1185,1.0,22914.2,10.0,20622.78,15496.55,Completed,Cash,6.0
ORD02003,2024-12-31 00:00:00,Tablet,West,Online,Arun,cust1124,6.0,786.36,10.0,4246.34,3044.81,Cancelled,Card,3.0
ORD01128,2024-07-24 17:29:39.744936236,Tablet,West,Retail,Arun,CUST1273,8.0,2045.58,5.0,15546.41,12327.42,Cancelled,Net Banking,11.0
ORD00627,2024-04-24 06:33:56.309077270,Mouse, east,Online,Anita,CUST1219,2.0,24142.47,20.0,38627.95,26317.09,Pending ,Cash,2.0
ORD00348,2024-03-04 08:14:24.216054014,Laptop,South,Wholesale,Karthik,CUST1259,3.0,10336.1,20.0,24806.64,19911.17,Returned,Net Banking,3.0
ORD03503,2025-10-01 06:35:44.336084024,Laptop,South,Online,Arun,CUST1018,8.0,851.61,0.0,6812.88,5070.16,Returned,Card,9.0
ORD02542,2025-04-08 20:21:47.126781696,Laptop,,Online,Divya,CUST1224,6.0,13457.88,0.0,80747.28,57326.93,Returned,Cash,4.0
ORD01566,2024-10-12 16:24:50.772693176,Monitor,South,Retail,Arun,CUST1282,7.0,2774.58,20.0,15537.65,13296.28,Pending,Net Banking,2.0
ORD02099,2025-01-17 23:32:16.384096024,Laptop,West,Retail,Karthik,CUST1035,5.0,23218.95,10.0,104485.28,75348.03,Cancelled,Card,1.0
ORD00980,2024-06-27 17:05:32.183045762,Keyboard,South,retail ,Karthik,CUST1207,3.0,944.12,20.0,2265.89,1917.88,Completed,Net Banking,9.0
ORD01424,2024-09-16 18:17:54.868717180,Mouse,East,Online,Arun,CUST1019,8.0,2758.79,15.0,18759.77,13371.03,Returned,Card,1.0
ORD03438,2025-09-19 09:49:28.042010504,Smartphone,North,Retail,Karthik,CUST1213,2.0,2030.64,10.0,3655.15,2773.05,Cancelled,Net Banking,6.0
ORD03366,2025-09-06 06:23:08.147036760,Monitor,East,on-line,Suresh,CUST1166,500,1773.84,0.0,12000000,4500000,Returned,UPI,4.0
ORD00912,2024-06-15 07:10:40.060015004,Keyboard,East,Wholesale,Karthik,CUST1043,1.0,15621.07,15.0,13277.91,11202.02,Pending,UPI,5.0
ORD02496,2025-03-31 10:49:57.749437360,Laptop,South,Online,Priya,CUST1073,6.0,1054.03,5.0,6007.97,4766.67,Returned,Net Banking,10.0
ORD00633,2024-04-25 08:51:07.966991748,Tablet,South,Wholesale,Anita,CUST1011,250,45330.09,10.0,12000000,22000000,Completed,UPI, 6.0 
ORD01750,2024-11-15 06:32:08.282070520,Printer,North,Wholesale,Anita,CUST1116,1.0,13361.93,15.0,11357.64, 9476.32 ,Completed,UPI,1.0
ORD00446,2024-03-22 05:35:14.628657165,Headset,East,Wholesale,Karthik,CUST1036,6.0,23760.35,10.0,128305.89,110846.55,Pending,Net Banking,5.0
ORD00618,2024-04-22 15:08:08.822205552,Headset,West,Online,Arun,CUST1091,6.0,2636.5,15.0,13446.15,9978.81,Cancelled,Card,8.0
ORD02104,2025-01-18 21:26:36.099024760,Headset,East,on-line,Arun,CUST1230,1.0,22677.66,0.0,22677.66,17809.76, returned,Net Banking,2.0
ORD01897,2024-12-12 02:33:23.900975244,Printer,South,Retail,Anita,CUST1106,8.0,15512.18,5.0,117892.57, 98406.89 ,Returned,Net Banking,3.0
ORD02171,2025-01-31 02:58:36.279069768,Headset,North,Online,Suresh,CUST1062,1.0,14689.92,20.0,11751.94,7780.85,Completed,UPI,10.0
ORD02595,2025-04-18 12:33:40.105026256,Keyboard,West,Retail,Anita,cust1136,6.0.0,25470.39,20.0,122257.87,87890.17,,Net Banking,6.0
ORD02844,2025-06-02 23:27:13.908477120,Keyboard,North,Wholesale,Meena,CUST1234,7.0,1800.4,0.0,12602.8,11064.58,Completed,Net Banking,12.0
ORD02432,2025-03-19 18:26:33.398349592,Monitor,East, retail,Anita,CUST1179,5.0,46466.93,0.0,,170463.3,Cancelled,UPI,9.0
ORD03390,2025-09-10 15:31:54.778694680,Monitor,North,Online,Divya,CUST1056,2.0,64687.74,20.0,103500.38,68691.78,Completed,Card,2.0
ORD03375,2025-09-07 00:00:00,Headset,South,Retail,Priya,CUST1161,5.0,17661.29,5.0,83891.13,63083.91,Cancelled,Net Banking,5.0
ORD01466,2024-09-24 10:18:16.474118532,Printer,South,Wholesale,Divya,CUST1236,8.0,22717.85,0.0,181742.8,148166.47,Pending,Cash,6.0
ORD01673,2024-11-01 05:11:28.672168044,Printer,North,Retail,Anita,CUST1008,7.0,21793.46,20.0,122043.38,101186.08,Pending,Net Banking,9.0
ORD02114,2025-01-20 17:15:15.528882224,Mouse,West,Retail,Rahul,,2.0,856.2,0.0,1712.4,1387.46,Cancelled,Card,10.0
ORD00116,2024-01-21 23:49:33.443360840,Smartphone,East,Retail,Priya,CUST1146,4.0,1991.04,20.0,6371.33,4941.98,Returned,Cash,1.0
ORD01495,2024-09-29 17:21:22.820705176,Printer,South,Online,Meena,CUST1029,2.0,30202.02,5.0, 57383.84 ,49674.9,Pending,Cash,7.0
ORD00354,2024-03-05 10:31:35.873968492,Printer,South,Retail,Meena,CUST1097,8.0,20593.04,5.0,156507.1,133417.39,Completed,Net Banking,4.0
ORD01233,2024-08-12 21:30:33.758439612,Mouse,North,Retail,Meena,CUST1150,4.0,12521.25,10.0,45076.5,31568.34,Returned,Net Banking,
ORD00614,2024-04-21 21:36:41.050262566,Printer,West,Wholesale,Rahul,CUST1076,6.0,11557.61,15.0,58943.81,42354.3,Returned,UPI,2.0
ORD03507,2025-10-02 00:07:12.108027008,Smartphone,South,Wholesale,Arun,CUST1101,6.0,20255.02,0.0,121530.12,84813.48,Cancelled,Cash,12.0
ORD03791,2025-11-22 20:21:03.915979,Headset,North,Retail,Anita,CUST1018,6.0,15927.61,20.0,76452.53,57231.24,Completed,Net Banking,9.0
ORD02345,2025-03-03 21:17:14.358589648,Laptop,East,Online,Priya,CUST1179,1.0,28446.11,10.0,25601.5,22886.33,Returned,Net Banking,9.0
ORD03715,2025-11-08 23:23:16.249062272,Keyboard,North,Retail,Suresh,CUST1179,7.0,58241.94,10.0,366924.22,299573.85,Completed,Card,11.0
ORD02638,2025-04-26 08:56:53.653413352,Mouse,West,Retail,Meena,CUST1296,1.0,2474.46,0.0,2474.46,1749.12,Pending,Net Banking,10.0
ORD03759,2025-11-17 00:09:21.740435112,Printer,West,Wholesale,Meena,CUST1245,7.0,1660.84,5.0,11044.59,"₹7,839.48",Cancelled,Cash,11.0
ORD00058,2024-01-11 09:43:20.750187547,Printer,East,Retail,Meena,CUST1045,8.0,1886.45,15.0,12827.86,11132.85,Cancelled,NetBanking,4.0
ORD03098,2025-07-19 08:15:07.426856720,Keyboard,South,Retail,Rahul,CUST1064,7.0,2672.73,15.0,15902.74,10956.4,Pending,Card,8.0
ORD03991,2025-12-29 00:00:00,Tablet,East,Online,Arun,CUST1216,6.0,49066.73,0.0,294400.38,206890.36,Pending,upi,10.0
ORD02906,2025-06-14 07:04:54.373593400,Headset,North,Retail,Meena,CUST1075,4.0,2199.88,20.0,7039.62,6311.33,Pending,UPI,1.0
ORD03912,2025-12-14 22:27:49.017254320,Mouse,East,Wholesale,Rahul,CUST1124,7.0,53254.68,15.0,316865.35,263598.65,Pending,UPI,1.0
ORD01254,2024-08-16 17:30:44.561140288,Monitor,West,Online,Divya,CUST1107,7.0,2818.57,20.0,15783.99,11992.48,Returned,Net Banking,7.0
ORD03330,2025-08-30 16:39:58.199549888,Keyboard,North,Retail,Arun,CUST1250,5.0,19109.03,20.0,76436.12,55343.13,Cancelled,Cash,-3
ORD02504,2025-04-01 00:00:00,Mouse,North,Retail,Anita,CUST1130,3.0,989.68,20.0,2375.23,2047.18,Completed,Card,8.0
ORD02334,2025-03-01 21:05:42.985746440,,South,Retail,Suresh,CUST1191,3.0,1544.3,0.0,4632.9,3982.97,Completed, card,3.0
ORD03528,2025-10-05 20:07:22.910727688,Headset,,Wholesale,Karthik,CUST1111,8.0,11958.74,10.0,86102.93,58544.54,Returned,UPI,4.0
ORD03813,2025-11-26 20:44:06.661665416,Monitor,South,Online,Anita,CUST1143,5.0,1808.71,20.0,7234.84,,Returned,Card,9.0
ORD01903,2024-12-13 04:50:35.558889724,smartphone ,West,Retail,Rahul,CUST1036,3.0,"₹1,644.27",20.0,3946.25,3521.76,Returned,UPI,1.0
ORD02260,2025-02-16 08:53:39.204801204,Monitor,East,Retail,Suresh,CUST1095,5.0,24938.65,15.0,105989.26,69490.92,Cancelled,,3.0
ORD01899,2024-12-12 11:19:07.786946740,Mouse,West,Online,Divya,cust1150,1.0,55639.38,10.0,50075.44,33841.8,Returned,Card,2.0
ORD00561,2024-04-12 05:24:48.072018005,Laptop,East,Retail,Meena,CUST1223,3.0,25078.88,0.0,75236.64,66878.82,Cancelled,Cash,10.0
ORD00708,2024-05-09 01:26:03.690922732,Smartphone,South,Online,Karthik,CUST1147,7.0,910.1,10.0,5733.63,5069.4,Pending,Card,5.0
ORD01648,2024-10-27 00:00:00,Mouse,North,Retail,Divya,CUST1198,4.0,,15.0,7151.25,4767.32,Completed,Net Banking,9.0
ORD00425,not a date,Keyboard,East,Wholesale,Suresh,CUST1139,6.0,15011.85,10.0,"81,063.99","₹64,757.66",Returned,Cash,12.0
ORD01094,2024-07-18 12:32:13.683420856,Smart Phone,North,Retail,Karthik,CUST1240,5.0,2834.08,0.0%,14170.4,11924.62,Cancelled,Cash,10.0
ORD01377,2024-09-08 04:23:13.548387096,Keyboard,West,Wholesale,Anita,CUST1203,3.0,10962.79,0.0,32888.37,24215.64,Returned,Net Banking,11.0
ORD00648,2024-04-28 00:00:00,Printer,North,Retail,Meena,CUST1111,5.0,1994.78,15.0,8477.81,5934.79,Cancelled,Card,7.0
ORD00073,2024-01-14 03:26:19.894973743,Monitor,South,Wholesale,Rahul,CUST1296,1.0,1660.58,0.0,-1660.58,1094.69,Completed,Card,8.0
ORD02523,2025-04-05 09:07:20.210052512,Smartphone,EAST,Online,Divya,CUST1086,6.0,12533.0,20.0,60158.4,48163.86,Completed,Net Banking,9.0
ORD01887,2024-12-10 06:44:44.471117780,Mouse,North,Wholesale,Priya,CUST1027,8.0,849.44,10.0,6115.97,5096.13,Pending,Card,2.0
ORD01727,2025-99-99,Tablet,South,on-line,Arun,CUST1107,4.0,957.52,0.0,3830.08,2846.82,Completed, cash,12.0
ORD01006,2024-07-02 11:00:02.700675170,Printer,North,Retail,Suresh,CUST1282,1.0,2080.25,15.0,1768.21,1177.03,Pending,Upi,8.0
ORD00621,2024-04-23 04:16:44.651162792,Mouse,East,Wholesale,Arun,CUST1175,1.0,62298.74,5.0,59183.8,49959.96,Returned,UPI,7.0
ORD03320,2025-08-28 20:51:18.769692424,Headset,,Wholesale,Meena,CUST1169,4.0,2126.86,20.0,6805.95,5189.2,Cancelled,Net Banking,7.0
ORD00288,2024-02-22 09:22:27.636909228,Tablet,South,Retail,Meena,CUST1016,7.0,1017.41,10.0,6409.68,5687.82,Cancelled,UPI,8.0
ORD00554,2024-04-10 22:44:44.471117780,Printer,East,Wholesale,Suresh,CUST1167,2.0,14439.71,5.0,27435.45,23033.7,Completed,Card,6.0
ORD02382,2025-03-10 15:23:16.249062264,Keyboard,North,Online,Priya,CUST1158,8.0,16374.67,20.0,104797.89,74631.95,Pending ,Net Banking,10.0
ORD01895,2024-12-11 00:00:00,Tablet,East,Retail,Priya,CUST1125,8.0,18980.18,10.0,136657.3,122327.7,Returned,UPI,10.0
ORD02145,2025-01-26 09:04:05.761440360,Monitor,North,Retail,Anita,CUST1136,2.0,11332.48,20.0,18131.97,15425.83,Returned,NetBanking,9.0
ORD01555,2024-10-10 16:13:19.399849964,Mouse,West,Retail,Divya,CUST1148,5.0,928.98,20.0,3715.92,2985.08,Pending,Card,5.0
ORD03546,2025-10-09 02:58:57.884471120,Keyboard,East,Retail,Meena,CUST1076,8.0,10232.84,20.0,65490.18,57684.14,Completed,Net Banking,6.0
ORD02258,2025-02-16 00:07:55.318829708,Laptop,West,Wholesale,Karthik,CUST1003,3.0,2545.48,15.0,6490.97,4880.18,Completed,Cash,9.0
ORD02548,2025-04-09 22:38:58.784696176,Monitor,East,Online,Suresh,CUST1243,8.0,1505.26,5.0,11439.98,8688.38,Pending,UPI,10.0
ORD00999,2024-07-01 04:19:59.099774944,Smartphone,North,Wholesale,Rahul,CUST1052,2.0,13972.58,20.0,22356.13,14916.89,Completed,Net Banking,4.0
ORD03178,2025-08-02 22:44:22.865716432,Mouse,North,Wholesale,Rahul,CUST1258,6.0,17272.16,15.0,88088.02,78583.74,Completed,UPI,2.0
ORD01690 ,2024-11-04 07:40:11.702925732,Smartphone,West,WHOLESALE,Priya,CUST1264,5.0,1533.27,15.0,6516.4,5374.32,Pending, net banking,4.0
ORD03274,2025-08-20 11:19:29.392348088,Smartphone,South,Online,Karthik,CUST1195,2.0,22468.36,10.0,40443.05,31371.51,Completed,Net Banking,8.0
ORD01398,2024-09-12 00:23:24.351087772,Printer,West,Online,Karthik,CUST1027,3.0,53752.52,20.0,129006.05,102997.17,Completed,Net Banking,3.0
ORD01578,2024-10-14 20:59:14.088522132,Tablet,East,,Arun,CUST1048,1.0,27420.86,5.0,26049.82,21161.07,Cancelled,Card,8.0
ORD01621,2024-10-22 17:22:27.636909228,Laptop,West,Wholesale,Rahul,CUST1193,3.0,11636.15,10.0,31417.6,23790.54,Returned,Card ,12.0
ORD03654,2025-10-28 20:08:27.726931736,Tablet,EAST,Online,Divya,CUST1200,8.0,31356.58,0.0,250852.64,181715.82,Returned,Card,12.0
ORD03726,2025-11-10 23:34:47.621905480,Laptop,East,Online,Suresh,CUST1043,2.0,2532.77,15.0,4305.71, 3269.27 ,Cancelled,Cash,8.0
ORD03978,2025-12-26 00:00:00,Keyboard,North,Retail,Anita,CUST1277,6.0,17126.38,20.0,82206.62,64322.76,Cancelled,Cash,10.0
ORD02322,2025-02-27 16:31:19.669917480, monitor,West,Online,Divya,CUST1300,3.0,16935.93,5.0,48267.4,32962.86,Pending,UPI,3.0
ORD03590,2025-10-17 03:45:03.375843968,Laptop,West,Online,Karthik,CUST1230,3.0,806.21,15.0,2055.84,1594.02,Returned,UPI,8.0
ORD00441,2024-03-21 07:40:54.913728432,Laptop,North,Online,Meena,CUST1223,4.0,1625.74,10.0,5852.66,4787.32,Cancelled,UPI,3.0
ORD00509,2024-04-02 17:35:47.036759190,Tablet,East,Wholesale,Meena,CUST1088,6.0,796.51,10.0,4301.15,3406.45,Completed,Cash,
ORD01101,2024-07-19 19:12:17.284321082,Monitor,west,on-line,Meena,CUST1079,3.0,32806.15,5.0,93497.53,63361.42,Cancelled,UPI,8.0
ORD00590,2024-04-17 12:27:54.418604652,Keyboard, west,Wholesale,Priya,CUST1111,6.0,1969.15, 10.0 ,10633.41,8350.59,Returned,Net Banking ,8.0
ORD01961,2024-12-23 18:56:48.252063016,Headset,West,Wholesale,Anita,CUST1262,2.0,2089.5,20.0,3343.2,2507.58,Cancelled,Cash,8.0
ORD00650,2024-04-28 11:19:50.997749438,Headset,North,Retail,Suresh,CUST1109,2.0,2622.79,0.0,5245.58,4336.1,Returned,Net Banking,12.0
ORD01547,2024-10-09 05:10:23.855963992,Smartphone,South,Retail,Anita,CUST1085,2.0,1734.57,20.0,2775.31,2386.63,Completed,Card,9.0
ORD03640,2025-10-26 06:48:20.525131288,Smartphone,West,Online,Suresh, CUST1041,8.0,2732.55,20.0,17488.32,14016.95,Pending,Cash,10.0
ORD03920,2025-12-16 09:30:44.561140288,Monitor,East,Online,Rahul,CUST1240,1.0,862.11,0.0,862.11,747.69,Completed, upi,8.0
ORD02324,2025-02-28 01:17:03.555888976,,South,Wholesale,Meena,CUST1233,4.0,1915.16,0.0,7660.64,5462.64,Cancelled,Card,10.0
ORD03856,2025-12-04 17:07:20.210052520,Mouse,West,Online,Rahul,CUST1081,8.0,18304.74,15.0,124472.23,92319.56,Returned,Net Banking,1.0
ORD02535,2025-04-07 13:41:43.525881472,Tablet,West,Wholesale,Karthik,CUST1078,7.0,32239.0,20.0,180538.4,117891.71,Completed,Net Banking,6.0
ORD01456,2024-09-22 14:29:37.044261068,Tablet,South,Wholesale,Priya,CUST1293,6.0,812.65,15.0,4144.51,2695.46,Completed,Cash,
ORD02246,2025-02-13 19:33:32.003000752,key board,East,Online,Meena,CUST1156,6.0,1645.23,15.0,8390.67,6911.72, pending,Net Banking,5.0
ORD00661,2024-04-30 11:31:22.370592648,Keyboard,East,Online,Priya,CUST1281,4.0,19997.06,0.0,79988.24,55182.78,Returned,UPI,7.0
ORD00631,2024-04-25 00:00:00,Keyboard,North,Retail,Meena,CUST1059,5.0,1650.31,5.0,7838.97,6658.34,Pending,Card,1.0
ORD00673,2024-05-02 16:05:45.686421606,Monitor,South,Retail,Anita,CUST1076,4.0,23922.24,15.0,81335.62,61520.09,Returned,Net Banking,1.0
ORD01250,2024-08-15 23:59:16.789197300,Laptop,West,Online,Arun,CUST1199,2.0,25807.46,5.0,49034.17,36868.6,Completed,Card,11.0
ORD01739,2024-11-13 06:20:36.909227308,Smartphone,South,Wholesale,Anita,CUST1051,5.0,1049.34,5.0,4984.36,3907.66,Returned,Card,11.0
ORD00483,2024-03-28 23:41:16.519129783,Laptop,North,Retail,Anita,CUST1204,7.0,50816.14,20.0,284570.38,210274.23,Cancelled,Cash,8.0
 ORD01585,2024-10-16 03:39:17.689422356,Keyboard,South,Wholesale,Suresh,CUST1269,2.0,24094.37,0.0,48188.74,36258.06,Pending,Cash,1.0
ORD01980,2024-12-27 06:11:15.168792200,Monitor,NORTH,Online,Suresh,CUST1096,5.0,18440.93,10.0,82984.18,54756.94,Pending,UPI,7.0
ORD03409 ,2025-09-14 02:46:21.695423856,Mouse,West,Wholesale,Rahul,CUST1086,5.0,,10.0,7328.93, 6472.37 ,Completed,Cash,3.0
ORD01939,2024-12-19 18:33:45.506376596,Laptop,South,ONLINE,Arun,CUST1281,4.0,48430.43,5.0,184035.63,160080.18,Returned,Card,5.0
ORD01463,2024-09-23 21:09:40.645161292,Headset,West,Wholesale,Karthik,CUST1028,2.0,,20.0,22884.93,20035.41,Pending,Card,3.0
ORD02765,2025-05-19 13:20:50.412603152,Smartphone,South,Online,Divya,CUST1042,6.0,878.94,10.0,4746.28,3432.34,Completed,UPI,10.0
ORD02571,2025-04-14 03:24:53.473368344,Headset,West,Retail,Divya,Cust1195,8.0,924.52,10.0,6656.54,4536.62,Cancelled,UPI,8.0
ORD02380,2025-03-10 06:37:32.363090776,Printer,South,Retail,Rahul,CUST1235,3.0,27604.19,5.0,78671.94,70585.26,Cancelled,Net Banking ,1.0
ORD00857,2024-06-05 06:13:03.195798950,Printer,South,Retail,Priya,CUST1138,1.0,2752.69,20.0,2202.15,1684.53,Cancelled,Cash,6.0.0
ORD01226,2024-08-11 14:50:30.157539384,Smartphone,East,Online,Arun,CUST1286,6.0,25684.1,15.0,130988.91,116790.28,Completed,Cash,2.0
ORD01191,2024-08-05 05:30:12.153038260,Tablet,South,Online,Anita,CUST1057,1.0,13392.86,20.0,10714.29,9261.33,Completed,Cash,3.0
ORD02766,2025-05-19 17:43:42.355588896,Tablet,West,Online,Meena,CUST1025,5.0,1829.44,5.0,8689.84, 5938.24 ,Completed,Card,7.0
ORD03282,2025-08-21 22:22:24.936234064,Mouse,West,Retail,Priya,CUST1236,4.0,13292.59,0.0,53170.36,42229.71,Cancelled,Net Banking,10.0
ORD00531,2024-04-06 00:00:00,Tablet,East ,Retail,Rahul,CUST1008,5.0,31766.67,10.0,142950.01,128086.19,Completed,Card,10.0
ORD02658,2025-04-30 00:34:12.513128288,Laptop,North,Retail,Arun,CUST1152,3.0,55177.39,20.0,132425.74,101068.15,Pending,Cash,8.0
ORD00050,2024-01-09 22:40:25.206301575,Mouse,West,Wholesale,Karthik,CUST1240,1.0,2072.88,15.0,1761.95,1192.79,Pending,UPI,7.0
ORD03695,2025-11-05 07:45:57.389347344,Keyboard,East,Wholesale,Arun,CUST1228,1.0,50767.93,10.0,45691.14,34540.31,Pending,Net Banking,3.0
ORD03683,2025-11-03 03:11:34.073518384,Headset,East,Wholesale ,Divya,CUST1186,6.0,2482.12,20.0,11914.18,8855.83,Returned,UPI,4.0
ORD00859,2024-06-05 14:58:47.081770444,Smartphone, west,Online,Rahul,CUST1252,5.0,2102.0,20.0,,6926.16,Cancelled,Cash,5.0
ORD02923,2025-06-17 09:33:37.404351088,Smartphone,West,Wholesale,Priya,CUST1229,1.0,24958.39,0.0,24958.39,17698.46,Pending,Cash,5.0
ORD01073,2024-07-14 16:32:02.880720180,Mouse,North ,Retail,Arun,CUST1099,3.0,2474.05,0.0,7422.15,6348.98,,Cash,7.0
ORD00720,2024-05-11 06:00:27.006751688,Headset,South,Online,Arun,CUST1144,6.0,2231.67,5.0,12720.52,10409.94,Cancelled,Credit Card,2.0
ORD00152,2024-01-28 13:32:43.390847712,Mouse,East,Online,Priya,CUST1014,6.0,22321.83,15.0,113841.33,92138.33,Pending,Net Banking,9.0
ORD02167,2025-01-30 09:27:08.507126784,TABLET,North,Retail,Suresh,CUST1237,8.0,1761.03,10.0,12679.42,10282.87,Returned,UPI,9.0
ORD02981,2025-06-27 23:39:50.097524384,Keyboard,South,Retail,Meena,CUST1111,1.0,26995.59,0.0,26995.59,23939.37,Pending,Cash,3.0
ORD01661,2024-10-30 00:37:05.356339088,Smartphone,West,Wholesale,Rahul,CUST1090,4.0.0,12209.17,0.0,48836.68,32555.3,Cancelled,Card,4.0
ORD01657,2024-10-29 07:05:37.584396100,Keyboard,East,Retail,Arun,CUST1273,5.0,1935.28,10.0,8708.76,5678.9,Pending,Cash,12.0
ORD02178,2025-02-01 09:38:39.879969996,Monitor,East,Retail,Arun,CUST1033,7.0,12177.61,0.0,85243.27,68303.08,Returned,UPI,4.0
ORD02313,2025-02-26 01:05:32.183045760,Monitor,North, online,Divya,CUST1116,2.0,63811.48,20.0,102098.37,83785.51,Returned,Net Banking,2.0
ORD03082,2025-07-16 10:09:16.339084776,Laptop,West,Wholesale,Priya,CUST1181,1.0,1637.34,5.0,1555.47,1155.83,Cancelled,UPI,3.0
ORD02173,2025-01-31 11:44:20.165041264,Printer,East,Retail,Anita,CUST1268,8.0,928.51,20.0,5942.46,4387.17,Returned,Cash,6.0
ORD02956,2025-06-23 10:08:11.522880720,Monitor,West,Wholesale,Divya,CUST1105,3.0,14494.19,15.0,36960.18,32585.81,Cancelled,Card,9.0
ORD02858,2025-06-05 12:47:21.110277568,Printer,West,Wholesale,Arun,CUST1162,3.0,29782.35,20.0,71477.64,51849.65,Cancelled,Net Banking,10.0
ORD02944,2025-06-21 05:33:48.207051768,Tablet,West,Wholesale,Rahul,CUST1177,1.0,15355.6,5.0,14587.82,12825.45,Pending,Cash,8.0
ORD03600,2025-10-18 00:00:00,Monitor,WEST,Retail,Suresh,CUST1152,3.0,17335.2,0.0,52005.6,46119.96,Cancelled,Cash,6.0
ORD02729,2025-05-12 23:37:40.465116280,Printer,East,Retail,Karthik,CUST1118,5.0,14280.07,20.0,57120.28,42710.51,Completed,Net Banking, 11.0 
ORD02223,2025-02-09 14:47:37.314328584,Laptop,South,Online,Anita,CUST1217,5.0,14512.23,20.0,58048.92,51927.96,,Net Banking,8.0
ORD01768,2024-11-18 13:23:43.255813956,Mouse,West,Online,Suresh,CUST1094,3.0,19881.45,5.0,56662.13,38667.36,Cancelled,Card,6.0
ORD01784,2024-11-21 11:29:34.343585900,Headset,East,Online,Suresh,CUST1104,8.0,1848.14,20.0,11828.1,9661.23,Returned,Cash,7.0
ORD03012,2025-07-03 15:28:40.330082520,Smartphone,North,Wholesale,Rahul,CUST1133,1.0,31590.03,20.0,25272.02,17053.8,Pending,UPI,5.0
ORD01386,2024-09-09 19:49:01.035258816,Headset,West,Wholesale,Arun,CUST1281,2.0,46609.54,15.0,79236.22,56945.17,Completed,Card,7.0
ORD02514,2025-04-03 17:41:32.723180800,Laptop,East,Wholesale,Karthik,CUST1189,3.0,10958.47,20.0,26300.33,17442.55,Returned,Cash,10.0
ORD01400,2024-09-12 09:09:08.237059268,Smartphone,South,Wholesale,Arun,CUST1099,1.0, 32850.27 ,20.0,26280.22,18331.16,Pending,Net Banking,8.0
ORD01196,2024-08-06 03:24:31.867966992,Keyboard,North,Wholesale,Priya,CUST1031,5.0,26735.49,20.0,106941.96,73973.36,Returned,Card,3.0
ORD03766,2025-11-18 06:49:25.341335336,Laptop,South,Retail,Priya,CUST1230,4.0,18710.42,0.0,74841.68,50878.72,Completed,Cash,6.0
ORD01476,2024-09-26 06:06:55.903975996,Laptop,East,Wholesale,Rahul,CUST1091,2.0,2012.22,20.0,3219.55,2653.88,Returned,Net Banking,4.0
ORD02487,2025-03-29 19:24:10.262565640,Printer,West,Retail,Rahul,CUST1234,7.0,12108.21,20.0,67805.98,56063.32,Completed,Net Banking,12.0
ORD03496,2025-09-29 23:55:40.735183800,Tablet,South,Online,Anita,CUST1115,4.0,13930.62,15.0,47364.11,33636.96,Cancelled,Cash,9.0
ORD02881,2025-06-09 17:33:15.798949744,,South,Online,Karthik,CUST1048,2.0,24076.07,15.0,40929.32,36183.33,Cancelled,Cash,8.0
ORD00298,2024-02-24 05:11:07.066766692,Mouse,East,Online,Arun,CUST1025,4.0,17142.66,0.0,68570.64,52695.88,Returned,Net Banking,12.0
ORD02078,2025-01-14 03:32:05.581395352,Keyboard,North,Wholesale,Priya,CUST1176,7.0,50138.73,15.0,298325.44,194873.45,complete,UPI,7.0
ORD01265,2024-08-18 17:42:15.933983496,Mouse,West,Wholesale,Karthik,CUST1230,1.0,18110.2,20.0,14488.16,13031.45,Completed,Net Banking,11.0
ORD03334,2025-08-31 10:11:25.971492880,Smartphone,West,Online,Anita,CUST1183,8.0,1691.14,15.0,11499.75,9615.06,Returned,Card,6.0
ORD00959,2024-06-23 21:05:21.380345088,Keyboard,North,RETAIL,Karthik,CUST1142,7.0,13668.37,5.0,90894.66,72557.67,Returned,Net Banking,2.0
ORD01607,2024-10-20 04:02:20.435108780,Tablet,South,Retail,Arun,CUST1153,2.0,13267.97,10.0,23882.35,19666.81,Returned,Net Banking,10.0
ORD02708,2025-05-09 03:37:29.662415608,,North,Retail,Karthik,CUST1129,3.0,1507.94,0.0,4523.82,3377.36,Returned,Card,12.0
ORD00909,2024-06-14 18:02:04.231057766,Printer,North,Retail,Divya,CUST1034,2.0,20379.92,15.0,34645.86,29182.41,Cancelled,Cash,10.0
ORD01930,2024-12-18 03:07:58.019504876,Printer,south,Wholesale,Anita,CUST1154,3.0.0,14477.32,15.0,36917.17,31690.1,Completed,Card,5.0
ORD01610,2024-10-20 17:10:56.264066016,Monitor,North,Retail,Suresh,CUST1094,5.0,2696.87,5.0,12810.13,10672.12,Pending,Cash,10.0
ORD02928,2025-06-18 07:27:57.119279824,Tablet ,West,Wholesale,Divya,CUST1208,4.0,14496.58,15.0,49288.37,41431.33,Returned,UPI,11.0
ORD01375,2024-09-07 19:37:29.662415604,Tablet,South,Retail,Karthik,CUST1068,7.0,61160.25,5.0,406715.66,329028.36,Pending,Cash,10.0
ORD01287,2024-08-22 18:05:18.679669920,Printer,North,Retail,Arun,CUST1181,8.0,2339.35,15.0,15907.58,12234.67,Completed,UPI,6.0
ORD03987,2025-12-28 15:02:44.741185296,Keyboard,West,Wholesale,Anita,CUST1051,3.0,790.37,15.0,2015.44,1766.46,Cancelled, cash,12.0
ORD00350,2024-03-04 17:00:08.102025507,Headset,West,Online,Anita,CUST1229,2.0,13133.56,15.0,22327.05,17198.19,Cancelled,UPI,
ORD01369,2024-09-06 17:20:18.004501128,Mouse,East,Retail,Karthik,CUST1087,4.0,1059.19,10.0,3813.08,2997.54,Pending,Card,1.0
ORD02131,2025-01-23 19:43:58.559639912,Laptop,South,Online,Arun,CUST1122,250,24120.67,5.0,12000000,4500000,Completed,Card,6.0
ORD00644,2024-04-27 09:02:39.339834960,Keyboard,North,Wholesale,Divya,CUST1145,8.0,2129.08,5.0,16181.01,11936.03,Pending,UPI,7.0
ORD02866,2025-06-06 23:50:16.654163544,Tablet,West,Online,Karthik,CUST1088 ,4.0,2789.32,0.0,11157.28,8239.83,Cancelled,Net Banking,1.0
ORD02043,2025-01-07 18:11:47.576894224,Tablet,west,Retail,Arun,CUST1135,8.0,19772.21,0.0,158177.68,105185.92,Cancelled,UPI,10.0
ORD01682,2024-11-02 20:37:16.159039760,Printer,North,Wholesale,Divya,CUST1210,1.0,58808.71,0.0,58808.71,42107.95,Cancelled,UPI,8.0
ORD00670,2024-05-02 02:57:09.857464366,Keyboard,South ,Retail,Arun,CUST1003,3.0,12689.87,0.0,38069.61,25036.98,Returned,upi,1.0
ORD03623,2025-10-23 04:19:37.494373600,Monitor,North,Retail,Arun,CUST1266,6.0,50733.34,20.0,243520.03,161153.11,Pending,Cash,5.0
ORD02128,2025-01-23 06:35:22.730682672,Keyboard,South,Online,Divya,CUST1249,7.0,19322.43,0.0,135257.01,110170.29, returned,UPI, 4.0 
ORD03261,2025-08-18 02:22:14.133533384,Headset,North,Retail,Rahul,CUST1182,5.0,49568.16,0.0,247840.8,174219.58,Pending,Net Banking,1.0
ORD02769,2025-05-20 06:52:18.184546136,Smartphone,West,Wholesale,Suresh,CUST1114,1.0,19192.48,20.0,15353.98,13346.94,Completed,Net Banking,7.0
ORD01819,2024-11-27 20:49:52.348087024,Mouse,South,Retail,Priya,CUST1089,6.0,2072.64,5.0,11814.05,7797.45,Pending,Card,8.0
ORD01180,2024-08-03 05:18:40.780195048,Smartphone,North,Online,Anita,CUST1105,3.0,"₹22,269.02",10.0,60126.35,41218.67,Cancelled,Net Banking,11.0
ORD03368,2025-09-06 15:08:52.033008256,Printer,South,Online,Meena,CUST1253,5.0,13169.32,15.0,55969.61,44260.27,Returned,Card,11.0
ORD03955,2025-12-22 18:51:02.565641416,Printer,North,Wholesale,Suresh,CUST1221,5.0,865.91,15.0,3680.12,2844.93,Completed,UPI,4.0
ORD02209,2025-02-07 01:27:30.112528136,Headset,South,Online,Meena,CUST1155,8.0,2423.9,20.0%,15512.96,10176.52,Cancelled,Cash,7.0
ORD01851,2024-12-03 17:01:34.523630908,Mouse,West,Online,Rahul,CUST1260,2.0,936.11,5.0%,1778.61,1457.79,Pending,Cash,6.0
ORD01588,2024-10-16 16:47:53.518379596,Monitor,West, retail,Divya,CUST1277,3.0,23670.56,10.0, 63910.51 ,44508.03,Cancelled,Net Banking,-3
ORD03796,2025-11-23 18:15:23.630907728,Smartphone,West,Wholesale,Priya,CUST1047,3.0,13336.89,10.0,36009.6,30968.24,Cancelled,Cash,1.0
ORD02255,2025-02-15 10:59:19.489872472,Mouse,West,Online,Arun,CUST1212,5.0,15458.07,15.0,65696.8,58165.88,Completed,Net Banking,12.0
ORD02373,2025-03-08 23:57:28.762190552,Keyboard,South,Online,Arun,CUST1073,8.0,19883.21,5.0,151112.4,100256.67,Completed,Net Banking,11.0
ORD01358,2024-09-04 17:08:46.631657916,Laptop,south,Online,Rahul,CUST1056,2.0,18050.72,10.0,32491.3,23554.57,Cancelled,Card,2.0
ORD00787,2024-05-23 00:00:00,Headset ,North,Retail,Anita,CUST1041,5.0,16279.12,10.0,73256.04,63417.7,Cancelled,Net Banking,7.0
ORD03587,2025-10-16 14:36:27.546886728,Laptop,West,Wholesale,Anita,CUST1236,6.0,21036.51,20.0,100975.25,84559.85,Completed,Cash,4.0
ORD00141,2024-01-26 13:21:12.018004501, laptop,East, online,Suresh,CUST1096,5.0,25088.84,15.0,106627.57,78317.82,Completed,Cash,2.0
ORD00789,2024-05-23 20:18:11.072768192,Tablet,East,Retail,Anita,CUST1157,3.0,1491.32,20.0,3579.17,2900.89,Returned,Cash,7.0
ORD00324,2024-02-28 23:05:37.584396099,Printer,East,Wholesale,Karthik,CUST1014,4.0,22741.25,0.0,90965.0,74570.89,Returned,Cash,5.0
ORD02690,2025-05-05 20:45:54.688672168,Keyboard,East,Retail,Meena,CUST1211,6.0,2778.98,0.0,16673.88,11831.33,Returned,UPI,5.0.0
ORD00715,2024-05-10 08:06:07.291822956,key board,South,Online,Priya,CUST1154,6.0,12601.0,5.0,71825.7,62271.41,Completed,Net Banking,12.0
ORD02196,2025-02-04 16:30:14.853713432,Headset,South,Retail,Priya,CUST1165,8.0,48768.48,5.0,370640.45,291070.44,Returned,UPI,9.0
ORD03310,2025-08-27 01:02:39.339834960,Headset,West,Retail,Anita,cust1222,7.0,2501.53,15.0,14884.1,12374.15,Returned,Net Banking,5.0
ORD03688,2025-11-04 01:05:53.788447112,Mouse,South,Retail,Meena,CUST1195,6.0,47495.02,10.0,256473.11,171753.48,Cancelled,Cash,5.0
ORD03180,2025-08-03 07:30:06.751687928,Tablet,East,Retail,Divya,CUST1146,3.0,2088.37,15.0,5325.34,4358.27,Returned,Card,1.0
ORD03521,2025-10-04 13:27:19.309827456,Smartphone,East,Wholesale,Suresh,CUST1244,2.0,992.01,0.0,1984.02,1485.44,Pending,Card,9.0
ORD01908,2024-12-14 02:44:55.273818456,Keyboard,West,Retail,Divya,CUST1180,3.0,50106.59,5.0,142803.78,113444.46,Completed,Card,6.0
ORD00619,2024-04-22 19:31:00.765191298,Printer,West,Online,Anita,CUST1284, 3.0 ,13574.03,10.0,"₹36,649.88",28158.19,Returned,Net Banking,9.0
ORD00407,2024-03-15 02:43:28.852213054,Keyboard,East,Retail,Rahul,CUST1116,2.0,24216.6,20.0,38746.56,34105.13,Pending,Net Banking,7.0
ORD02207,2025-02-06 16:41:46.226556640,,West,Online,Priya,CUST1079,5.0,29717.98,0.0,148589.9,120425.41,Pending,Cash,1.0
ORD02038,2025-01-06 20:17:27.861965492,Printer,North,Online,Rahul, CUST1204,8.0,12788.54,5.0,97192.9,77155.59,Returned,Card,11.0
ORD03083,2025-07-16 14:32:08.282070520,Laptop,South,Online,Divya,,4.0,2279.2,5.0,8660.96,6688.32,Completed,Cash,1.0.0
ORD02853,2025-06-04 14:53:01.395348840,Laptop,North,Retail,Karthik,CUST1252,4.0,2069.11,5.0,7862.62,5632.95,Completed,Net Banking,11.0
ord02418,2025-03-17 05:06:26.196549136,Printer, west,Online,Rahul,CUST1172,6.0,15254.04,0.0,91524.24,61491.62,Completed,Cash,12.0
ORD00498,2024-03-31 17:24:15.663915979,Keyboard,East,Online,Rahul,CUST1154,1.0,14249.26,5.0,13536.8,9108.85,Cancelled,UPI ,2.0
ORD03915,2025-12-15 11:36:24.846211560,Headset,South,Online,Anita,CUST1272,1.0,15327.75,10.0,13794.98,9294.56,Completed,Card,8.0
ORD00343,2024-03-03 10:20:04.501125282,Mouse,East,Retail,Rahul,CUST1048,3.0,63501.64,5.0,180979.67,142827.48,Cancelled,Cash,3.0
ORD02578,2025-04-15 10:04:57.074268568,Monitor,East,Online,Meena,CUST1075,6.0,957.15,15.0,4881.46,3540.24,Cancelled,Cash ,6.0
ORD03921,2025-12-16 13:53:36.504126032,Mouse,South,Online,Priya,CUST1272,6.0,2561.49,0.0,15368.94,11678.5,CANCELLED,UPI,9.0.0
ORD00783,2024-05-22 18:00:59.414853714,Laptop,North,Wholesale,Divya,CUST1176,7.0,61387.76,10.0,386742.89,292352.32,Pending,Card,9.0
ORD03005,2025-07-02 08:48:36.729182296,Monitor,East,Wholesale,Karthik,CUST1139,7.0,12547.92,0.0,87835.44,62653.0,Returned,Net Banking,
ORD01324,2024-08-29 12:11:20.570142536,Tablet,South,Retail,Karthik,CUST1175,8.0,2911.12,20.0,18631.17,14441.03,Pending,Card,4.0
ORD03461,2025-09-23 14:35:22.730682672,Smartphone,West,Retail,Arun,CUST1254,1.0,63601.33,10.0,57241.2,37900.32,Pending,Cash,12.0
ORD03778,2025-11-20 11:23:48.657164296,Smartphone,West,Online,Suresh,CUST1054,8.0,29316.33,15.0,199351.04,,Pending,UPI,2.0
ORD00304,2024-02-25 07:28:18.724681171,Smartphone,South,Online,Karthik,CUST1150,8.0,1609.7,5.0,12233.72,9066.01,Completed,Net Banking,2.0
ORD03371,2025-09-07 04:17:27.861965496,Keyboard,South,Wholesale,Karthik,CUST1041,4.0,10579.09,0.0,42316.36,28703.65,Pending,Net Banking,1.0
ORD02460,2025-03-24 21:06:47.801950488,Monitor,North,Retail,Priya,CUST1124,2.0,24057.8,15.0,40898.26,30048.19,Completed,Net Banking,10.0
ORD00665,31/02/2025,Smartphone,South,Wholesale,Divya,CUST1238,7.0,23256.97,15.0,138378.97,107181.28,Pending,Card,8.0
ORD01178,2024-08-02 20:32:56.894223556,Monitor,North,Wholesale,Arun,CUST1066,1.0,972.57,5.0,923.94,628.41,Pending ,Card,12.0
ORD01245,2024-08-15 02:04:57.074268568,Smartphone,North,Retail,Divya,CUST1225,3.0,12383.32,0.0,37149.96,27633.35,Pending,Net Banking,
ORD02437,2025-03-20 16:20:53.113278320,Laptop,West,Wholesale,Rahul,CUST1249,4.0,2227.02,15.0,7571.87,5371.26,Returned,Net Banking,3.0.0
ORD03358,2025-09-04 19:20:12.603150792,Laptop,West,Wholesale,Meena,CUST1151,4.0,1015.68,20.0,3250.18,2449.91,Returned,Net Banking,8.0
ORD03132,2025-07-25 13:12:33.488372096,Monitor,West,Online,Rahul,CUST1229,5.0,2190.95,10.0,9859.27,8811.13,pendng,Card,1.0
ORD03565,2025-10-12 14:13:24.801200304,MONITOR,East,Online,Suresh,CUST1010,4.0,1686.28,20.0,5396.1,4782.46,Pending,Net Banking ,10.0
ORD02869,2025-07-06 00:00:00,Headset,North,Wholesale,Suresh,CUST1176,5.0,12556.13,15.0,53363.55,38236.34,Returned,UPI,5.0
ORD00085,2024-01-16 00:00:00,Printer,East,Wholesale,Anita,CUST1278,2.0,10016.15,10.0,18029.07,14382.21,Completed,UPI,4.0
ORD03451,2025-09-21 18:46:43.300825208,LAPTOP,West,Online,,CUST1008,7.0,19859.35,10.0,125113.9,87566.33,Returned,Net Banking,5.0
ORD01801,2024-11-24 13:58:17.374343588,Keyboard,North,Retail,Suresh,CUST1107,5.0,13062.61,15.0,55516.09,"₹44,008.68",Completed,UPI,5.0
ORD00942,2024-06-20 18:36:38.349587398,Headset,East,Online,Priya,CUST1198,6.0,57698.57,5.0,328881.85,276352.97,Cancelled,Card,9.0
ORD00962,2024-06-24 10:13:57.209302326,Keyboard, east,Wholesale,Arun,CUST1049,4.0,22947.15,10.0,82609.74,61038.13,Pending,Net Banking,12.0
ORD00842,2024-06-02 12:30:04.051012754,Laptop,West,Online,Meena,CUST1090,4.0,945.67,20.0,3026.14,2589.23,Completed,Cash,3.0
ORD02603,2025-04-19 23:36:35.648912232,Headset,North,Online,Rahul,CUST1280,3.0,14058.99,0.0,42176.97,31392.34,Returned,UPI,11.0
ORD02686,2025-05-05 03:14:26.916729184,Mouse,West,Wholesale,Arun,CUST1180,6.0,2396.06,0.0,14376.36,10591.64,Completed,NetBanking,6.0
ORD03150,2025-07-28 20:04:08.462115528,Headset,South,Wholesale,Rahul,CUST1154,7.0,16212.61,10.0,102139.44,74345.06,Completed,Net Banking,6.0
ORD00867,2024-06-07 02:01:42.625656414,Smartphone,North,Online,Arun,CUST1274,5.0,15146.02,10.0,68157.09,"₹51,562.26",Pending,Cash,1.0
ORD03719,2025-11-09 16:54:44.021005256,Printer,west,Wholesale,Karthik,CUST1162,5.0,49271.99,20.0,197087.96,139318.22,Completed,Cash,1.0
ORD03050,2025-07-10 13:57:34.163540888,Printer,West,Online,Rahul,CUST1186,1.0,19609.72,10.0,17648.75,15329.7,Returned ,UPI,11.0
ORD00291,2024-02-22 22:31:03.465866467,Keyboard,North,Retail,Arun,CUST1047,4.0,21676.36,15.0,73699.62,65961.76,Completed,Card,10.0
ORD02012,2025-01-02 02:22:57.344336084,Keyboard,West,Retail,Meena,CUST1285,3.0,2655.15,20.0,6372.36,5458.03,Completed,Card,10.0
ORD02544,2025-04-09 05:07:31.012753192,Monitor,South,Online,Suresh,CUST1027,250,13160.99,15.0,5000000,10000000,Returned,Card,3.0
ORD02203,2025-02-05 23:10:18.454613656,Headset,West,Wholesale,Meena,CUST1098,8.0,14114.66,10.0,101625.55,83442.56,Cancelled,Cash,
ORD03413,2025-09-14 20:17:49.467366848,Keyboard,East,Wholesale,Priya,CUST1271, 6.0 ,2243.74, 0.0 ,13462.44,11480.45,Pending,Cash,8.0
ORD03616,2025-10-21 21:39:33.893473368,Tablet,South,Retail,Rahul,CUST1261,4.0,741.02,15.0,2519.47,1916.3,Cancelled,Cash,10.0
ORD00605,2024-04-20 06:10:53.563390848,Monitor ,North,Online,Divya,CUST1015,2.0,50517.81,0.0,101035.62,90859.43,Completed,Card,12.0
ORD02698,2025-05-07 07:48:50.232558144,Headset,West,Wholesale,Anita,CUST1122,4.0,,20.0,189813.38,141033.41,Returned,Card,5.0
ORD00917,2024-06-16 05:04:59.774943736,Headset,South,Online,Meena,CUST1097,8.0,56631.97,5.0,430402.97,360255.16,Returned,Card,10.0
ORD03155,2025-07-29 17:58:28.177044264,Monitor,North,Retail,Suresh,CUST1087,1.0,2523.35,0.0,2523.35,2150.4,Completed,Cash,11.0
ORD02443,2025-03-21 18:38:04.771192800,Mouse,West,Online,Karthik,CUST1206,4.0,10314.61,20.0%,33006.75,28746.27,Returned,Net Banking,9.0
ORD01100,2024-07-19 14:49:25.341335334,Tablet,West,Online,Karthik,CUST1103,8.0,915.11,15.0,6222.75,4636.57,Pending,Cash,5.0
ORD01089,2024-07-17 14:37:53.968492124,Laptop,North,Wholesale,Divya,CUST1236,1.0,828.49,5.0,787.07,638.09,Completed,Card,5.0
ORD03884,2025-12-09 19:47:34.613653416,Smartphone,East,Online,Divya,CUST1278,3.0,50694.31,10.0,136874.64,101904.02,Completed,Cash,8.0
ORD03152,2025-07-29 04:49:52.348087024,Tablet,South,Retail,Divya,CUST1218,5.0,54708.28,15.0,232510.19,"₹196,349.59",Pending,Card,8.0
ORD01625,2024-10-23 10:53:55.408852216,Headset,North,Wholesale,Anita,CUST1295,5.0,24934.57,15.0%,105971.92,85609.92,Completed,NET BANKING,1.0
ORD02515,2025-04-03 22:04:24.666166544,Smartphone,East,Wholesale,Karthik,CUST1120,1.0,973.25,20.0,778.6,529.7,Pending,UPI,12.0
ORD00822,2024-05-29 20:52:45.191297826,Tablet,West,Wholesale,Priya,CUST1238,8.0,12090.54,10.0,87051.89,70154.81,Returned,Cash,11.0
ORD02168,2025-01-30 00:00:00,Headset,WEST,Online,Divya,CUST1280,3.0,21057.14,5.0,60012.85,39827.01,Cancelled,UPI,7.0
ORD02479,2025-03-28 08:21:14.718679672,Monitor,SOUTH,Wholesale,Meena,CUST1157,2.0,1707.32,0.0,3414.64,2761.37,Pending,Cash,
ORD03775,2025-11-19 22:15:12.828207056,KEYBOARD,East,Retail,Rahul,CUST1214,2.0,2013.61,5.0,3825.86,3160.1,Returned,Card,2.0
ORD03224,2025-08-11 08:16:12.243060768,Laptop,East,Retail,Arun,CUST1034,2.0,"₹1,051.90",0.0,2103.8,1622.14,Completed,Cash,2.0
ORD03689,2025-11-04 05:28:45.731432864,Smartphone,North,Retail,Rahul,CUST1095,6.0,55540.76,20.0,266595.65,200132.39,Cancelled,Net Banking,3.0
ORD01303,2024-08-25 16:11:09.767441860,Printer,South,Wholesale,Suresh,CUST1203,2.0,738.04,15.0,1254.67,975.86,Pending,UPI,4.0
ORD01001,2024-07-01 13:05:42.985746438,Keyboard,West,,Arun,CUST1280,4.0,25597.99,20.0,81913.57,58301.55,Completed,Net Banking ,5.0
ORD03286,2025-08-22 15:53:52.708177048,Headset,North ,Online,Suresh,CUST1212,1.0,920.12,,828.11,539.49,Cancelled,Net Banking,3.0
ORD03561,2025-10-11 20:41:57.029257320,Keyboard,East,Retail,Rahul,CUST1272,1.0,63067.77,5.0,59914.38,"₹40,778.95",Returned,Cash,11.0
ORD01506,2024-10-01 17:32:54.193548388,Printer,South,whole-sale,Anita,CUST1090,2.0,12211.07,15.0,20758.82,14985.96,Pending,Cash,9.0
ORD01478,2024-09-26 14:52:39.789947488,Keyboard,West,Retail,Karthik,CUST1011,5.0,not available,5.0,65638.82,54063.34,Pending,Net Banking,12.0
ORD00019,2024-01-04 06:51:34.973743435,Mouse,West,retail ,Anita,CUST1028,2.0,26030.51,15.0,44251.87,29844.26,Completed,UPI,7.0
ORD01638,2024-10-25 19:51:10.667666920,Keyboard,West,Retail,Anita,CUST1211,7.0,,15.0,12005.91,10269.22,Completed,Cash,7.0
ORD01668,2024-10-31 07:17:08.957239312,Mouse,South,Online,Arun,CUST1102,7.0,2052.99,20.0,11496.74,9628.46,Completed,Net Banking,7.0
ORD00494,2024-03-30 23:52:47.891972994,Keyboard,East,Wholesale,Suresh,CUST1269,3.0,"₹2,669.56",0.0,8008.68,6076.24,Pending,Card,10.0
ORD01126,2024-07-24 08:43:55.858964742,TABLET,West,Wholesale,Suresh,CUST1181,5.0,23906.08,5.0,113553.88,99632.94,Pending,Net Banking,10.0
ORD01405,2024-09-13 07:03:27.951988,,North,Online,Priya,CUST1145,3.0.0,27767.15,0.0,83301.45,69105.45,Cancelled,Cash,10.0
ORD03094,2025-07-18 14:43:39.654913728,Keyboard,South,Online,Meena,CUST1264,3.0,993.32,10.0,2681.96,1942.55,Returned,Card,5.0
ORD03864,2025-12-06 04:10:15.753938488,Keyboard,South,Wholesale,Arun,CUST1047,5.0,18801.32,20.0,75205.28,56865.96,Returned,Cash,10.0
ORD02722,2025-05-11 16:57:36.864216056,Keyboard,West,Online,Karthik,CUST1165,7.0,47748.81,10.0,300817.5,267224.24,Pending,Net Banking,1.0
ORD02448,2025-03-22 16:32:24.486121536,Printer,West,Online,Suresh,CUST1135,2.0,14388.76,20.0,23022.02,15428.1,Returned,UPI,5.0
ORD02424,2025-03-18 07:23:37.854463616,Printer,East,Online,Priya,CUST1020,5.0,17418.01,5.0,82735.55,56698.65,Pending,Net Banking,8.0
ORD02270,2025-02-18 04:42:18.634658668,Tablet,South,Online,Rahul,CUST1257,4.0,46715.18,10.0,168174.65,113004.46,CANCELLED,Cash,9.0
ORD02133,2025-01-24 04:29:42.445611404,Tablet,West,Online,Arun,,4.0,951.74,0.0,"₹3,806.96",2895.22,Returned,UPI,3.0
ORD00585,2024-04-16 00:00:00,Tablet, west,Retail,Karthik,CUST1003,7.0,45226.44,15.0,269097.32,194223.56,Cancelled,Cash,8.0
ORD02624,2025-04-23 19:36:46.451612904,Tablet,West,Wholesale,Meena,cust1152,8.0,24358.61,5.0,185125.44,160335.58,Cancelled,Cash,11.0
ORD00688,2024-05-05 09:48:44.831207802,Mouse,South,Retail,Karthik,CUST1006,8.0,10908.04,20.0,69811.46,60574.53,Completed,UPI,6.0
ORD03333,2025-08-31 05:48:34.028507128,Headset,West,Wholesale,Meena,CUST1251,4.0,1027.5,5.0,3904.5,3276.65,Returned,Cash,6.0
ORD02285,2025-02-20 22:25:17.779444864,Keyboard,South,Wholesale,Anita,CUST1053,7.0,10436.7,5.0,69404.06,60019.1,Completed,UPI,11.0
ORD03134,2025-07-25 21:58:17.374343592,Laptop,North,Online,Meena,CUST1206,6.0,14079.74,15.0,71806.67,48422.41,Completed,Net Banking,6.0
ORD01609,2024-10-20 12:48:04.321080272,Printer,South,Online,Meena,CUST1249,2.0,1583.1,15.0,"2,691.27",1750.67,Cancelled,UPI,8.0
ORD02673,2025-05-02 18:17:11.657914480,Tablet,North,Retail,Anita,CUST1130,5.0,13990.42,0.0,69952.1,54869.38,Completed,Cash,4.0
ORD02233,2025-02-11 10:36:16.744186048,Smartphone,North,Wholesale,Arun,CUST1149,6.0,2657.91,5.0,15150.09,11347.42,Completed,Cash,5.0
ORD01010,2024-07-03 04:31:30.472618156,,North,Retail,Divya,CUST1113,2.0,23179.98,0.0,46359.96,37827.29,Returned,Cash,6.0
ORD03200,2025-08-06 23:07:25.611402856,Tablet,South,Online,Anita,CUST1174,8.0,53823.94,15.0,366002.79,316313.35,Pending,Cash,12.0
ORD02308,2025-02-25 03:11:12.468117032,Laptop,East,Online,,CUST1223,7.0,20008.44,5.0,133056.13,97029.27,Returned,Card,12.0
ORD00361,2024-03-06 17:11:39.474868718,Tablet,South,Wholesale,Rahul,CUST1105,5.0,25471.66,10.0,114622.47,79697.95,Completed,Cash, 8.0 
ORD03397,2025-09-11 22:11:58.379594904,Printer,East,Retail,Priya,CUST1248,2.0,21195.95,15.0,36033.11,26276.36,Returned,UPI,3.0
ORD03648,2025-10-27 17:51:16.069017256,Tablet,East,Wholesale,Meena,CUST1023,,10534.28,10.0,66365.96,59368.76,Cancelled,UPI,8.0
ORD02925,2025-06-17 18:19:21.290322584,Headset,South,Wholesale,Arun,CUST1028,5.0,11222.47,20.0,44889.88,34857.49,Completed,Net Banking,1.0
ORD01678,2024-11-02 03:05:48.387096776,Keyboard,West,Wholesale,Karthik,CUST1039,3.0,24854.24,15.0,63378.31, 42415.49 ,,Card,5.0
ORD01311,2024-08-27 03:14:05.311327832,Headset,South,Wholesale,Meena,CUST1291,5.0,16560.24,10.0,74521.08,65054.52,Cancelled,Card,9.0
ORD01171,2024-08-01 13:52:53.293323332,Smartphone,SOUTH,Wholesale,Arun,CUST1066,5.0,16356.36,5.0,77692.71,51879.46,Cancelled,UPI,6.0
ORD01955,2024-12-22 16:39:36.594148540,Mouse,South ,Online,Arun,CUST1136,7.0,22578.49,0.0,158049.43,115581.99,Cancelled,UPI,8.0
ORD00801,2024-05-26 00:52:34.388597150,Headset,South,Online,Arun,CUST1137,4.0,48898.97,15.0,166256.5,121507.38,Completed,UPI,2.0
ORD02401,2025-03-14 02:37:43.165791448,Headset,North,Retail,Suresh,CUST1154,3.0,10375.01,15.0,26456.28,,Cancelled,Card,3.0
ORD00345,2024-03-03 19:05:48.387096774,Printer,West,Wholesale,Anita,CUST1093,250,60335.96,0.0,5000000,22000000,Returned,Cash,10.0
ORD02695,2025-05-06 18:40:14.403600904,Smartphone, west,Retail,Anita,CUST1056,1.0,15384.48,5.0,14615.26,12654.74,Pending,Net Banking,2.0
ORD00987,2024-06-28 23:45:35.783945988,Keyboard,West,Retail,Priya,CUST1238,8.0,25712.55,10.0,185130.36,144312.76,Returned,Net Banking,3.0
ORD02526,2025-04-05 22:15:56.039009752,Monitor,South,Retail,Suresh,CUST1097,1.0,24951.36,0.0,24951.36,21240.93,Cancelled,Card,12.0
ORD00744,2024-05-15 15:09:13.638409604,Mouse,West,Wholesale,Meena,CUST1024,7.0,14439.33,10.0,90967.78,74945.33,Pending,Cash,3.0
ORD02947,2025-06-21 18:42:24.036009008,Laptop,South,Wholesale,Divya,CUST1108,4.0,897.53,15.0,3051.6,2130.26,Returned,Net Banking,10.0
ORD01672,2025-99-99,Laptop,East,Wholesale,Meena,CUST1221,8.0,1885.79,0.0,15086.32,10396.27,Returned,Credit Card,5.0
ORD02447,2025-03-22 12:09:32.543135784,Keyboard,North,Wholesale,Priya,CUST1192,7.0,2598.83,0.0,"₹18,191.81",12919.84,Pending,Cash,9.0
ORD02023,2025-01-04 02:34:28.717179296,Tablet,East,Online,Suresh,CUST1084,4.0,14520.43,5.0,55177.63,41762.38,Returned,Card,1.0.0
ORD00114,2024-01-21 15:03:49.557389347,Headset,East,Online,Divya,CUST1160,7.0,17554.26,15.0,104447.85,78155.66,Cancelled,UPI,1.0
ORD01438,2024-09-19 07:38:02.070517632,Monitor,North,Wholesale,Arun,CUST1037,3.0,16513.97,0.0,49541.91,38101.89,Returned,Card,4.0
ORD02972,2025-06-26 08:14:02.610652664,Laptop,East,Online,Arun,CUST1170,8.0, 12406.12 ,20.0,79399.17,69065.23,Returned,Net Banking,6.0
ORD01242,2024-08-14 12:56:21.245311328,Smartphone,North,Retail,Priya,CUST1094,2.0,17397.83,0.0,34795.66, 23911.54 ,Cancelled,Card,12.0
ORD01143,2024-07-27 11:12:38.889722432,Mouse,North,Retail,Meena,CUST1115,1.0,10444.9,0.0,10444.9,7512.01,Pending,Cash,10.0
ORD02410,2025-03-15 18:03:30.652663168,Tablet,West,Retail,Karthik,CUST1236,1.0,1025.77,10.0,923.19,646.05,Cancelled,Card,9.0
ORD01217,2024-08-09 23:24:42.670667668,Tablet,South,Wholesale,Anita,CUST1275,6.0,25833.38,5.0,147250.27,106329.62,Cancelled,UPI,10.0
ORD01826,2024-11-29 03:29:55.948987248,Printer,South,Retail,Divya,CUST1278,3.0,987.3,0.0,2961.9,2219.84,Completed,Card,10.0
ORD01199,2024-08-06 16:33:07.696924232,Smartphone,East,Wholesale,Priya,CUST1242,6.0,1576.09,0.0,9456.54,6206.91,Pending,Net Banking,5.0
ORD00086,2024-01-16 12:23:35.153788447,Printer,South,Wholesale,Priya,CUST1228,4.0,1915.06,0.0,7660.24,5010.92,Pending,Cash,1.0
ORD01519,2024-10-04 02:30:09.452363092,Monitor,North,Retail,Meena,CUST1046,2.0,1755.95,5.0,3336.3,2986.3,Pending,Cash,6.0
ORD03834,2025-11-30 16:44:17.464366096,Headset,East,Online,Divya,CUST1209,5.0,15771.13,20.0,63084.52,51931.2,Completed,Cash,9.0
ORD01382,2024-09-09 02:17:33.263315832,Monitor,North,Wholesale,Priya,CUST1152,7.0,23036.9,0.0,161258.3,122865.66,Cancelled,UPI,6.0
ORD01376,2024-09-08 00:00:21.605401352,Headset,North,Wholesale,Priya,CUST1128,8.0,1727.53,5.0,13129.23,10746.7,Pending,UPI,2.0
ORD00669,2024-05-01 22:34:17.914478620,Printer,East,Retail ,Anita,CUST1231,1.0,10702.02,0.0,10702.02,8776.27,Cancelled,Cash,3.0
ORD02656,2025-04-29 15:48:28.627156792,Keyboard,East,Online,Rahul,CUST1102,8.0,2352.23,5.0,17876.95,14368.91,CANCELLED,Cash,10.0
ORD01015,2024-07-04 02:25:50.187546888,Monitor,West,Online,Suresh,CUST1273,1.0,2280.88,5.0,2166.84,1762.82,Completed,Cash,1.0
ORD00129,,Tablet,East,Online,Karthik,CUST1180,5.0,13884.19,10.0,62478.85,51483.04,Cancelled,Net Banking,3.0
ORD01365,2024-09-05 23:48:50.232558140,Headset,West,Retail,Meena,CUST1191,6.0,817.9,0.0,4907.4,3783.7,pendng,UPI,10.0
ORD03145,2025-07-27 22:09:48.747186800,Keyboard,South,Retail,Rahul,CUST1120,1.0,2919.93,0.0,2919.93,2228.06,Returned,Net Banking,1.0
ORD02371,2025-03-08 15:11:44.876219056,Monitor,North,Online,Meena,CUST1047,7.0,12944.86,10.0,81552.62,55264.21,Returned,Card, 11.0 
ORD00892,2024-06-11 15:33:21.200300076,,North,Online,Suresh,CUST1217,1.0,21694.9,0.0,21694.9,17557.69,Returned,Cash,10.0
ORD03499,2025-09-30 13:04:16.564141040,Monitor,South,Retail,Rahul,CUST1003,4.0,2650.33,20.0,8481.06,7445.47,Cancelled,Cash,7.0
ORD01360,2024-09-05 01:54:30.517629408,Keyboard,East,Online,Karthik,CUST1012,4.0,16874.13,20.0,53997.22,35416.71,Cancelled,Card,3.0
ORD00308,2024-02-26 00:59:46.496624156,Smartphone,WEST,Wholesale,Arun,CUST1258,8.0,17017.32,10.0,122524.7,107848.46,Pending,UPI,8.0
ORD02969,2025-06-25 19:05:26.781695424,Mouse,East,Wholesale,Rahul,CUST1047,8.0,15997.52,20.0,102384.13,71978.12,Returned,,1.0
ORD03716,2025-11-09 03:46:08.192048016,Monitor,West,Retail,Anita,CUST1072,4.0,11076.49,20.0,35444.77,27116.16,Pending,Cash, 6.0 
ORD00384,2024-03-10 21:57:34.163540886,Keyboard,West,Wholesale,Karthik,CUST1188,4.0,13133.82,0.0,52535.28,45663.21,Returned,Card,10.0
ORD00151,2024-01-28 09:09:51.447861965,Laptop,North,Wholesale,Anita,CUST1190,6.0,754.74,15.0,3849.17,3013.28,Cancelled,Net Banking,2.0
ORD02175,2025-01-31 20:30:04.051012756,Headset,East,Wholesale,Suresh,CUST1272,7.0,61453.46,20.0,344139.38,278018.06,Pending,Cash,11.0
ORD01318,2024-08-28 09:54:08.912228060,Printer,West,Online,Arun,CUST1255,4.0,23687.32,0.0,94749.28,77371.92,Returned,,7.0
ORD01452 ,2024-09-21 20:58:09.272318080,Headset,North,Online,Meena,CUST1112,2.0,22960.12,20.0,36736.19,27704.28,Cancelled,UPI,1.0
ORD03865,2025-12-06 08:33:07.696924232,Keyboard,West,Retail,Arun,CUST1127,2.0,32371.48,5.0,61505.81,48318.76,Completed,UPI,9.0
ORD03665,2025-10-30 20:19:59.099774944,Laptop,North,Wholesale,Meena,CUST1112,8.0,19537.98,0.0,156303.84,124007.24,Completed,Card,3.0
ORD00427,2024-03-18 18:20:47.711927982,Smartphone,West,Wholesale,Arun,CUST1014,2.0,10746.79,0.0,21493.58,18796.43,Returned,UPI,2.0
ORD00495,2024-03-31 04:15:39.834958740,Smartphone,West,Wholesale,Rahul,CUST1219,2.0,49978.76,20.0,79966.02,68353.0,Cancelled,Cash,9.0
ORD01208,2024-08-08 07:58:55.183795952,Keyboard,North, online,Divya,CUST1206,6.0,55108.01,15.0,281050.85,250417.53,Cancelled,Card,8.0
ORD03634,2025-10-25 04:31:08.867216808,Tablet,East,Retail,Anita,CUST1231,3.0,19556.6,10.0,52802.82,39420.43,Pending,Net Banking,8.0
ORD02472,2025-03-27 01:41:11.117779448,Smartphone,South,Wholesale,Rahul,CUST1149,5.0.0,1012.9, 0.0 ,5064.5,3751.85,Cancelled,Card,5.0.0
ORD01209,2024-08-08 12:21:47.126781696,Monitor,East,Retail,Priya,CUST1047,6.0,26832.8,10.0,144897.12,95595.73,Returned,Cash,10.0
ORD01821,,Tablet,West,Wholesale,Divya,CUST1134,2.0,19926.12,15.0,33874.4,29711.53,Returned,Card,4.0
ORD03034,2025-07-07 00:00:00,Monitor,West,Wholesale,Karthik,CUST1247,2.0,21892.94,20.0,35028.7,25693.95,Cancelled,Net Banking,3.0
ORD03218,2025-08-10 05:59:00.585146288,Laptop,West,Wholesale,Divya,CUST1298,3.0,13186.5,5.0,37581.53,29709.56,Cancelled,UPI,1.0
ORD03672,2025-11-01 03:00:02.700675176,Printer,East,Wholesale,Divya,CUST1165,8.0,1925.62,10.0,13864.46,10707.95,Completed,Net Banking,11.0
ORD02715,2025-05-10 10:17:33.263315832,Headset,South,Wholesale,Divya,CUST1213,5.0,58589.39,10.0,263652.26,218566.71,Completed,Cash,1.0
ORD01967,2024-12-24 21:13:59.909977496,Keyboard,North, wholesale,Priya,CUST1271,6.0,15662.87,20.0,75181.78,53053.45,Cancelled,Net Banking,9.0
ORD01240,2024-08-14 04:10:37.359339836,Keyboard,North,Wholesale,Rahul,CUST1210,7.0.0,1556.88,20.0,8718.53,7398.13,Completed,Net Banking,7.0
ORD02776,2025-05-21 13:32:21.785446368,Mouse,East,Wholesale,Arun,CUST1157,5.0,2284.04,5.0,10849.19,8096.37,Returned,Net Banking,3.0
ORD02180,2025-02-01 18:24:23.765941488,Monitor,South,Wholesale,Rahul,CUST1036,6.0,56417.83,0.0,338506.98,235671.81,Pending,Cash,11.0
ORD00276,2024-02-20 04:48:04.321080270,Headset,South,Wholesale,Priya,CUST1259,7.0,,10.0,95185.94,82149.79,Pending,Net Banking,2.0
ORD00490,2024-03-30 06:21:20.120030008,Printer,West,Online,Arun,CUST1126,8.0,14980.38,15.0,101866.58,81412.86,Cancelled,Card,1.0
ORD03154,2025-07-29 13:35:36.234058520,Monitor,West,Online,Priya,CUST1143,2.0,52548.57,0.0,105097.14,77964.75,Completed,UPI,11.0
ORD01230,2024-08-12 08:21:57.929482372,Tablet ,South,Retail,Meena,CUST1080,6.0,27888.09,5.0,158962.11,119292.27,Cancelled,Net Banking,11.0
ORD00691,2024-05-05 22:57:20.660165042,Monitor,East,Online,Arun,CUST1276,6.0,2197.17,15.0,11205.57,8379.19,Cancelled,Net Banking,12.0
ORD03304,2025-08-25 22:45:27.681920480,Smartphone,North,Retail,Anita,CUST1158,7.0,779.82,15.0,4639.93,3638.7,Completed,Cash,3.0
ORD02652,2025-04-28 22:17:00.855213808,Smartphone,East,Wholesale,Divya,CUST1166,3.0,984.85,20.0,2363.64,2064.23,Completed,UPI,7.0
ORD02820,2025-05-29 14:18:27.276819208,Smartphone,North,Wholesale,Anita,CUST1079,1.0,2065.75,15.0,1755.89,1162.84,Cancelled,Card,7.0
ORD02529,2025-04-06 11:24:31.867966992,Mouse,East,Retail,Meena,CUST1028,4.0,14663.67,0.0,58654.68,42183.77,Completed,Cash,4.0
ORD01781,2024-11-20 22:20:58.514628660,Smartphone,North,Online,Karthik,CUST1062,3.0,837.29,5.0,2386.28,2041.69,Completed,Cash,1.0
ORD03663,2025-10-30 11:34:15.213803456,Mouse,West,Retail,Anita,,3.0,2111.21,20.0,5066.9,-3538.96,Completed,Cash,6.0
ORD02756,2025-05-17 21:55:02.925731432,Mouse,East,Wholesale,Anita,CUST1240,3.0,47739.03,20.0,114573.67,101046.69,Pending,Net Banking,10.0
ORD01059,2024-07-12 03:11:55.678919730,Smartphone,West,Online,Arun,CUST1278,2.0,1761.33,0.0,3522.66,2831.6,Pending,UPI,12.0
ORD00119,2024-01-22 12:58:09.272318079,Laptop,West,Online,Divya,cust1295,1.0,11052.94,15.0,9395.0,"₹6,163.86",Returned,Net Banking,12.0
ORD01025,2024-07-05 22:14:29.617404352,Mouse,East,Wholesale,Suresh,CUST1037,4.0,28438.87,5.0,108067.71,72451.98,Returned,Cash,3.0
ORD03017,2025-07-04 13:23:00.045011256,Headset,North,Retail,Rahul,CUST1152,3.0,1987.22,5.0,5663.58,4012.21,Pending,Card,11.0
ORD00282,2024-02-21 07:05:15.978994749,Laptop,South,Online,Karthik,CUST1102,3.0,24334.62,0.0,73003.86,47717.96,Returned,Cash,11.0
ORD02343,2025-03-03 12:31:30.472618160,Monitor,East,Online,Arun,CUST1040,2.0,989.26,20.0,1582.82,1184.39,Completed,Cash,5.0
ORD01317,2024-08-28 05:31:16.969242312,Headset,East,Retail,Arun,CUST1289,2.0,23003.98,5.0,43707.56,30234.19,Returned,UPI,12.0
ORD03092,2025-07-18 05:57:55.768942240,Mouse ,East,Retail,Meena,CUST1189,8.0,47403.37,15.0,322342.92,287700.48,Cancelled,UPI,1.0
ORD00969,2024-06-25 16:54:00.810202552,Smartphone,North,Retail,Priya,Cust1141,100,11005.63,5.0,25000000,10000000,Returned,Card,5.0
ORD01666,2024-10-30 22:31:25.071267820,Monitor,East,Retail,Priya,CUST1148,2.0,57385.38,10.0,103293.68,86308.41,Completed,Card,9.0
ORD03986,2025-12-28 10:39:52.798199552,Tablet,South,Online,Suresh,CUST1181,3.0,25822.61,15.0,65847.66,53288.0,Completed,Cash,10.0
ORD01906,2024-12-13 17:59:11.387846964,Tablet,South,Retail,Rahul,CUST1139,4.0,12829.49,15.0,43620.27,33346.92,Returned,UPI,9.0
ORD02565,2025-04-13 01:07:41.815453864,Tablet,East,Retail,Anita,CUST1079,2.0,1698.44,0.0,3396.88,2931.55,Cancelled,UPI,3.0
ORD03938,2025-12-19 16:22:19.534883728,Smartphone,North,Retail,Arun,CUST1160,7.0,12153.45,20.0,68059.32,53487.74,Pending,Cash,3.0
ORD02310,2025-02-25 11:56:56.354088528,Tablet,South,Retail,Meena,CUST1091,7.0,26008.86,15.0,154752.72,133810.74,Returned,Net Banking,10.0
ORD00620,2024-04-22 23:53:52.708177044,Keyboard,west,Wholesale,Suresh,CUST1181 ,1.0,25708.09,15.0,21851.88,15217.24,Cancelled,Cash,1.0
ORD02119,2025-01-21 15:09:35.243810956,Monitor,North,Wholesale,Meena,CUST1176,7.0,1512.86,20.0,8472.02,7130.32,Returned,Card,4.0
ORD01743,2024-11-13 23:52:04.681170296,PRINTER,East,Retail,Divya,CUST1233,6.0,unknown,15.0,9454.94,7547.03,Returned,Cash,12.0
ORD03272,2025-08-20 02:33:45.506376600,Headset,West,Retail,Karthik,CUST1106,8.0,25701.24,15.0,174768.43,125335.13,Pending,Cash,12.0
ORD00156,2024-01-29 07:04:11.162790698,Tablet,South,Online,Rahul,CUST1204,8.0,880.23,20.0,5633.47,3772.25,Returned,Net Banking,7.0
ORD01848,2024-12-03 03:52:58.694673672,Smartphone,East,Online,Priya,CUST1066,3.0,849.81,0.0,2549.43,1676.32,Returned,Net Banking,7.0
ORD03899,2025-12-12 13:30:33.758439616,Headset,East,Online,Arun,CUST1003,1.0,13887.21,0.0,13887.21,9597.89,Returned,Net Banking,9.0
ORD01656,2024-10-29 02:42:45.641410356,Headset,East,Wholesale,Priya,CUST1218,7.0,30245.2,,179958.94,146519.4,Cancelled,Card,5.0
ORD02461,2025-03-25 01:29:39.744936240,Laptop,South,Retail,Arun,CUST1125,5.0,1046.47,20.0,4185.88,3493.04,Returned,Card,10.0
ORD00305,2024-02-25 11:51:10.667666917,Headset,East,Online,Suresh,CUST1095,7.0,1802.21,15.0,10723.15,8820.85,Cancelled,Net Banking,6.0
ORD02583,2025-04-16 07:59:16.789197304,Mouse,West, online,Priya,CUST1237,8.0,13098.98,10.0,94312.66,84519.57,Completed,Card,10.0
ORD03389,2025-09-10 11:09:02.835708928,Tablet,West,Wholesale,Anita,CUST1125,3.0,2713.12,15.0,6918.46,5281.23,Pending,Card,10.0
ORD03014,2025-07-04 00:14:24.216054016,Smartphone,South,Retail,Karthik,CUST1117,1.0,2042.85,5.0,1940.71,1324.0,Completed,Card,8.0
ORD01957,2024-12-23 01:25:20.480120032,Keyboard,West,Online,Priya,CUST1046,7.0,2055.74,5.0,13670.67,12229.63,Cancelled,Credit Card,1.0
ORD03996,2025-12-30 06:28:32.228057016,Monitor,East,Online,Karthik,CUST1253,3.0,12668.63,10.0,34205.3,24186.79,Returned,UPI,6.0
ORD02965,2025-06-25 01:33:59.009752440,Headset,North,Retail ,Suresh,CUST1114,1.0,29154.15,5.0,27696.44,24182.24,Pending,Cash,12.0
ORD01308,2024-08-26 14:05:29.482370592,Laptop,East,Retail,Divya,CUST1262,3.0,14007.86,20.0,33618.86,22708.64,Returned,Card,4.0
ORD02423,2025-03-18 03:00:45.911477872,Keyboard,South,Wholesale,Rahul,CUST1133,2.0,24765.28,10.0,44577.5,33346.4,Pending,UPI, 9.0 
ORD00576,2024-04-14 23:07:47.216804202,Printer,East,Online,Priya,CUST1191,5.0,967.51,20.0,3870.04,3325.34,Cancelled,Net Banking,8.0
ORD02597,2025-04-18 21:19:23.990997752,Monitor,South,Wholesale,Divya,CUST1074,7.0,16432.71,15.0,97774.62,86271.52,Completed,Card,9.0
ORD03956,2025-12-22 23:13:54.508627160,Headset,East,Wholesale,Arun,CUST1287,7.0,1023.33,,6446.98,4856.04,Cancelled,Card,8.0
ORD03489,2025-09-28 17:15:37.134283576,Smartphone,East,Wholesale,Rahul,CUST1289,3.0,23969.48,15.0,61122.17,52380.55,Completed,Card,10.0
ORD01707,2024-11-07 10:08:54.733683424,Monitor,East,Wholesale,Divya,CUST1076,6.0,18217.61,10.0,98375.09,72808.06,Completed,Cash,7.0
ORD03501,2025-09-30 21:50:00.450112528,Tablet,West,Retail,Karthik,CUST1162,3.0,23351.1,20.0,56042.64,39044.52,Cancelled,Net Banking,9.0
ORD01300,2024-08-25 03:02:33.938484624,Laptop,West,Wholesale,Divya,CUST1203,6.0,20291.45,15.0%,103486.4,70728.51,Pending,Cash,10.0
ORD00133,2024-01-25 02:18:16.474118529,Headset,East,Wholesale,Anita,CUST1120,6.0,13630.25,5.0,77692.43,64888.11,Pending,Cash,8.0
ORD02954,2025-06-23 01:22:27.636909232,Keyboard,East,Wholesale,Divya,CUST1158,1.0,11770.5,15.0,10004.92,"8,449.12",Cancelled,Card,2.0
ORD03193,2025-08-05 16:27:22.010502632,Keyboard,South,Wholesale,Karthik,CUST1238,7.0,11825.54,10.0,74500.9,60131.61,Pending,UPI,4.0
ORD00862,2024-06-06 04:07:22.910727682,Mouse,East,Wholesale,Anita,Cust1104,,2322.95,0.0,4645.9,3137.2,Pending,UPI,3.0
ORD00844,2024-06-02 21:15:47.936984246,Headset,EAST,Retail,Meena,CUST1002,5.0,32261.39,10.0,145176.26,112042.03,Returned,Card,5.0
ORD01802,2024-11-24 18:21:09.317329332,Printer,West ,Wholesale,Arun,CUST1017,8.0,13300.46,20.0,85122.94,61259.64,Cancelled,Card,10.0
ORD01629,2024-10-24 04:25:23.180795200,Smartphone,South,Retail,Divya,CUST1017,3.0,2672.87,10.0,7216.75,5063.0,Pending,Cash,5.0
ORD01994,2024-12-29 19:31:22.370592648,Laptop,North,Online,Anita,Cust1163,4.0,2135.82,15.0,7261.79,5537.22,Cancelled,Card,9.0
ORD02589,2025-04-17 10:16:28.447111784,Keyboard,North,Online,Anita,CUST1159,1.0,17080.29,0.0,17080.29,11472.43,Pending,Net Banking,11.0
ORD00270,2024-02-19 02:30:52.663165791,Mouse,West,Online,Karthik,CUST1019,1.0,14732.94,15.0,12523.0,8544.32,Returned,Card,6.0
ORD00630,2024-04-24 19:42:32.138034510,Tablet,East,Retail,Suresh,CUST1164,3.0,2107.79,5.0,6007.2,4778.68,Completed,Card,7.0
ORD01731,2024-11-11 19:17:41.365341336,Laptop,North,Wholesale,Priya,CUST1213,3.0,"₹13,786.56",0.0,41359.68,28498.96,Completed,Net Banking,5.0.0
ORD01034,2024-07-07 13:40:17.104276070,Printer,South,Wholesale,Karthik,CUST1038,3.0,24989.75,0.0,74969.25,53577.17,Pending,Net Banking,7.0
ORD02315,2025-02-26 09:51:16.069017256,Keyboard,West,Online,Divya,CUST1182,6.0,23154.14,15.0,118086.11,91828.79,Cancelled,UPI,12.0
ORD00287,2024-02-22 04:59:35.693923481,Laptop,West,Wholesale,Divya,CUST1246,4.0,14441.33,20.0,46212.26,37224.98, returned,CASH,10.0
ORD01327,2024-08-30 01:19:56.399099776,Monitor, west,Online,Meena,CUST1001,7.0,857.82,0.0,6004.74,3981.68,Completed,Net Banking,3.0
ORD02930,2025-06-18 16:13:41.005251312,Headset,South,Wholesale,Rahul,CUST1038,3.0,744.47,0.0,2233.41,1779.25,Completed,Net Banking,12.0
ORD00301,2024-02-24 18:19:42.895723931,Smart Phone,East,Wholesale,Anita,CUST1016,3.0,10569.8,0.0,31709.4,22819.59,Returned,Card,10.0
ORD03166,2025-07-31 18:09:59.549887472,Headset,East,Online,Meena,CUST1169,3.0,10002.29,20.0,24005.5,19907.65,Cancelled,Card,7.0
ORD02888,2025-06-11 00:13:19.399849968,Mouse,West,Online,Meena,CUST1110,4.0,1494.22,10.0,5379.19,4001.2,Returned,Card,8.0
ORD03589,2025-10-16 23:22:11.432858216,Keyboard,South,Online,Priya,CUST1210,1.0,14124.08,0.0,14124.08,11901.08,Returned,Net Banking,8.0
ORD01448,2024-09-21 03:26:41.500375096,Mouse,South,Retail,Meena,CUST1096,7.0,787.12,20.0,4407.87,3830.31,Completed,Cash,12.0
ORD01473,2024-09-25 16:58:20.075018756,Monitor,East,Retail,Arun,CUST1188,5.0,24051.32,20.0,96205.28,64999.08,Cancelled,Card,
ORD02818,2025-05-29 05:32:43.390847712,Mouse,West,Online,Anita,CUST1282,6.0,1595.39,5.0,9093.72,6040.51,Returned, cash, 8.0 
ORD02770,2025-05-20 11:15:10.127531888,Laptop,North,Online,Arun,CUST1131,8.0,12121.78,10.0,87276.82,66925.2,Cancelled,Cash,5.0
ORD01187,2024-08-04 11:58:44.381095276,Laptop,West,Wholesale,,CUST1102,6.0,12831.57,5.0,73139.95,55402.25,Pending,UPI,3.0
ORD00066,2024-01-12 20:46:16.294073518,Tablet,South ,retail ,Anita,CUST1059,8.0,2425.67,10.0,17464.82,12321.9,Completed,Net Banking,8.0
ORD02941,2025-06-20 16:25:12.378094528,Printer,East,Retail,Karthik,CUST1219,5.0,1608.36,10.0,7237.62,5838.59,Returned,Net Banking,6.0
ORD01881,2024-12-09 04:27:32.813203304,Headset,South,Online,Priya,CUST1183,100,12947.41,5.0,5000000,22000000,Returned,Net Banking,4.0
ORD00891,2024-06-11 11:10:29.257314330,Keyboard,West,Retail,Divya,CUST1228,8.0,18344.34,5.0,139416.98,122051.27,Completed,Cash ,2.0
ORD03076,2025-07-15 07:52:04.681170296,Monitor,West,Retail,Rahul,CUST1004,6.0,1851.69,15.0,9443.62,7413.75,Cancelled,Cash,10.0
ORD03467,2025-09-24 16:52:34.388597152,Mouse,East,Online,Suresh,CUST1060,1.0,11685.13,10.0,"10,516.62",7174.32,Completed,Card,4.0
ORD01767,,Tablet,South,Wholesale,Priya,CUST1150,3.0,unknown,5.0,40076.04,29048.95,Cancelled,Credit Card,6.0
ORD02511,2025-04-03 04:32:56.894223560,Smartphone,West,Retail,Priya,CUST1045,7.0,954.08,0.0,6678.56,5068.02,Completed,Cash,9.0
ORD02105,2025-01-19 01:49:28.042010504,Tablet,East,Online,Rahul,CUST1127, 6.0 ,10211.66,15.0,52079.47,34594.14,Cancelled,Net Banking,5.0
ORD02009,2025-01-01 13:14:21.515378848,Smartphone,South,Retail,Arun,CUST1037,5.0,13667.89,15.0,58088.53,50764.87,Returned,Net Banking,1.0
ORD00231,2024-02-11 23:39:06.886721680,Smartphone,South,Online,Divya,CUST1086,6.0,47427.02,20.0,227649.7,184920.44,Completed,Net Banking,6.0
ORD00504,2024-04-01 19:41:27.321830458,Laptop,West,Wholesale,Karthik,CUST1098,2.0,16038.29,15.0,27265.09,23510.66, cancelled,Net Banking,12.0
ORD02096,2025-01-17 10:23:40.555138788,Headset,West,Wholesale,Anita,CUST1254,4.0,16368.75,10.0,58927.5,"₹51,161.73",Returned,,6.0
ORD02749,2025-05-16 15:14:59.324831208,Monitor,West,Wholesale,Rahul,CUST1291,3.0,28799.48,15.0,73438.67,64056.89,Cancelled,Card,3.0
ORD00381,2024-03-10 08:48:58.334583646,Printer,North,Online,Divya,CUST1127,6.0,19241.27,10.0,103902.86,,Pending,Net Banking,5.0
ORD03036,2025-07-08 00:37:26.961740440,Printer,South,Retail,Divya,CUST1119,7.0,63895.77,15.0,380179.83,276115.08,Completed,Card,4.0
ORD01526,2024-10-05 09:10:13.053263316,Headset,North,Online,Meena,CUST1134,3.0,49165.59,,147496.77,113684.6,Returned,Card,10.0
ORD03044,2025-07-09 11:40:22.505626408,Monitor,North,Wholesale,Arun,CUST1251,8.0,13121.13,5.0,99720.59,69953.7,Returned,UPI,6.0
ORD02116,2025-01-21 02:00:59.414853716,Smartphone,East,Online,Meena,CUST1280,6.0,1930.73,10.0,10425.94,8227.28,Pending,Card,2.0
ORD01005,2024-07-02 06:37:10.757689424,Laptop,South,Online,Meena,CUST1274,5.0,2108.83,5.0,10016.94,7732.0,Returned,UPI,9.0
ORD01958,2024-12-23 05:48:12.423105780,Keyboard ,West,Online,Rahul,Cust1121,8.0,,5.0,"₹7,986.84",5980.46,Cancelled,Net Banking,2.0
ORD00837,2024-06-01 00:00:00,Tablet,East,Online,Karthik,CUST1065,8.0,13590.0,20.0,86976.0,74058.44,Pending,Net Banking,10.0
ORD02378,2025-03-09 21:51:48.477119280,Smartphone,East,Wholesale,Karthik,CUST1026,6.0,16951.81,10.0,91539.77,79320.03,Pending,UPI,5.0
ORD00375,2024-03-09 06:31:46.676669168,Smartphone,East,Retail,Suresh,CUST1203,5.0,32097.24,10.0,144437.58,116425.28,Completed,Net Banking,3.0
ORD02751,2025-05-17 00:00:43.210802704,Smartphone,South,Online,Rahul,CUST1114,7.0,12080.99,20.0,67653.54,"44,840.18",Pending,UPI,7.0
ORD02799,2025-05-25 18:18:16.474118536,Keyboard,West,Retail,Priya,CUST1150,3.0,20853.85,5.0,59433.47,48772.77,Returned,Cash,1.0
ORD02937,2025-06-19 22:53:44.606151544,Printer,North,Online,Arun,CUST1008,7.0,29290.55,10.0,184530.46,158232.08,Pending,Net Banking,1.0
ORD00940,2024-06-20 00:00:00,Mouse,West,Online,Priya,CUST1093,7.0,1668.81,10.0,10513.5,8318.86,Cancelled,Net Banking,3.0
ORD01322,2024-08-29 03:25:36.684171044,Mouse,West,Online,Suresh,CUST1191,3.0,991.31,10.0,2676.54,2170.77,Returned,Cash,5.0
ORD03556,2025-10-10 22:47:37.314328584,Mouse,East,Online,Rahul,CUST1080,8.0,16189.8,15.0,110090.64,96832.56,CANCELLED,UPI,4.0
ORD03400,2025-09-12 11:20:34.208552144,Mouse,West,Online,Anita,CUST1088,8.0,1539.53,5.0,11700.43,9146.28,Pending ,Card,11.0
ORD02506,2025-04-02 00:00:00,Keyboard,West,Retail,Meena,CUST1153,6.0,2198.95,0.0,13193.7,10906.59,Completed,UPI,6.0
ORD00530,2024-04-06 13:35:57.839459865,Laptop,East,Wholesale,Arun, CUST1147,3.0,2481.89,20.0,5956.54,4806.19,Returned,UPI,3.0
ORD03047,2025-07-10 00:48:58.334583648,Printer,East,Retail,Arun,CUST1160,7.0,51806.91,0.0%,362648.37,286831.03,Completed,Cash,8.0
ORD00637,2024-04-26 02:22:35.738934734,Printer,West,WHOLESALE,Meena,CUST1143,2.0,990.67,10.0,1783.21,1176.75,Pending,Cash,8.0
ORD01270,2024-08-19 15:36:35.648912228,Laptop,South,Retail,Suresh,CUST1103,3.0.0,60017.87,20.0,144042.89,121317.34,Returned,Net Banking,7.0
ORD00186,2024-02-03 18:30:09.452363091,Smartphone,North,Online,Anita,CUST1166,2.0,770.65,15.0,1310.11,857.54,Pending,UPI,5.0
ORD02507,2025-04-02 11:01:29.122280576,Laptop,South,Online,Arun,CUST1293,4.0,2531.81,5.0,9620.88,7781.66,Cancelled,UPI,7.0
ORD02625,2025-04-23 23:59:38.394598656,Laptop,East,Wholesale,Suresh,CUST1271,4.0,54146.38,20.0,173268.42,133204.79,Cancelled,Net Banking,1.0
ORD02267,2025-02-17 15:33:42.805701428,Smartphone,West,Retail,Meena,CUST1020,2.0,1635.96,0.0,3271.92,2377.39,Completed, cash,9.0
ORD01798,2024-11-24 00:49:41.545386348,Mouse,West,Online,Suresh,CUST1041,4.0,11955.18,10.0,43038.65,34912.36,Pending,UPI,5.0
ORD01442,2024-09-20 01:09:29.842460616,Printer,West,Online,Arun,CUST1031,5.0,49200.1,0.0,246000.5,164276.57,Returned,Cash,4.0
ORD01536,2024-10-07 04:58:52.483120780,Printer,West,Retail,Anita,CUST1101,4.0,23636.51,20.0,75636.83,60698.7,Pending,UPI,10.0
ORD01274,2024-08-20 09:08:03.420855216,Smartphone,North,Wholesale,,CUST1170,1.0,46637.46,10.0,41973.71,31559.43,Completed,UPI,1.0
ORD00608,2024-04-20 19:19:29.392348088,Printer,West,Online,Meena,CUST1209,3.0,29952.32,10.0,80871.26,57029.8,Completed,Cash,unknown
ORD01713,2024-11-08 12:26:06.391597900,Laptop,North,Wholesale,,CUST1113,5.0,2803.41,5.0,13316.2,10717.96,Pending,Cash,6.0
ORD03971,2025-12-25 16:56:53.653413360,Laptop,East,Retail,Anita,CUST1067,8.0,11410.38,10.0,82154.74,66566.0,Cancelled,Net Banking,12.0
ORD02549,2025-04-10 03:01:50.727681920,Printer, west,Online,Rahul,CUST1262,4.0,1011.45,5.0,3843.51,2750.42,Returned,Net Banking,6.0
ORD03251,2025-08-16 06:33:34.703675920,Mouse,North,Wholesale,Rahul,CUST1070,8.0,10709.08,5.0,81389.01,54531.93,Cancelled,Net Banking,
ORD03631,2025-10-24 15:22:33.038259568,Headset,North,Online,Priya,CUST1041,5.0,2280.66,15.0,9692.8,6761.73,Completed,Cash,1.0
ORD03348,2025-09-02 23:31:33.173293328,Monitor,North,Wholesale,Rahul,CUST1194,7.0,1840.1,5.0,12236.66,10220.31,Cancelled,Net Banking,9.0
ORD01978,2024-12-26 21:25:31.282820708,monitor ,West,Retail,Meena,CUST1021,N/A,2258.33,20.0,3613.33,3133.13,Returned,Net Banking,9.0
ORD00159,2024-01-29 20:12:46.991747937,Monitor,East,Online,Rahul,CUST1274,2.0,1741.0,10.0,3133.8,2172.74,Completed,Card,10.0
ORD01749,2024-11-15 02:09:16.339084772,Monitor,North,Online,Suresh,CUST1060,1.0,2035.22,10.0,1831.7,1596.37,Cancelled,Cash,5.0
ORD02321,2025-02-27 12:08:27.726931736,Headset,West,Online,Suresh,CUST1245,2.0,32493.16,15.0,55238.37,40226.23,Returned,Card,6.0
ORD00903,2024-06-13 15:44:52.573143286,Smartphone,West,Online,Anita,CUST1161,5.0,20809.65,20.0,83238.6,70225.36,Pending,Cash,3.0
ORD00353,2024-03-05 06:08:43.930982746,Monitor,,Retail,Divya,CUST1150,2.0,2107.04,0.0,4214.08,3782.09,Cancelled,UPI,1.0
ORD01231 ,2024-08-12 12:44:49.872468120,Smartphone,East,Online,Divya,CUST1073,8.0,14133.43,0.0,113067.44,98377.57,Pending,Net Banking,4.0
ORD03480,2025-09-27 01:49:49.647411856,Tablet,South,Retail,Anita,CUST1016,2.0,30042.51,0.0,60085.02,53415.28,Pending,Net Banking,7.0
ORD00445,2024-03-22 01:12:22.685671418,Headset,,Wholesale,Rahul,CUST1278,5.0,18827.58,0.0,94137.9,66912.56,Returned,Card,10.0
ORD03916,2025-12-15 15:59:16.789197304,Smartphone,North,Online,Arun,CUST1165,5.0,10706.03,10.0,48177.14,36295.04,Completed,UPI,10.0
ORD00755,2024-05-17 15:20:45.011252814,Printer,West,Online,Anita,CUST1231,6.0,29087.68,5.0,165799.78,139474.23,Completed,Cash,3.0
ORD01738,2024-11-13 01:57:44.966241560,Keyboard,North,Retail,Meena,CUST1211,2.0,13460.83,0.0,26921.66,22902.33,Pending,Cash ,11.0
ORD03960,2025-12-23 16:45:22.280570144,Keyboard,North,Online,Arun,CUST1050,5.0,774.86,10.0,3486.87,2624.71,Returned,Cash,7.0
ORD00312,2024-02-26 18:31:14.268567142,Mouse,West,Retail,Suresh,CUST1249,5.0,26694.36,20.0,106777.44,82339.37,return,UPI,3.0
ORD00549,2024-04-10 00:50:24.756189048,Headset,North, online,Arun,CUST1099,8.0.0,809.44,0.0,6475.52,4510.91,Completed,Card,8.0
ORD02647,2025-04-28 00:22:41.140285072,Monitor,West,Wholesale,Arun,CUST1219,3.0,2085.43,5.0,5943.48,3895.72,Completed,UPI,5.0
ORD02885,2025-06-10 11:04:43.570892728,Keyboard,South,Online,Priya,CUST1283,1.0,1649.66,20.0,1319.73,1158.79,Completed,Cash,12.0
ORD00307,2024-02-25 20:36:54.553638410,Printer,North,Wholesale,Arun,CUST1199,2.0,29289.24,10.0,52720.63,35346.01,Returned,Net Banking,10.0
ORD00695,,Monitor,South,Retail,Meena,CUST1185,3.0,2104.44,15.0,5366.32,4096.9,Returned,UPI,3.0
ORD01928,2024-12-17 18:22:14.133533384,Keyboard,South,Online,Arun,CUST1299,3.0,952.42,5.0,2714.4,1816.48,Cancelled,Cash,12.0.0
ORD03071,,,South,Online,Karthik,CUST1123,1.0,2469.74,15.0,2099.28,1554.34,Returned,UPI,4.0
ORD00750,2024-05-16 17:26:25.296324082,Mouse,West,Retail,Rahul,CUST1196,7.0,2391.81,15.0,14231.27,12321.91,Completed,Card,8.0
 ORD01267,2024-08-19 02:27:59.819954988, smartphone,East,Wholesale,Anita,CUST1009,6.0,13890.94,10.0,75011.08,49025.65,Returned,Card,
ORD02154,2025-01-28 00:29:53.248312080,Smartphone,North,Wholesale,Meena,CUST1064,7.0,892.5,20.0,4998.0,4036.0,Completed,UPI,12.0
ORD02518,2025-04-04 11:13:00.495123784,Keyboard,West,Retail,Anita,CUST1125,7.0,10558.22,0.0,73907.54,55056.27,Pending,UPI ,5.0
ORD00971,2024-06-26 01:39:44.696174044,Smartphone,South,Retail,Karthik,CUST1239,6.0,2102.7,10.0,11354.58,8329.26,Pending,Cash,10.0
ORD00014,2024-01-03 08:57:15.258814703,Laptop,North,Wholesale,Priya,CUST1044,5.0,802.69,5.0,3812.78,2968.47,Returned,UPI,9.0
ORD00874,2024-06-08 08:41:46.226556640,Monitor,West,Wholesale,Suresh,CUST1052,2.0,18192.0,15.0,30926.4,22110.93,Pending,UPI,10.0
ORD00809,2024-05-27 11:55:29.932483122,Printer,East,Online,Rahul,CUST1244,3.0,64783.96, 10.0 ,174916.69,142637.53,Completed,Card,9.0
ORD00515,2024-04-03 19:52:58.694673669,Smartphone,East,Wholesale,Anita,CUST1206,6.0,26176.53,20.0,125647.34,107708.53,Returned,Card,10.0
ORD03194,2025-08-05 20:50:13.953488376,Smartphone, west,Retail,Rahul,CUST1296,8.0,12247.33,10.0,88180.78,73689.06,Completed,Cash,4.0
ORD00410,2024-03-15 15:52:04.681170293,Printer,North,Wholesale,Meena,CUST1162,5.0,23512.0,0.0,117560.0,86265.45,Returned,Cash,9.0
ORD02381,2025-03-10 11:00:24.306076520,Smartphone,South,Retail,Meena,CUST1126,4.0,894.57,0.0,3578.28,3208.73,Completed,Net Banking,8.0
ORD03265,2025-08-18 19:53:41.905476368,Headset,East,Online,Meena,CUST1219,5.0,1712.76,5.0,8135.61,6999.91,Completed,Net Banking,10.0
ORD00208,2024-02-07 18:53:12.198049512,Printer,North,Retail,Divya,CUST1132,6.0,15711.92,5.0,89557.94,68253.13, returned,Net Banking,8.0
ORD02111,2025-01-20 04:06:39.699924984,Laptop,West,Retail,Divya,CUST1040,6.0,13961.96,0.0,83771.76,67303.03,Completed,Net Banking,11.0
ORD00459,2024-03-24 14:32:29.887471868,Mouse,,Online,Anita,CUST1296,4.0,11112.09,0.0,44448.36,39430.73,Completed,Cash,1.0
ORD03581,2025-10-15 12:19:15.888972248,Headset,South,Retail,Rahul,CUST1131,8.0,12993.12,0.0,103944.96,78242.83,Completed,Cash,12.0
ORD02407,2025-03-15 04:54:54.823705928,Mouse,South,,Arun,CUST1068,3.0,9897.15,10.0,26722.3,20788.48,Completed,Cash,6.0
ORD02900,2025-06-13 04:47:42.715678920,Mouse,East,Retail,Suresh,CUST1204,1.0,"₹2,917.92",0.0,2917.92,2016.09,Pending,Card,4.0
ORD02459,2025-03-24 16:43:55.858964744,Monitor,South,Retail,Priya,CUST1219,1.0,20636.48,0.0,20636.48,15333.33,Returned,Cash,4.0
ORD02642,2025-04-27 00:00:00,Headset,East,Retail,Priya,CUST1077,3.0,48647.45,20.0,116753.88,101901.04,Completed,Card,11.0
ORD01884,2024-12-09 17:36:08.642160540,Laptop,South,Wholesale,Arun,CUST1058,5.0,12415.07,10.0,55867.82,42373.56,Completed,Cash,8.0
ORD01714,2024-11-08 00:00:00,Laptop,South,Wholesale,Suresh,CUST1024,2.0,28639.03,0.0,57278.06,46174.91,Cancelled,Card,1.0
ORD02590,2025-04-17 14:39:20.390097528,Printer,North,Retail,Anita,CUST1291,4.0,1824.86,15.0,6204.52,5449.48,Returned,Net Banking,2.0
ORD02230,2025-02-10 21:27:40.915228808,Printer,West,Online,Karthik,CUST1274 ,5.0,,20.0,6981.8,5495.7,Pending,UPI,5.0
ORD00553,2024-04-10 18:21:52.528132034,Headset,north,Wholesale,Priya,CUST1055,5.0,64799.17,0.0,323995.85,224682.64,Completed,Net Banking,10.0
ORD03709,2025-11-07 21:06:04.591147792,Smartphone,South,Wholesale,Divya,CUST1167,6.0,20453.71,20.0,98177.81,68277.97,Returned,Card,4.0
ORD03638,2025-10-25 22:02:36.639159792,Laptop,West,Wholesale,Meena,CUST1091,8.0,1754.75,15.0,11932.3,10366.21,Cancelled,Card, 3.0 
ORD01926,2024-12-17 09:36:30.247561892,Laptop,West ,Retail,Rahul,CUST1126,,21347.92,15.0,36291.46,24645.15,Returned,UPI,3.0
ORD00635,2024-04-25 17:36:51.852963242,Monitor,South,Retail,Divya,CUST1300,8.0,1864.81,0.0,14918.48,10784.8,Returned,Card,7.0
ORD03676,2025-11-01 20:31:30.472618160,Printer,East,Retail,Divya,CUST1125,7.0,11262.67,5.0,74896.76,49473.06,Pending,Card,5.0
ORD00317,2024-02-27 16:25:33.983495874,Laptop,West,Online,Divya,CUST1102,1.0,15063.06,5.0,14309.91,11205.07,Cancelled,Cash,8.0
ORD03506,2025-10-01 19:44:20.165041264,Smartphone,North,Online,Divya,CUST1151,4.0,25484.87,5.0,96842.51,82459.12,Pending,Cash,11.0
ORD03524,2025-10-05 00:00:00,Mouse,West,Online,Meena,CUST1154,3.0,59544.52,15.0,151838.53,"₹99,467.18",Cancelled,Net Banking,4.0
ORD01329,2024-08-30 10:05:40.285071268,Tablet,South,Online,Rahul,CUST1232,2.0,2008.77,5.0,3816.66,3292.2,Completed,Net Banking,6.0
ORD00428,2024-03-18 22:43:39.654913729,Printer,East,Online,Meena,CUST1146,3.0,1608.93,,4826.79, 3367.52 ,Returned,Card,3.0
ORD03209,2025-08-08 14:33:13.098274568,Laptop,East,Wholesale,Divya,CUST1038,4.0,26846.37,20.0,85908.38,75500.93,Cancelled ,Cash,12.0
ORD00106,2024-01-20 04:00:54.013503376,Smartphone,South,Retail,Karthik,CUST1034,8.0,28491.24,15.0,193740.43,159443.3,Pending,Cash,10.0
ORD00143,2024-01-26 22:06:55.903975994,Mouse,North,Online,Divya,CUST1280,2.0,15422.71,20.0,24676.34,16261.35,Cancelled,Card,11.0
ORD02185,2025-02-02 16:18:43.480870220,Smartphone,East,Wholesale,Karthik,CUST1171,1.0,19333.86,5.0,18367.17, 12785.66 ,Cancelled,UPI,8.0
ORD03269,2025-08-19 00:00:00,Keyboard,South,Wholesale,Rahul,CUST1021,8.0,29706.7,15.0,202005.56,176162.59,Cancelled,Net Banking,6.0
ORD02237,2025-02-12 04:07:44.516129036,Printer,East,Retail,Rahul,CUST1066,2.0,2237.48,110%,4474.96,3306.37,Cancelled,Net Banking,1.0
ORD01950,2024-12-21 18:45:16.879219808,Monitor,East,Wholesale,Meena,CUST1211,3.0,913.06,15.0,2328.3,2005.05,Cancelled,Card,4.0
ORD03551,2025-10-10 00:53:17.599399856,Tablet,NORTH,Online,Karthik,CUST1260,5.0,18112.59,20.0,72450.36,50740.59,Completed,Cash,unknown
ORD03725,2025-11-10 19:11:55.678919736,Laptop,West,on-line,Anita,CUST1119,1.0,948.87,20.0%,759.1,515.48,Pending,UPI,6.0
ORD02758,2025-05-18 06:40:46.811702928,Headset,North,Retail,Anita,CUST1007,2.0,24030.64,0.0,48061.28,40562.25,Pending,Net Banking,3.0
ORD03930,2025-12-18 05:19:23.990997752,Monitor,South,Online,Meena,CUST1005,7.0,2172.73,5.0,14448.65,10102.09,Cancelled,Card,4.0
ORD01952,2024-12-22 03:31:00.765191300,Tablet,East,Retail,Arun,CUST1147,7.0,32183.81,0.0,225286.67,160582.61,Returned,UPI,1.0
ORD02680,2025-05-04 00:57:15.258814704,Tablet,North,Retail,Suresh,CUST1126,7.0,13526.33,5.0,89950.09,69673.83,Completed,Net Banking,2.0
ORD02918,2025-06-16 11:39:17.689422360,Mouse,West,Online,Meena,CUST1133,1.0,996.03,20.0,796.82,636.54,Completed,UPI,7.0
ORD02286,2025-02-21 02:48:09.722430608,Laptop,East,Online,Anita,CUST1070,7.0,12000.25,20.0,67201.4,55019.35,Pending,UPI,8.0
ORD01110,2024-07-21 10:38:04.771192800,Tablet,West,Wholesale,Suresh,CUST1041,6.0,1020.77,0.0,6124.62,4153.38,Pending,UPI,6.0
ORD02356,2025-03-05 21:28:45.731432864,Printer,West,Wholesale ,Meena,CUST1131,3.0,2427.07,15.0,6189.03,4731.56,Cancelled,UPI,11.0
ORD00592,2024-04-17 21:13:38.304576144,Printer,South,Online,Suresh,CUST1140,2.0,942.97,20.0,1508.75,1332.24,Returned,Card,9.0
ORD03711,,Smartphone,East,Online,Anita,CUST1156,1.0,24938.04,10.0,22444.24,18460.81,Pending,UPI,7.0
ORD01577,2024-10-14 16:36:22.145536384,Mouse,South,Retail,Priya,CUST1178,2.0,12887.59,20.0,20620.14,15607.39,Pending,Card,12.0
ORD02588,2025-04-17 05:53:36.504126032,Tablet,North,Retail,Priya,CUST1110,8.0,53927.35,5.0,409847.86,350077.21, pending,Cash,2.0
ORD00214,2024-02-08 21:10:23.855963991,Printer,West,Retail,Anita,CUST1029,1.0,27410.63,0.0,27410.63,23900.04,Completed,Card,2.0
ORD00779,2024-05-22 00:29:31.642910728,Tablet,East,Wholesale,Anita,CUST1035,3.0,12479.44,10.0,33694.49,25363.77,Cancelled,UPI, 10.0 
ORD03032,2025-07-07 07:05:59.189797456,Laptop,West,Online,Meena,CUST1207,8.0,2492.74,10.0,17947.73,14236.02,Returned,Net Banking,6.0
ORD02466,2025-03-25 23:23:59.459864968,Smartphone,East,Retail,Meena,CUST1027,6.0,1750.6,5.0,9978.42,7339.46,Pending,UPI,8.0
ORD02044,2025-01-07 22:34:39.519879972,Tablet,South,Retail,Rahul,CUST1021,7.0,780.44,5.0,5189.93,4159.72,Completed,Card,10.0
ORD03288,2025-08-23 00:39:36.594148544,Laptop,East,Retail,Karthik,CUST1055,5.0,12720.55,10.0,57242.47,,Returned,Net Banking,5.0
ORD02299,2025-02-23 11:45:24.981245312,Printer,West,Online,Meena,CUST1232,7.0,59855.25,10.0,377088.08,266999.54,Cancelled,Cash,8.0
ORD02502,2025-04-01 13:07:09.407351840,Printer,NORTH,Retail,Anita,CUST1276,7.0,24808.02,5.0%,164973.33,121255.58,Cancelled,UPI,9.0
ORD01568,2024-10-13 01:10:34.658664668,Monitor,West,Online,Priya,CUST1219,3.0,19626.23,5.0,55934.76,44982.5,Cancelled,UPI,11.0
ORD03024,2025-07-05 20:03:03.645911480,Mouse,North,Wholesale,Suresh,CUST1157,5.0,24026.43,10.0,108118.93,83958.13,Cancelled,Net Banking,5.0
ORD03544,2025-10-08 18:13:13.998499632,Laptop,East,Retail,Arun,CUST1054,3.0,58049.09,15.0,148025.18,"119,107.91",Returned,Cash,10.0
ORD02354,2025-03-05 12:43:01.845461368,Headset,East,Wholesale,Arun,CUST1035,2.0,24257.71,15.0%,41238.11,28822.48,Cancelled,Cash,7.0.0
ORD03609,2025-10-20 14:59:30.292573144,Smartphone,South,Online,Rahul,CUST1271,8.0,1842.6,0.0,14740.8,12215.34,Completed,Card,10.0
ORD01344,2024-09-02 03:48:39.429857464,Tablet,East,Online,Anita,CUST1110,1.0,"₹1,556.59",10.0,1400.93,1055.48,Pending,Net Banking,8.0
ORD02014,2025-01-02 11:08:41.230307580,Headset,North,Retail,Karthik,CUST1277,4.0,14443.76,5.0,54886.29,37821.0,Completed,Card,10.0
ORD00274,2024-02-19 20:02:20.435108777,Monitor,East,Wholesale,Arun,CUST1172,7.0,47348.44,0.0,331439.08,271081.8,Completed,Net Banking,12.0
ORD00072,2024-01-13 23:03:27.951987997,Keyboard,West,Retail,Priya,CUST1021,5.0,2497.52,15.0,10614.46,7697.81,Returned,Cash,10.0
ORD01088,2024-07-17 10:15:02.025506378,Smartphone,West,Online,Priya,CUST1047,,811.61,20.0,5194.3,4463.26,Pending,UPI,3.0
ORD00395,2024-03-12 22:09:05.536384096,Smartphone,North,Retail,Suresh,CUST1068,8.0,887.69,20.0,5681.22,5038.22,Completed,UPI,4.0
ORD00584,2024-04-16 10:10:42.760690174,Mouse,North,Retail,Anita,CUST1277,1.0,16793.52,10.0,15114.17,11741.7,Pending,Cash,2.0
ORD03867,2025-12-06 17:18:51.582895728,monitor ,South,Retail,Suresh,CUST1222,1.0,18046.25,5.0,17143.94,14615.81,Returned,Cash,3.0
ORD02718,2025-05-10 23:26:09.092273072,Headset,East,Online,Meena,CUST1110,100,2586.53,0.0%,12000000,22000000,Returned,Cash,5.0
ORD03826,2025-11-29 05:41:21.920480120,Smartphone,North,on-line,Anita,cust1082,7.0,12690.04,15.0,75505.74,51862.12,Completed,Cash,8.0
ORD03649,2025-10-27 22:14:08.012003008,Mouse,,Online,Meena,CUST1132,8.0,24557.88,5.0,186639.89,144061.16,Pending,Card,6.0
ORD02612,2025-04-21 15:02:23.135783952,Keyboard,West,Wholesale,Meena,CUST1177,5.0,2201.22,10.0,9905.49,7317.18,Completed,UPI,3.0
ORD02319,2025-02-27 03:22:43.840960240,Laptop,East, online,Anita,CUST1215,7.0,11260.51,10.0,70941.21,57858.12,COMPLETED,Card,1.0
ORD01764,2024-11-17 19:52:15.483870968,Tablet,North,Retail,Arun,CUST1051,2.0,2925.77,20.0,4681.23,3931.41,Completed,Net Banking,2.0
ORD03011,2025-07-03 00:00:00,Monitor,East,Wholesale,Karthik,CUST1125,6.0,53376.08,20.0,256205.18,221187.36,Pending,Card,12.0
ORD01260,2024-08-17 19:47:56.219054764,Tablet,West,Retail,Arun,CUST1050,8.0,960.82,5.0,7302.23,,Completed,UPI,1.0
ORD00527,2024-04-06 00:27:22.010502626,Headset,South,Online,Rahul,CUST1239,2.0,1042.26,20.0,1667.62,1416.97,Completed,UPI,4.0
ORD00378,2024-03-09 19:40:22.505626407,Keyboard,North,Online,Karthik,CUST1291,4.0,19143.03,20.0,61257.7,51977.54,Completed,Net Banking,11.0
ORD01560,2024-10-11 14:07:39.114778696,Printer,North,Wholesale,Arun,CUST1067,8.0,2273.54,10.0,16369.49,11517.6,Cancelled,Card,6.0
ORD02508,2025-04-02 15:24:21.065266320,Tablet,North,Wholesale,Rahul,CUST1135,7.0,801.66,10.0,5050.46,3550.15,Cancelled,Card,
ORD01964,2024-12-24 08:05:24.081020256,Tablet,South,Online,Priya,CUST1173,7.0,1867.09,15.0,11109.19,9052.62,Returned,Cash,10.0
ORD03569,2025-10-13 07:44:52.573143288,Mouse,North,Wholesale,Suresh,CUST1022,6.0,16981.02,5.0,96791.81,78068.87,Cancelled,Card,3.0
ORD00349,2024-03-04 12:37:16.159039760,Monitor,East,Retail,Arun,CUST1260,8.0,25869.4,10.0,186259.68,148134.1,Pending,Net Banking,7.0
ORD03140,2025-07-27 00:15:29.032258064,PRINTER,East,Retail,Arun,CUST1227,6.0,2022.7,0.0,12136.2,8480.0,Cancelled,Card,3.0
ORD01710,2024-11-07 23:17:30.562640660,Monitor,East,Retail,Divya,CUST1116,3.0,1626.35,5.0,4635.1,3029.48,Completed,UPI,7.0
ORD01051,2024-07-10 16:09:00.135033760,Tablet,west,Retail,Suresh,CUST1121,6.0,32184.11,15.0,164138.96,128563.02,Completed,Cash,5.0
ORD00591,2024-04-17 16:50:46.361590398,Printer,North,,Priya,CUST1074,3.0,2100.02,15.0,5355.05,3938.47,Pending,Cash,8.0
ORD00520,2024-04-04 17:47:18.409602401,Smartphone,South,Wholesale,Suresh,CUST1066,7.0,1518.35,10.0,9565.6,6971.63,Cancelled,UPI,6.0
ORD03673,2025-11-01 07:22:54.643660920,Laptop,South,Wholesale,Divya,CUST1026,4.0,22099.6,0.0,88398.4,63376.67,Completed,Net Banking,6.0
ORD02700,2025-05-07 16:34:34.118529632,Monitor,East,Online,Rahul,CUST1116,2.0,52910.69,10.0,95239.24,82550.04,Completed,Net Banking,12.0
ORD01084,2024-07-16 16:43:34.253563392,Tablet,South,Retail,Priya,CUST1029,3.0,57656.01,5.0,164319.63,111994.7,Returned,UPI,6.0
ORD02357,2025-03-06 01:51:37.674418608,Mouse,North,Wholesale,Divya,CUST1154, 1.0 ,821.15,5.0,780.09,653.74,Returned,UPI,4.0
ORD03997,2025-12-30 10:51:24.171042768,Mouse,South,Wholesale,Anita,CUST1031,4.0,2296.61,15.0,7808.47,5690.11,Cancelled,UPI,9.0
ORD01810,2024-11-26 05:24:04.861215304,Smartphone, north,Online,Rahul,CUST1250,4.0,995.88,0.0,3983.52,2763.69,Pending,Card,1.0
ORD03878,2025-12-08 17:30:22.955738936,Monitor,South,Wholesale,Priya,CUST1016,4.0,25451.84,10.0,91626.62,76700.08,Completed,Cash,9.0
ORD00793,2024-05-24 13:49:38.844711178,Laptop,West,Retail,Meena,CUST1125,8.0,1058.04,10.0,7617.89,5211.47,Returned,UPI,6.0
ORD03808,2025-11-25 22:49:46.946736688,Printer,East,Wholesale,Rahul,CUST1054,3.0,49956.53,10.0,134882.63,"₹102,794.32",Pending,Card,3.0
ORD01981,2024-12-27 00:00:00,Printer,East,Retail,Rahul,CUST1204,7.0,56464.21,20.0,316199.58,236588.04,Returned,UPI,7.0
ORD02556,2025-04-11 09:41:54.328582144,Headset,West,Retail,Divya,CUST1115,2.0,32738.35,20.0,52381.36,45376.28, cancelled,Net Banking,6.0
ORD02222,,Printer,North,Retail,Karthik,CUST1017,3.0,49548.22,10.0,133780.19,100312.82,Pending,Card,3.0
ORD01531,,Mouse,South,Retail,Anita,CUST1054,2.0,20394.54,15.0,34670.72,23333.98,Cancelled,Net Banking,10.0
ORD01411,2024-09-14 09:20:39.609902476, monitor, north,Online,Divya,CUST1259,8.0,32296.04,20.0,206694.66,146168.1,Cancelled,Net Banking,9.0
ORD02916,2025-06-16 02:53:33.803450864,Smartphone,West,Wholesale,Karthik,CUST1078,1.0,17679.61,0.0,17679.61,13589.14,Returned,Card,4.0
ORD03164,2025-07-31 09:24:15.663915984,Headset,South,Wholesale,Priya,CUST1292,3.0,32543.51,15.0,82985.95,62419.95,Returned,Card,4.0
ORD00084,2024-01-16 03:37:51.267816954,Tablet,West,Wholesale,Karthik,CUST1039,8.0,26193.46,0.0,209547.68,145977.12,Returned,Cash,6.0
ORD03137,2025-07-26 11:06:53.203300832,Laptop,East,Wholesale,Suresh,CUST1282 ,2.0,759.26,0.0,1518.52,1195.61,Returned,UPI,7.0
ORD00021,2024-01-04 15:37:18.859714928,Headset,South, online,Arun,CUST1048,4.0,2159.83,0.0,8639.32,6685.06,Pending,Card,7.0
ORD02245,2025-02-13 15:10:40.060015004,Tablet,East,Online,Suresh,CUST1060,4.0,30824.54,5.0,117133.25,92649.27,Pending,Card,4.0
ORD01563,2024-10-12 03:16:14.943735936,Monitor,West,Retail,Arun,CUST1273,8.0,1950.81,5.0,14826.16,11885.88,Pending,Net Banking,7.0.0
ORD00974,2024-06-26 14:48:20.525131284,Tablet,South,Wholesale,Rahul,CUST1074,5.0,880.62,20.0,3522.48,2419.46,Pending, net banking,10.0
ORD01711,2024-11-08 03:40:22.505626408,Tablet,East,Retail,Arun,CUST1112,8.0,"₹2,737.92",15.0,18617.86,15004.8,Pending,Cash,1.0
ORD02600,2025-04-19 10:27:59.819954992,Tablet,West,Online,Meena,CUST1200,2.0,52767.02,0.0,105534.04,76057.47,Completed,Card,1.0
ORD01099,2024-07-19 10:26:33.398349588,Monitor,North,Online,Divya,CUST1028,unknown,21686.04,20.0,86744.16,"₹75,132.67",Completed,Cash,3.0
ORD02741,2025-05-15 04:12:03.780945240,Keyboard,East,Wholesale,Priya,CUST1072,4.0,2780.46,20.0,8897.47,6437.13,Completed,Card,1.0
ORD00887,2024-06-10 17:39:01.485371344,Headset,North,Online,Arun,CUST1179,1.0,17117.26,10.0,15405.53,13692.95,Cancelled,Card,5.0
ORD02417,2025-03-17 00:43:34.253563392,Laptop,South,Retail,Meena,CUST1043,7.0,2630.98,5.0,"17,496.02",12053.77,return,Card,1.0
ORD03086,2025-07-17 03:40:44.111027760,Headset,North,Wholesale,Karthik,CUST1139,8.0,755.12,15.0,5134.82, 4141.03 ,Cancelled,Cash,4.0
ORD03363,2025-09-05 17:14:32.318079520,Laptop,East,Retail,Karthik,CUST1099,500,12415.0,15.0,25000000,4500000,Pending,Cash,11.0
ORD00738,2024-05-14 12:52:01.980495124,Monitor,South,Wholesale,Meena,CUST1118,1.0,2344.33,15.0,1992.68,1627.82,Returned,Card,4.0
ORD01454,2024-09-22 05:43:53.158289572,Monitor,South,Retail,Rahul,CUST1278,2.0,32768.63,10.0,58983.53,41673.71,Pending,UPI,8.0
ORD02973,2025-06-26 12:36:54.553638416,Keyboard,West,Retail,Priya,CUST1271,4.0,32693.35,15.0,111157.39,81744.32,Pending,Net Banking,5.0
ORD03526,2025-10-05 11:21:39.024756192,Mouse,East,Wholesale,Anita,cust1272,6.0,62489.4,0.0,374936.4,293130.45,Pending,Net Banking,4.0
ORD02127,2025-01-23 02:12:30.787696928,Monitor,East,Wholesale,Suresh,CUST1002,7.0,20727.3,5.0,137836.55,107027.73,Cancelled,Card,1.0
ORD00907,2024-06-14 09:16:20.345086272,Laptop,North,Online,Rahul,CUST1193,1.0,50347.92,5.0,47830.52,31340.29,Pending,Net Banking,2.0
ORD02400,2025-03-13 22:14:51.222805704,Monitor,East,Wholesale,Meena,CUST1152,6.0,,20.0%,49772.11,40252.03,Pending,Cash,
 ORD02933,2025-06-19 05:22:16.834208552,Mouse,North,Online,Anita,CUST1248,8.0,1941.31,5.0,14753.96,11222.95,Cancelled,Net Banking,8.0
ORD00948,2024-06-21 20:53:50.007501876,Smartphone,SOUTH,Online,Arun,Cust1006,6.0,28555.26,20.0,137065.25,114212.06,Pending,UPI,6.0
ORD02499,2025-03-31 23:58:33.578394600,Keyboard,East,Online,Rahul,CUST1207,4.0,10355.73,10.0,37280.63,27287.96,Returned,Card,4.0
ORD02893,2025-06-11 22:07:39.114778696,Headset,North,Online,Suresh,CUST1205,4.0,9913.06,0.0,39652.24,34790.52,Returned,UPI,5.0
ORD00716,2024-05-10 12:28:59.234808702,Keyboard,West,Online,Divya,CUST1176, 3.0 ,27543.78,20.0,66105.07,51489.17,Cancelled,Net Banking,5.0
ORD02650,2025-04-28 13:31:16.969242312,Tablet,East,Online,Karthik,CUST1024,3.0,2435.52,0.0,7306.56,4798.78,Completed,Card,9.0
ORD00687,2024-05-05 05:25:52.888222056,Monitor,North,Wholesale,Suresh,CUST1117,7.0,1014.82,10.0,6393.37,4942.52,Pending,Net Banking,7.0
ORD03411,2025-09-14 11:32:05.581395352,Printer,East,Online,Anita,CUST1089,3.0,2484.0,10.0,6706.8,"₹5,231.85",Cancelled,NetBanking,12.0
ORD02942,2025-06-20 20:48:04.321080272,Tablet ,,Retail,Rahul,CUST1256,2.0,1708.47,20.0,,2457.22,Returned,Cash,1.0
ORD03966,2025-12-24 19:02:33.938484624,Monitor,East,Retail,Anita,CUST1135,1.0,1004.26,10.0,903.83,761.31,Completed,UPI,7.0
ORD00886,2024-06-10 13:16:09.542385598,Smartphone,West,Wholesale,Meena,CUST1045,4.0,2463.5,15.0,8375.9,7088.14,Pending,Cash ,1.0
ORD00918,2024-06-16 09:27:51.717929484,Monitor,NORTH,Wholesale,Arun,CUST1190,4.0,13346.85,10.0,48048.66,39117.36,Cancelled,,5.0
ORD02463,2025-03-25 00:00:00,Tablet,North,Retail,Divya,CUST1055,4.0,,20.0,4826.05,3447.08,Returned,Cash,2.0
ORD03660,2025-10-29 22:25:39.384846216,Monitor,South,Online,Suresh,CUST1103,7.0,881.45,15.0,5244.63,4653.19,Returned,Card,12.0
ORD01266,2024-08-18 22:05:07.876969244,Mouse,South,Online,Karthik,CUST1154,6.0,957.29,0.0,5743.74,4923.06,Returned,Card,2.0
ORD00484,2024-03-29 04:04:08.462115529,Laptop,North,Retail,Anita,CUST1047,7.0,23734.84,10.0,149529.49,108301.28,Completed,Card,10.0
ORD02991,2025-06-29 19:28:29.527381848,Laptop,West,Wholesale,Divya,CUST1038,1.0,23149.59,5.0,21992.11,14388.17,Returned,Cash,8.0
ORD03455,2025-09-22 12:18:11.072768192,Headset,South,Online,Divya,CUST1280,4.0,1013.88,15.0,3447.19,2656.98,Pending,Cash,9.0
ORD00278,2024-02-20 13:33:48.207051763,Monitor,North,Wholesale,Priya,CUST1080,4.0,2044.07,0.0,8176.28,6139.33,Completed,Card,8.0
ORD00989,2024-06-29 08:31:19.669917480,Keyboard,South,Online,Divya,CUST1257,8.0,20093.63,15.0,136636.68,103490.56,Pending,Cash,12.0
ORD02085,2025-01-15 10:12:09.182295576,Monitor,East,Retail,Rahul,CUST1112,3.0,51335.39,15.0,130905.24,88251.23,Cancelled,Net Banking,11.0
ORD01246,2024-08-15 06:27:49.017254316,Mouse,South,Wholesale,Arun,CUST1079,4.0,50758.51,5.0,192882.34,135173.06, cancelled,Cash,3.0
ORD00572,2024-04-14 05:36:19.444861216,Tablet,West,Online,Divya,CUST1238,8.0,58524.72,15.0,397968.1,314965.08,Completed,UPI,7.0
ORD01436,2024-09-18 22:52:18.184546136,Printer,East,Retail,Meena,CUST1064,7.0,25121.23,20.0,140678.89,124727.89,Returned,Cash,11.0
ORD00994,2024-06-30 06:25:39.384846212,Keyboard,South,Online,Priya,CUST1227,1.0,30297.63,20.0,24238.1,18763.08,Cancelled,UPI,3.0
ORD03296,2025-08-24 11:42:32.138034512,Smartphone,North,Online,Arun,CUST1014,8.0,11801.1,5.0,89688.36,65061.33,Cancelled,Net Banking,11.0
ORD02261,2025-02-16 13:16:31.147786948,Mouse,West,Online,Meena,CUST1056,7.0,24864.39,10.0,156645.66,124420.4,Returned,Card,12.0
ORD00586,2024-04-16 18:56:26.646661666, headset,East,Wholesale,Priya,CUST1246,3.0,1875.77,20.0,4501.85,4030.49,Completed,Card,11.0
ORD01350,2024-09-03 06:05:51.087771944,,East,Retail,Anita,CUST1198,6.0,2746.59,10.0,14831.59,12506.45,Pending,Net Banking,6.0
ORD01008,2024-07-02 19:45:46.586646662,Laptop,South,Wholesale,Meena,CUST1030,4.0,55641.93,15.0,189182.56,142411.69,Completed,UPI,3.0
ORD00675,2024-05-03 00:51:29.572393098,Laptop,South,Wholesale,Suresh,CUST1213,1.0,14106.65,10.0,12695.99,8379.7,Returned,Cash,1.0
ORD00448,2024-03-22 14:20:58.514628658,Headset,North,Wholesale,Rahul,CUST1166,7.0,29694.3,5.0,197467.1,138473.03,Returned,Cash,2.0
ORD03889,2025-12-10 17:41:54.328582152,Printer,,Wholesale,Anita,CUST1173,5.0,11313.33,20.0,45253.32,-38502.71,Cancelled,UPI,12.0
ORD02995,2025-06-30 12:59:57.299324832,Printer,South,Retail,Divya,CUST1016,2.0,12716.89,20.0,20347.02,17410.22,Cancelled,Card,2.0
ORD02065,2025-01-11 18:34:50.322580648,Printer,South,Retail,Arun,CUST1117,6.0,13897.45,15.0,70877.0,46089.76,Pending,Net Banking,5.0
ORD03161,2025-07-30 20:15:39.834958744,Tablet,South, retail,Anita,CUST1135,2.0,938.27,20.0,1501.23,1167.02,Returned,Cash,8.0
ORD02501,2025-04-01 08:44:17.464366096,Smartphone,West,Retail,Rahul,CUST1183,8.0,52893.98,5.0,401994.25,308875.87,Returned, net banking,7.0
ORD01691,2024-11-04 12:03:03.645911480,Smartphone,South,Retail,Divya,CUST1024,2.0,1714.69,5.0,3257.91,2469.78,Pending,Cash,9.0
ORD03298,2025-08-24 20:28:16.024006008,Laptop,East,Retail,Meena,CUST1209,1.0,59930.18,20.0,47944.14,34427.67,Completed,Card,1.0
ORD01248,2024-08-15 15:13:32.903225808,Laptop,West,Online ,Meena,CUST1271,6.0,15060.89,15.0,76810.54,59380.8,Cancelled,Card,3.0
ORD01986,2024-12-28 08:28:26.826706680,Smartphone,East,Online,Suresh,CUST1244,1.0,17558.52,5.0,16680.59,13111.77,Cancelled,Net Banking ,12.0
ORD00295,2024-02-23 16:02:31.237809453,Tablet,West,Retail,Rahul,CUST1066,4.0,779.49,20.0,2494.37,1716.07,Pending,UPI,12.0
ORD01548,2024-10-09 09:33:15.798949740,Laptop,south,Retail,Meena,CUST1202,4.0,799.09,10.0,2876.72,2353.49,Cancelled,UPI,6.0
ORD02013,2025-01-02 06:45:49.287321832,Keyboard,South,Online,Divya,CUST1282,7.0,58427.22,10.0,368091.49,315118.56,Cancelled,UPI,12.0
ORD00589,2024-04-17 08:05:02.475618906,Printer,North,Wholesale,Suresh,CUST1190,1.0,990.67,10.0,891.6,603.39,Returned,Cash,1.0
ORD02130,2025-01-23 00:00:00,Laptop,North,Wholesale,Priya,CUST1220,1.0,11372.43, 10.0 ,10235.19,7678.19,Cancelled,UPI,10.0
ORD03062,2025-07-12 18:31:57.479369848,Keyboard,South,Retail,Arun,CUST1198,4.0,2053.53,0.0,8214.12,7391.6,Pending,Card,12.0
ORD00426,2024-03-18 13:57:55.768942236,Tablet,South,Online,Meena,CUST1129,7.0,2110.37,5.0,14033.96,11753.3,Completed,Card,3.0
ORD01055,2024-07-11 09:40:27.906976746,Mouse,East,Wholesale,Priya,CUST1026,7.0,50582.71,0.0,354078.97,317212.4,Pending,Cash,9.0
ORD03321,2025-08-29 00:00:00,Mouse,West,Wholesale,Rahul,CUST1035,4.0, 13107.46 ,5.0,49808.35,42264.06,Returned,Card,6.0
ORD00557,2024-04-11 11:53:20.300075019,Tablet,South,Wholesale,Rahul,CUST1214,1.0,25216.08,0.0,25216.08,19775.55,Returned,Card,4.0
ORD03533,2025-10-06 18:01:42.625656416,Tablet,North ,Retail,Anita,CUST1098,1.0,13007.48,5.0,12357.11,9888.65,Cancelled,Cash,10.0
ORD02576,2025-04-15 01:19:13.188297080,Keyboard,West,Online,Karthik,CUST1181,4.0,1676.68,0.0,6706.72,4697.71,Cancelled,Net Banking,9.0
ORD03542,2025-10-08 09:27:30.112528136,Laptop,East,Retail,Suresh, CUST1078,2.0,1756.43,10.0,3161.57,2437.72,Pending,Cash,2.0
ORD03539,2025-10-07 20:18:54.283570896,Printer,East,Wholesale,Arun,CUST1264,4.0,56464.71,5.0,214565.9,173659.16,Cancelled,Net Banking,5.0
ORD02697,2025-05-07 03:25:58.289572392,Mouse,South,Wholesale,Arun,CUST1176,5.0,1019.23,10.0,4586.53,3649.85,Cancelled,UPI,9.0
ORD01194,2024-08-05 18:38:47.981995500,Smartphone,North,Wholesale,Meena,CUST1078,6.0,20979.69,5.0,119584.23,95699.5,Returned,Card,5.0
ORD01717,2024-11-09 00:00:00,Printer,South,Online,Meena,CUST1215 ,5.0,13109.07,5.0,62268.08,47359.45,Pending,UPI,12.0
ORD03157,2025-07-30 02:44:12.063015760,Mouse,West,Wholesale,Suresh,CUST1157,2.0,23352.16,0.0,46704.32,33503.8,Returned,UPI,8.0
ORD03605,2025-10-19 21:28:02.520630160,Headset,East,ONLINE,Meena,CUST1244,8.0,26822.3,N/A,171662.72,145684.27,Cancelled,Cash,4.0
ORD03923,2025-12-16 22:39:20.390097528,,East,Retail,Meena,CUST1111,5.0,61350.57,10.0,276077.57,221865.67,Pending,Net Banking,7.0
ORD02458,2025-03-24 12:21:03.915979,Printer,North,Retail,Priya,CUST1046,5.0,10558.11,20.0,"₹42,232.44",37127.48,Pending,UPI,7.0
ORD01286,2024-08-22 13:42:26.736684172,Headset,West,Online,Rahul,CUST1282,4.0,869.25,,3477.0,3047.69,Cancelled,Card,4.0
ORD03464,2025-09-24 03:43:58.559639912,, west,Wholesale,Divya,CUST1047,4.0,21232.07,5.0,80681.87,65536.95,Cancelled,UPI,7.0
ORD02581,2025-04-15 23:13:32.903225808,,West,Wholesale,Anita,CUST1050,8.0,57309.12,0.0,458472.96,302630.42,Cancelled,Net Banking,11.0
ORD03189,2025-08-04 22:55:54.238559640,tabLet,North,Online,Priya,CUST1053,3.0,978.18,10.0,2641.09,2263.16,Cancelled,Card,10.0
ORD02088,2025-01-15 23:20:45.011252816,Keyboard,West,Retail,Arun,CUST1128,1.0,17017.54,5.0,16166.66,14532.08,Returned,Net Banking,1.0
ORD01890,2024-12-10 19:53:20.300075020,Tablet,North,Wholesale,Arun,CUST1108,2.0,12678.37,0.0,25356.74,22176.92,Cancelled ,Net Banking,9.0
ORD01592,2024-10-17 10:19:21.290322584,Mouse,East,Online,Arun,CUST1114,2.0,1676.75,10.0,3018.15,2150.4,Cancelled,UPI,4.0
ORD03525,2025-10-05 06:58:47.081770448,Tablet,North,Retail,Divya,CUST1071,4.0,13408.01,20.0,,33113.31,Cancelled,Cash,8.0
ORD02163,2025-01-29 15:55:40.735183796,Printer,South,Wholesale,Divya,CUST1161,5.0,31121.52,20.0,124486.08,110497.98,Completed,Cash,10.0
ORD03188,2025-08-04 18:33:02.295573896,Smartphone,East,Wholesale,Anita,CUST1281,8.0,25070.23,20.0,160449.47,105873.29,Pending,UPI,12.0
ORD02272,2025-02-18 13:28:02.520630160,Smartphone,North,Wholesale,Suresh,CUST1031,8.0,25117.07,20.0,160749.25,115871.45,Completed,Cash,8.0
ORD03217,2025-08-10 01:36:08.642160544,Smartphone,East,Wholesale ,Meena,CUST1123,4.0,2843.47,0.0,11373.88,8857.96,Completed,UPI,9.0
ORD01138,2024-07-26 00:00:00,Keyboard,East,Wholesale,Arun,CUST1072,6.0,2905.48,15.0,14817.95,11856.77,Pending,Cash,1.0
ORD03336,2025-08-31 18:57:09.857464368,Monitor,North,Wholesale,Rahul,CUST1092,6.0,26443.92,5.0,150730.34,128411.03,Returned,UPI,3.0
ORD03761,2025-11-17 08:55:05.626406608,Laptop,North,Online,Anita,CUST1075,8.0,2382.44,0.0,19059.52,14798.81,Completed, upi,4.0
ORD03781,2025-11-21 00:32:24.486121536,TABLET,West ,Wholesale,Arun,CUST1225,6.0,30374.05,10.0,164019.87,133831.67,Pending,Cash,2.0
ORD01712,2024-11-08 08:03:14.448612156,Printer,East,Retail,Karthik,CUST1201,8.0.0,30644.01,5.0,232894.48,153648.52,Pending,Cash,2.0
ORD03619,2025-10-22 10:48:09.722430608,Keyboard,East,Online,Rahul,CUST1121,4.0,29140.76,0.0,116563.04,101083.5,Returned,Cash,11.0
ORD00454,2024-03-23 16:38:10.172543136,Tablet,West,Wholesale,Divya,CUST1081,2.0,,5.0,25405.58,18684.64,Returned,Cash,6.0
ORD00914,2024-06-15 15:56:23.945986498,Tablet,North,Retail,Suresh,CUST1247,6.0,10021.23,10.0,54114.64,48276.87,Returned,Card,12.0
ORD02670,2025-05-02 05:08:35.828957240,Monitor,West,Wholesale,Arun,CUST1142,4.0,17211.82,10.0,61962.55,40371.45,Cancelled,Card,12.0
ORD01200,2024-08-06 20:55:59.639909980,Smartphone,East,Retail,Arun,CUST1196,-5,29469.89,5.0,223971.16,181243.19,Cancelled,UPI,11.0
ORD01275,2024-08-20 13:30:55.363840960,Tablet,South,Wholesale,Priya,CUST1002,4.0,21264.28,0.0, 85057.12 ,56690.78,Returned,Card,4.0
ORD00038,2024-01-07 18:06:01.890472618,Monitor,East,Retail,Priya,CUST1170,1.0,12893.62,20.0,10314.9,8584.59,Cancelled,Upi,12.0
ORD00975,2024-06-26 19:11:12.468117030,Laptop,West,Retail,,CUST1198,5.0,26268.18,5.0,124773.85,94641.57,Returned,Net Banking,2.0
ORD00984,2024-06-28 10:36:59.954988748,Monitor,South,Retail,Arun,CUST1259, 2.0 ,24819.52,5.0,47157.09,34922.6,Returned,Net Banking,1.0
ORD02663,2025-04-30 22:28:32.228057016,Headset,East,Retail,Arun,CUST1006,,1511.62,10.0,2720.92,2162.14,Completed,Cash,3.0
ORD01419,2024-09-15 20:23:35.153788448,Smartphone,South,Online,Priya,CUST1002,5.0,2119.63,20.0,8478.52,5606.23,Pending,UPI,5.0
ORD01561,2024-10-11 18:30:31.057764444,Monitor,North,Wholesale,Priya,CUST1069,4.0,1651.48,0.0,6605.92,4702.69,Pending,UPI,3.0
ORD00040,2024-01-08 02:51:45.776444111,,West,Wholesale,Arun,CUST1156,3.0,11388.57,20.0,27332.57,18557.92,Cancelled,Card,7.0
ORD01487,2024-09-28 06:18:27.276819208,Headset,East,Retail,Priya,CUST1237,2.0,30884.95,20.0,49415.92,41193.65,Returned,UPI,1.0
ORD02543,2025-04-09 00:44:39.069767448,Mouse,East,Retail,Karthik,CUST1113,2.0,48960.17,15.0,83232.29,64607.22,Returned,Net Banking,12.0
ORD00170,2024-01-31 20:24:18.364591148,Laptop,North,Wholesale,Divya,CUST1243,1.0,11888.43,0.0,11888.43,8018.25,Returned,Card,10.0
ORD01356,2024-09-04 08:23:02.745686424,Monitor,East,Retail,Anita,CUST1282,1.0,13179.97,0.0,13179.97,10273.66,Cancelled,Net Banking,4.0
ORD02388,2025-03-11 17:40:27.906976744,Tablet,West,Retail,Anita,CUST1195,8.0,2353.6,15.0,16004.48,13713.93,Cancelled,UPI,9.0
ORD03594,2025-10-17 21:16:31.147786952,Headset,North,Retail,Suresh,CUST1028,7.0,1859.98,10.0,11717.87,8729.59,Cancelled,Net Banking,8.0
ORD02615,2025-04-22 04:10:58.964741184,Mouse,West,Wholesale,Anita,CUST1030,4.0,48104.51,0.0,192418.04,153828.99,Cancelled,UPI,3.0
ORD02754,2025-05-17 13:09:19.039759944,Keyboard,West,Online,Anita,CUST1087,3.0,28041.66,0.0,84124.98,61470.33,Completed,Net Banking,3.0
ORD01641,2024-10-26 08:59:46.496624156,Tablet,North,Retail,Divya,CUST1149,7.0,1768.44,15.0,10522.22,7322.0,Completed,UPI ,7.0
ORD01291,2024-08-23 11:36:46.451612904,Headset,East,Wholesale,Divya,CUST1296,4.0,777.83,10.0,2800.19,2442.23,Cancelled,Card,3.0
ORD01381,2024-09-08 21:54:41.320330084,Keyboard,West,Retail,Anita,CUST1239,4.0,48016.6,15.0,163256.44,106436.73,Cancelled,Card,8.0
ORD01934,2024-12-18 20:39:25.791447864, monitor,West,Wholesale,Priya,,1.0,1743.74,20.0,1394.99,1142.44,Completed,UPI,8.0
ORD00580,2024-04-15 16:39:14.988747188,Smartphone,South,Online,Divya,CUST1211,5.0,62362.5,5.0,296221.88,194710.14,Cancelled,Cash,8.0
ORD02031,2025-01-05 13:37:24.261065268,Keyboard,south,Online,Karthik,CUST1055,6.0,1666.56,5.0,9499.39,6674.08,Completed,Cash,12.0
ORD00893,2024-06-11 19:56:13.143285822,Tablet,East,Online,Suresh,CUST1065,500,1903.26,15.0,12000000,22000000,Pending,Net Banking,10.0
ORD00781,2024-05-22 09:15:15.528882222,Smartphone,South,Online,Divya,CUST1256,4.0,11366.78,20.0,36373.7,25796.87,Cancelled,Card,3.0
ORD00160,2024-01-30 00:35:38.934733683,Mouse,South,Online,Priya,CUST1024,3.0,19278.98,20.0,46269.55,32969.86,Cancelled,Card,10.0
ORD00003,2024-01-01 08:45:43.885971492,Printer,East,Retail,Karthik,CUST1111,1.0,1577.1,5.0,1498.24,1032.29,Cancelled,UPI,2.0
ORD03214,2025-08-09 12:27:32.813203304,Monitor,East,Online,Suresh,CUST1250,3.0,2902.81,5.0,8273.01,6963.49,Returned,UPI,12.0
ORD03291,2025-08-23 13:48:12.423105776,Printer,East,Online,Anita, CUST1121,8.0,13648.98,5.0,103732.25,91852.46,Returned,Cash,4.0
ORD00850,2024-03-06 00:00:00,Mouse,South,Online,Meena,CUST1246,7.0,25667.87,,152723.83,120252.05,Cancelled,UPI,7.0
ORD02402,2025-03-14 07:00:35.108777200,Mouse,West,Online,Rahul,CUST1125,8.0,63106.7,15.0,429125.56,299328.89,Pending,Net Banking,10.0
ORD01597,2024-10-18 08:13:41.005251316,Printer,South,Wholesale,Arun,CUST1265,8.0,32564.38,5.0,247489.29,181084.36,Completed,Cash ,8.0
ORD01777,2024-11-20 04:49:30.742685672,Monitor,West,Wholesale,Suresh,CUST1237,2.0,1852.29,5.0,3519.35,2732.34,Returned,Net Banking,1.0
ORD01914,2024-12-15 00:00:00,Laptop,East,Retail,Anita,CUST1069,4.0,21736.21,0.0,86944.84,66993.87,Completed,Cash,5.0
ORD01044,2024-07-09 09:28:56.534133534,Mouse,North,Wholesale,Divya,CUST1142,4.0,24023.17,0.0,96092.68,78238.18,Returned,UPI,12.0
ORD01545,2024-10-08 20:24:39.969992500,SMARTPHONE,West,Retail,Divya,CUST1014,2.0,926.87,5.0,1761.05,1256.11,RETURNED,Cash,7.0
ORD03718,2025-11-09 12:31:52.078019512,Monitor,South,Online,Arun,CUST1134,7.0,1490.93,15.0,8871.03,7754.94,Cancelled,Card,10.0
ORD00054,2024-01-10 16:11:52.978244561,Monitor,West,Wholesale,Rahul,CUST1189,8.0,21290.23,0.0,170321.84,142880.91,Pending,UPI,3.0
ORD03853,2025-12-04 00:00:00,Printer,North,Retail,Rahul,CUST1137,3.0,753.93,10.0,2035.61,1338.95,Cancelled,Cash,6.0
ORD01912,2024-12-14 20:16:23.045761444,Laptop,South,Wholesale,Priya,CUST1179,2.0,1998.1,5.0,3796.39,,Pending,Net Banking,1.0
ORD02823,2025-05-30 03:27:03.105776448,Smartphone,West,Retail,Rahul,CUST1242,1.0,12416.22,5.0,,8475.63,Cancelled,UPI,3.0
ORD02674,2025-05-02 22:40:03.600900224,Monitor,North,Retail,Arun,CUST1166,3.0,2062.78,0.0,6188.34,4421.0,Completed,Net Banking,1.0
ORD03490,2025-09-28 21:38:29.077269320,Keyboard,North,Wholesale,Rahul,CUST1164,5.0,1975.77,20.0,7903.08,,Returned,Net Banking,7.0
ORD00825,2024-05-30 10:01:21.020255064,Laptop,West ,Wholesale,Anita,CUST1033,3.0,30842.84,15.0,78649.24, 65057.56 ,Completed,Card,11.0
ORD03574,2025-10-14 05:39:12.288072024,Headset,East,Retail,Rahul,CUST1110,5.0,60025.51,0.0,300127.55,211519.33,Completed,Net Banking,12.0
ORD01390,2024-09-10 13:20:28.807201800,Smartphone,South,Wholesale,Anita,CUST1176,3.0,2450.99,15.0,6250.02,4389.37,Cancelled,Net Banking,5.0
ORD03270,2025-08-19 17:48:01.620405104,Tablet,West ,Online,Priya,CUST1063,2.0,887.02,0.0,1774.04,1422.32, completed,Cash,1.0
ORD03115,2025-07-22 10:43:50.457614408,Printer,South,Wholesale,Suresh,CUST1138,1.0,1981.88,5.0,1882.79,1407.5,Returned,Net Banking,7.0
ORD01608,2024-10-20 08:25:12.378094524,Monitor,West,Wholesale,Anita,CUST1062,4.0,2256.64,0.0,9026.56,6132.53,Returned,Net Banking,10.0
ORD01595,2024-10-17 23:27:57.119279820,head set,West,Online,Priya,CUST1023,3.0,31311.84,10.0,84541.97,71634.37,Completed,UPI,9.0
ORD00772,2024-05-20 17:49:28.042010504,Laptop,North,Retail,Arun,CUST1268,3.0,921.81,5.0,2627.16,1876.16,Completed,Net Banking,12.0
ORD02274,2025-02-18 00:00:00,Tablet,South,Retail,Priya,CUST1062,8.0,1484.98,0.0,11879.84,9650.53,Pending, net banking,11.0
ORD01869,2024-12-06 23:53:09.497374344,Smartphone,North,Wholesale,Meena,CUST1161,6.0,12699.47,5.0,72386.98,60645.4,Completed,Net Banking,2.0
ORD01086,2024-07-17 01:29:18.139534884,Smartphone,North,Wholesale,Karthik,CUST1137,7.0,12804.93,0.0,89634.51,59822.99,Completed,Card,8.0
ORD02712,2025-05-09 21:08:57.434358592,Tablet,East,Wholesale,Anita,CUST1210,6.0,25761.24,15.0,,98901.77,Pending,Cash,2.0
 ORD01326,2024-08-29 20:57:04.456114028,Headset,South,Retail,Divya,CUST1281,4.0,19694.35,10.0,70899.66,52620.08,Returned,Net Banking,4.0
ORD01464,2024-09-24 01:32:32.588147040,Smartphone,North,,Priya,CUST1174,1.0,16656.15,20.0,13324.92,11941.99,Completed,Cash,5.0
ORD00807,2024-05-27 03:09:46.046511628,Laptop, north,Retail,Priya,CUST1155,3.0,15177.97,20.0,36427.13,26631.27,Returned,Card,8.0
ORD02452,2025-03-23 10:03:52.258064520,Tablet,South,,Anita,CUST1088,1.0,1555.86,15.0,1322.48,961.34,Pending,Card,5.0
ORD02476,2025-03-27 19:12:38.889722432,Smartphone,South,Wholesale,Karthik,CUST1198,,21168.82,10.0,95259.69,63139.63,Completed,UPI,1.0
ORD02109,2025-01-19 19:20:55.813953492,Headset,South,on-line,Rahul,CUST1095,4.0,2087.42,5.0,7932.2,6143.75,Cancelled,Cash,5.0
ORD02827,2025-05-30 20:58:30.877719432,Keyboard,South,Retail,Meena,CUST1116,1.0.0,25035.29,15.0,21280.0,15707.2,Returned,Cash,12.0
ORD03929,2025-12-18 00:56:32.048012008,Mouse,South,Retail ,Suresh,CUST1120,6.0,27098.07,0.0,162588.42,115086.13,Completed,Net Banking,10.0
ORD02235,2025-02-11 19:22:00.630157540,Smartphone,East,Online,Priya,CUST1167,8.0,32528.67,5.0,247217.89,215054.94,Completed,UPI,5.0
ORD00964,,Laptop,North ,Retail,Priya,CUST1088,7.0,2579.38,10.0,16250.09,12516.52,Completed,Cash,8.0
ORD00399,2024-03-13 15:40:33.308327082,SMARTPHONE,South,Retail,Meena,CUST1162,1.0,63555.94,20.0,50844.75,40232.6, returned,Cash,2.0
ORD03747,2025-11-14 19:34:58.424606152,Printer,East,Online,Rahul,CUST1204,3.0,11295.18,5.0,32191.26,25507.41,Completed,Card,7.0
ORD00705,2024-05-08 12:17:27.861965492,Smartphone,South,Online,Arun,CUST1292,5.0,56690.02,20.0,226760.08,196616.37,Pending,Net Banking,9.0
ORD00432,2024-03-19 16:15:07.426856715,Headset,East,Online,Suresh,CUST1150,1.0,2521.95,15.0,2143.66,1629.59,Pending,UPI,9.0
ORD00293,2024-02-23 07:16:47.351837960,Tablet,South,Wholesale,Divya,CUST1038,1.0,57641.34,5.0,54759.27,38881.08,Cancelled,Net Banking,10.0
ORD03776,2025-11-20 02:38:04.771192800,Headset,East,Online,Arun,CUST1210,8.0,17406.64,0.0,139253.12,104750.63,Returned,Cash,5.0
ORD00146,2024-01-27 11:15:31.732933233,Keyboard,South,Retail,Suresh,CUST1205,1.0,747.88,10.0,673.09,443.79,Returned,Net Banking,unknown
ORD02721,2025-05-11 12:34:44.921230312,Laptop,East,Retail,Suresh,CUST1124,4.0,887.15,0.0,3548.6,2499.62,Completed,UPI,2.0
ORD02034,2025-01-06 02:46:00.090022508,,North,Online,Meena,CUST1131,6.0,19037.57,10.0,102802.88,"₹91,986.77",Cancelled,UPI,10.0
ORD03798,2025-11-24 03:01:07.516879224,Mouse,North,Wholesale,Karthik,CUST1083,8.0,24144.98,20.0,154527.87,138697.36,Pending,Card,2.0
ORD01166,2024-07-31 15:58:33.578394600,Mouse,WEST,Retail,Divya,CUST1035,1.0,10952.86,20.0,8762.29,5825.88,Completed,UPI,9.0
ORD02051,2025-01-09 05:14:43.120780196,Printer,East,Retail,Rahul,CUST1060,4.0,23040.49,0.0,92161.96,69729.7,Pending,Net Banking,3.0
ORD03512,2025-10-02 22:01:31.822955744,Headset,South,Online,Suresh,CUST1196,4.0,25639.97,20.0,82047.9,69590.21,Pending,Card,1.0
ORD00340,2024-03-02 21:11:28.672168042,Headset,East,Online,Arun,CUST1007,8.0,64295.51,5.0,488645.88,423351.44,Completed,UPI,10.0
ORD02415,2025-03-16 15:57:50.367591904,Keyboard,West,Online,Karthik,CUST1045,4.0,13975.67,15.0,47517.28,36865.63,Cancelled,Net Banking,6.0
ORD00266,2024-02-18 08:59:24.891222806, laptop,East,Wholesale,Karthik,CUST1062,2.0,13351.73,15.0,22697.94,20426.54,Completed,Card,12.0
ORD03104,2025-07-20 10:32:19.084771192,Headset,North,Online,Suresh,CUST1285,3.0,821.77,0.0,2465.31,1810.28,Returned,UPI,10.0
ORD01772,2024-11-19 06:55:11.027756940,Headset,East,Retail,Priya,CUST1161,4.0,10474.7,20.0,33519.04,24658.66,Cancelled,Net Banking,1.0
ORD00272,2024-02-19 11:16:36.549137284,Headset,East,Retail,Divya,CUST1045,7.0,49627.13,0.0,347389.91,284138.95, returned,UPI,6.0
ORD00697,2024-05-07 01:14:32.318079520,Printer,East,Wholesale,Anita,CUST1217,7.0,793.0,20.0,4440.8,3463.57,Returned,Net Banking,12.0
ORD03964,2025-12-24 10:16:50.052513128,Mouse,South,Online,Suresh,CUST1139,1.0,2028.97,5.0,1927.52,1668.99,Pending,Card,8.0
ORD00245,2024-02-14 12:59:14.088522131,Monitor,West,Online,Meena,CUST1153,1.0,1045.93,15.0,889.04,775.75,Completed,Net Banking,5.0
ORD03753,2025-11-15 21:52:10.082520632,Keyboard,North,Wholesale,Arun,CUST1100,8.0,56125.0,0.0,-449000.0,398081.0, completed,Card,1.0
ORD00477,2024-03-27 21:24:04.861215304,Printer,West,Retail,Anita,CUST1141,1.0,19428.94,10.0,17486.05,15363.3,Pending,Card,2.0
ORD02033,2025-01-05 22:23:08.147036760,Laptop,West,Retail,Anita,CUST1072,5.0,31684.87,5.0,-150503.13,101696.57,Cancelled,Net Banking,10.0
ORD03392,2025-09-11 00:17:38.664666168,Printer,East,Online,Priya,,5.0,22024.82,0.0,110124.1,80278.7,Cancelled,Net Banking,2.0
ORD03075,2025-07-15 03:29:12.738184552,Keyboard,West,Wholesale,,CUST1263,4.0,2612.58,20.0,8360.26,7411.76,Pending,UPI,4.0
ORD00814,2024-05-28 09:49:49.647411854,Headset,North,Wholesale,Rahul,CUST1075,4.0,1606.21,15.0,5461.11,4281.27,Completed,Cash,5.0
ORD01915,2024-12-15 09:24:58.874718680,Headset,East,Online,Meena,CUST1082,1.0,31436.36,0.0,31436.36,22172.37,Cancelled,Cash,4.0
ORD03367,2025-09-06 10:46:00.090022512,Monitor,North,Online,Meena,CUST1279,5.0,2080.88,0.0,10404.4,7659.19,Completed,UPI,7.0
ORD03935,2025-12-19 03:13:43.705926488,Laptop,West,Online,Priya,CUST1298,4.0,20874.1,5.0,79321.58,51726.62,Pending,cash ,8.0
ORD01805,2024-11-25 07:29:45.146286572,Tablet,East,Retail,Suresh,CUST1174,1.0,1038.39,5.0,986.47,880.41,Pending,Net Banking,6.0
ORD02873,2025-06-08 06:30:20.255063768,Smartphone,North,Wholesale,Arun,CUST1116,4.0,791.01,0.0,3164.04,2603.83,Pending,UPI,12.0
ORD00251,2024-02-15 15:16:25.746436609,Printer,North,Retail,Meena,CUST1254,6.0,2678.35,0.0,16070.1,12599.35,Cancelled,Cash,5.0
ORD00546,2024-04-09 11:41:48.927231808,Monitor,South,Retail,Anita,CUST1063,7.0,13912.6,0.0,97388.2,79119.31,Cancelled,Cash,11.0
ORD00739,2024-05-14 17:14:53.923480870,Monitor,West,Online,Arun,CUST1186,6.0,2777.06,15.0,14163.01,11905.02,Completed,UPI,6.0
ORD00311,2024-02-26 14:08:22.325581396,Printer,South,Retail,Karthik,CUST1076,1.0,2216.07,20.0,1772.86,1245.15,Completed,UPI,10.0
ORD01132,2024-07-25 11:01:07.516879220,Laptop,North,Wholesale,Anita,CUST1236,5.0,25108.78,0.0,125543.9,95519.45,Pending,Net Banking,4.0
ORD01450,2024-09-21 12:12:25.386346588,Laptop,East,Retail,Anita,CUST1124,4.0,14596.23,10.0,52546.43,34648.74,Cancelled,Net Banking,4.0
ORD03873,2025-12-07 19:36:03.240810208,Headset,West,Wholesale,Priya,CUST1027,8.0,2467.05,10.0,17762.76,14207.68,Cancelled,UPI,8.0
ORD00016,2024-01-03 17:42:59.144786196,Headset,South,Online,Meena,CUST1033,8.0,934.84,20.0,5982.98,4144.0,Cancelled,UPI,10.0
ORD03502,2025-10-01 00:00:00,Mouse,South,Retail,Arun,CUST1047,1.0,61558.67,20.0,49246.94,41450.76,Cancelled,Net Banking,2.0
ORD02790,2025-05-24 02:52:28.987246816,Printer,North,Wholesale,Suresh,CUST1070,1.0,32151.13,15.0,27328.46,20763.69,Returned,CASH,5.0
ORD03205,2025-08-07 21:01:45.326331584,Monitor,East,Retail,Meena,CUST1041,5.0,55239.35,5.0,262386.91,232257.69,Cancelled,Card,2.0
ORD00364,2024-03-07 06:20:15.303825957,Tablet,South,Online,Karthik,CUST1264,5.0,13054.77,15.0,55482.77,47094.71,Completed,Net Banking,1.0
ORD00183,2024-02-03 05:21:33.623405851,Laptop,East,Wholesale,Priya,CUST1172,5.0,25496.4,0.0,127482.0,95168.58,Cancelled,Net Banking,11.0
ORD01195,2024-08-05 23:01:39.924981248,Printer,West,Retail,Anita,CUST1165,7.0,59070.6,10.0,372144.78,305940.69,Pending,Cash,1.0
 ORD02471,2025-03-26 21:18:19.174793704,Smartphone,North,Online,Suresh,CUST1126,3.0,20747.44,10.0,56018.09,42485.44,Pending,Card,7.0
ORD01122,2024-07-23 15:12:28.087021756,Headset,North,Wholesale,Karthik,CUST1200,3.0,2574.53,15.0,6565.05,5901.06,Cancelled,Net Banking,1.0
ORD03875,2025-12-08 04:21:47.126781696,Laptop,North,Online,Rahul,,2.0,13934.26,20.0,22294.82,18183.5,Cancelled,UPI,12.0
ORD01183,2024-08-03 18:27:16.609152288,Headset,West,Retail,Anita,CUST1069,2.0,12333.5,0.0,24667.0,16303.28,Completed,Cash,8.0
ORD03656,2025-10-29 04:54:11.612903232,Monitor,East,Wholesale,Arun,CUST1243,7.0,2920.18,15.0,17375.07,13581.2,Completed,UPI,11.0
ORD00615,2024-04-22 01:59:32.993248312,Monitor,North,Online,Priya,CUST1028,8.0,2113.62,15.0,14372.62,10813.0,Completed,Net Banking,11.0
ORD01467,2024-09-24 14:41:08.417104276,Laptop,South,Wholesale,Arun,CUST1043,1.0,46653.43,0.0,46653.43,36675.39,Cancelled,,12.0
ORD00402,2024-03-14 04:49:09.137284321,Monitor,West,Wholesale,Karthik,CUST1052,3.0,12329.57,0.0,36988.71,29653.06,Pending,Net Banking,6.0
ORD00935,2024-06-19 11:56:34.748687172,Mouse,South,Online,Arun,CUST1168, 3.0 ,47708.23,5.0,135968.46,113057.09,Pending,Card,2.0
ORD02420,2025-03-17 13:52:10.082520632,Mouse,South,Wholesale,Rahul,CUST1078,5.0,45888.27,20.0,183553.08,131882.34,Completed,Card,6.0
ORD02630,2025-04-24 21:53:58.109527384,Tablet,East,Online,Karthik,CUST1119,7.0,53359.85,20.0,298815.16,259801.06,Pending,Card,1.0
ORD02781,2025-05-22 11:26:41.500375096,Mouse,East,Wholesale,Suresh,CUST1227,3.0,848.47,0.0,2545.41,2289.39,Cancelled,Net Banking,8.0
ORD00727,2024-05-12 12:40:30.607651914,Smartphone,South,Retail,Suresh,CUST1013,5.0,1019.53,0.0,5097.65,4040.66,Cancelled,Cash,unknown
ORD00827,2024-05-30 18:47:04.906226558,Keyboard,South,Online,Priya,CUST1260,3.0,13720.81,0.0,41162.43,30461.6,Cancelled,Cash,9.0
ORD01522,2024-10-04 15:38:45.281320332,Headset,East,Retail,Priya,CUST1098,3.0,774.71,15.0,1975.51,1483.41,Pending,Net Banking ,2.0
ORD00137,2024-01-25 19:49:44.246061515,Mouse,NORTH,Retail,Priya,CUST1192,7.0,62268.03,20.0,348700.97,306267.6,Pending,UPI,6.0
ORD00629,2024-04-24 15:19:40.195048762,Headset,East,Wholesale,Suresh,CUST1290,8.0,19628.16,5.0,149174.02,115296.4,Completed,Card,6.0
ORD00335,2024-03-01 23:17:08.957239310,Monitor,North,Wholesale,Karthik,CUST1109,7.0,19517.61,0.0,136623.27,98542.78,Completed,Card,2.0
ORD00391,2024-03-12 04:37:37.764441111,Printer,East,Wholesale,Priya,CUST1247,2.0,962.84,5.0,1829.4,1437.33,Returned,Net Banking,4.0
ORD03391,2025-09-10 19:54:46.721680424,Printer,North,Retail,Arun,CUST1038,5.0,14217.08,0.0,71085.4,54769.53,Completed,Cash,1.0
ORD01818,2024-11-27 16:27:00.405101276,Headset,East,whole-sale,Arun,CUST1116,8.0,23905.27,0.0,191242.16,147549.57,Pending,Cash,2.0
ORD03593,2025-10-17 16:53:39.204801200,Mouse,East,Online,Priya, CUST1203,1.0,2255.29,5.0,2142.53,1886.62,Pending,UPI,6.0
ORD00711,2024-05-09 14:34:39.519879970,Printer,South,Retail,Arun,CUST1163,4.0,14007.24,15.0,47624.62,36995.22,Returned,Net Banking,2.0
ORD01040,2024-07-08 15:57:28.762190548,Monitor,North,Retail,Rahul,CUST1055,8.0,2114.27,15.0,14377.04,12119.89,Pending,Cash,3.0
ORD02606,2025-04-20 12:45:11.477869472,Keyboard,South,Wholesale,Anita,CUST1008,1.0,17417.51,15.0,14804.88,10432.89,Pending,Cash,3.0
ORD03449,2025-09-21 10:00:59.414853720,Monitor,South,Wholesale,Karthik,CUST1099,6.0,999.37,5.0,5696.41,3707.87,Pending,Card,11.0
ORD01562,2024-10-11 22:53:23.000750188,Keyboard,South,Online,Suresh,CUST1005,3.0,12637.64,0.0,37912.92,28993.34,Completed,Card,7.0
ORD03669,2025-10-31 13:51:26.871717936,Mouse,East,Online,Divya,CUST1285,3.0,18434.27,5.0,52537.67,37676.08,Returned,UPI,7.0
ORD03345,2025-09-02 10:22:57.344336088,Mouse,North,Online,Arun,CUST1023,4.0,55860.99,5.0,212271.76,141836.61,Completed,UPI,11.0
ORD01113,2024-07-21 23:46:40.600150038,Laptop,West,Retail,Rahul,CUST1019,6.0,1484.04,15.0,7568.6,5806.57,Completed,Cash,12.0
ORD01224,2024-08-11 06:04:46.271567892,Printer,West,Online,Divya,CUST1094,7.0,10960.33,15.0,65213.96,45562.12,Completed,Cash,6.0
ORD02654,2025-04-29 07:02:44.741185296,Keyboard,West,Online,Suresh,CUST1082,5.0,"₹27,767.99",5.0,131897.95,98567.62,Returned,Card,6.0
ORD02422,2025-03-17 22:37:53.968492128,Headset,East,Retail,Anita,CUST1194,5.0,14202.57,5.0,67462.21,44577.34,Returned,Card,10.0
ORD01509,2024-10-02 06:41:30.022505628,Keyboard,South,Wholesale,Suresh,CUST1294,3.0,975.39,15.0,2487.24,1868.25,Returned,Cash,7.0
ORD01751,2024-11-15 10:55:00.225056264,Mouse,North,Online,Priya,CUST1041,8.0,,20.0,165427.97,140722.97,Cancelled,Net Banking,2.0
ORD03577,2025-10-14 18:47:48.117029264,Printer,West,Online,Karthik,CUST1198,8.0,1049.81,20.0,6718.78,5862.51,Cancelled,Net Banking,12.0
ORD00339,2024-03-02 16:48:36.729182296,Monitor,North,Retail,Meena,CUST1184,2.0,24089.35,15.0,40951.89,30691.96,Returned,Cash,3.0
ORD00216,2024-02-09 05:56:07.741935484,Laptop,North,Retail,Arun,CUST1107,5.0,24401.36,20.0,97605.44,82025.43,Pending,Net Banking,2.0
ORD01342,2024-09-01 19:02:55.543885972,Smartphone,North,Wholesale,Suresh,CUST1060,5.0,742.76,15.0,3156.73,2351.05,Completed,Card,4.0
ORD03339,2025-09-01 08:05:45.686421608,Smartphone,South,Online,Anita,CUST1178,4.0,57648.91,15.0,196006.29,139811.34,Pending,Cash,6.0
ORD03739,2025-11-13 08:32:02.880720184,Tablet,East,Retail,Meena,CUST1038,8.0,2650.67,10.0,19084.82,12466.04,Pending,Net Banking,8.0
ORD02575,2025-04-14 20:56:21.245311328,Smartphone,South,Retail,Rahul,CUST1237,1.0,29244.93,0.0,29244.93,19969.08,Returned,Card,5.0
ORD03385,2025-09-09 17:37:35.063765944,Smartphone,East,Online,Arun,CUST1176,6.0,62549.69,5.0,356533.23,261005.06,Completed,Net Banking,6.0
ORD02687,2025-05-05 07:37:18.859714928,Headset,North,Wholesale,Arun,CUST1007,3.0,11705.41,15.0,29848.8,25235.52,Returned,Card,12.0
ORD02323,2025-02-27 20:54:11.612903224,Mouse,West,Online,Anita,CUST1043,5.0,12885.78,20.0,51543.12,"43,063.99",Completed,,3.0
ORD00102,2024-01-19 10:29:26.241560390,Laptop,East,Online,Karthik,CUST1277,3.0,790.37,20.0,1896.89,1659.09,Cancelled,Card,2.0
ORD02845,2025-06-03 03:50:05.851462872,Smartphone,East,Retail,Priya, CUST1235,8.0,1571.01,5.0,11939.68,9688.84,Pending,Net Banking,6.0
ORD00172,2024-02-01 05:10:02.250562641,SMARTPHONE,West,Wholesale,Rahul,CUST1014,6.0,48529.4,10.0,262058.76,198761.85,Returned,Cash,11.0
ORD00108,2024-01-20 12:46:37.899474868,Mouse,West,Retail,Suresh,CUST1049,4.0,2690.96,15.0,9149.26,6489.68,Cancelled,Net Banking,6.0
ORD02788,2025-05-23 18:06:45.101275320,Headset,West,Wholesale,Meena,CUST1027,4.0,1895.48,20.0,6065.54,4137.23,Completed,UPI,8.0
ORD03981,2025-12-27 12:45:33.083270824,Laptop,East,Online,Anita,CUST1013,1.0,2840.99,15.0,2414.84,1759.77,Cancelled,UPI,11.0
ORD02917,2025-06-16 07:16:25.746436608,Tablet,South,Wholesale,Anita,CUST1107,8.0,13365.37,10.0,96230.66,72944.46,Returned,Card,9.0
ORD02657,2025-04-29 20:11:20.570142536,Printer,East,Retail,Priya,CUST1173,8.0,2884.22,5.0,21920.07,19520.14,Returned,Cash,4.0
ORD02532 ,2025-04-07 00:33:07.696924232,Smartphone,North,Wholesale,Priya,CUST1073,6.0,1801.54,10.0,9728.32,7120.85,Returned,Cash,6.0
ORD02699,2025-05-07 12:11:42.175543888,Monitor,South,Online,Rahul,CUST1128,2.0,10239.38,15.0,17406.95,13307.18,Pending,UPI,1.0
ORD02664,2025-05-01 02:51:24.171042760,Keyboard,West,Retail,Karthik,CUST1081,4.0,12745.89,10.0,45885.2,31597.93,Pending, cash,10.0
ORD02986,2025-06-28 21:34:09.812453112,Headset,South,Wholesale,Arun,CUST1160,8.0,13258.46,0.0,106067.68,74271.54,Pending,Card,12.0
ORD03099,2025-07-19 12:37:59.369842464,Mouse,North,ONLINE,Rahul,CUST1189,8.0,19968.07,15.0,135782.88,116847.74,Completed,Card,5.0
ORD03424,2025-09-16 20:29:20.840210056,Mouse,North,Wholesale,Divya,CUST1140,2.0,11638.35,10.0,20949.03,15967.62,Returned,Cash, 11.0 
ORD01041,2024-08-07 00:00:00,Tablet,South,Wholesale,Arun,CUST1277,4.0,23233.85,20.0,74348.32,49538.37,Pending,UPI,8.0
ORD03832,2025-11-30 07:58:33.578394600,Printer,East,Retail,Rahul,CUST1003,5.0,30801.01,10.0,138604.54,107430.94,Completed,UPI,1.0
ORD02121,2025-01-21 23:55:19.129782448,Tablet,,Wholesale,Priya,CUST1048,8.0,58478.13,0.0,467825.04,350393.61,Cancelled,Card,2.0
ORD01525,2024-10-05 04:47:21.110277572,Smartphone,North,,Anita,CUST1263,8.0,11557.69,20.0,73969.22,52967.07,Pending,Card,2.0
ORD03404,2025-09-13 04:52:01.980495128,Monitor,North,Retail,Arun,CUST1200,4.0,2715.53,10.0,9775.91,7396.25,Pending,UPI,2.0
ORD02249,2025-02-14 08:42:07.831957992,Printer,South,Retail,,CUST1197,4.0,2489.36,10.0,8961.7,6123.49,Returned,Cash,6.0
ORD00482,2024-03-28 19:18:24.576144036,Laptop,South,Retail,Anita,CUST1022,6.0,10899.91,15.0,55589.54,41543.39,Pending,Net Banking,12.0
ORD02824,2025-05-30 07:49:55.048762192,Tablet,East,Online,Divya,CUST1122,4.0,2073.95,0.0,8295.8,6917.1,Cancelled,Cash,2.0
ORD03264,2025-08-18 15:30:49.962490624,Tablet,East,Online,Meena,CUST1300,1.0,9947.21,5.0,9449.85,8115.64,Cancelled,Card,11.0
ORD01763,2024-11-17 15:29:23.540885224,Printer,South,Online,Anita,CUST1024,1.0,792.27,15.0,673.43,462.52,Pending,Net Banking,10.0
ORD03246,2025-08-15 08:39:14.988747192,Smartphone,West,Online,Arun,CUST1126,6.0,2593.41,20.0,12448.37,9021.73,Cancelled,Card,8.0
ORD03376,2025-09-08 02:11:47.576894224,Headset,South,Wholesale,Anita,CUST1006,2.0,11081.58,0.0,22163.16,17497.15,pendng,Net Banking,3.0
ORD02936,2025-06-19 18:30:52.663165792,Tablet,West,Retail,Meena,CUST1282,7.0,10750.5,0.0,75253.5,53368.29,Pending,Cash,8.0
ORD02938,2025-06-20 03:16:36.549137288,Monitor,West,Wholesale,Arun,CUST1271,8.0,53329.43,0.0,426635.44,304863.07,Returned,Net Banking,10.0
ORD00406,2024-03-14 22:20:36.909227307,Keyboard,West,Retail,Suresh,CUST1208,3.0,64599.86,0.0,193799.58,166614.25,Pending,UPI,12.0
ORD00758,2024-05-18 04:29:20.840210054,Printer, north,Retail,Priya,CUST1169,2.0,10685.76,20.0,17097.22,11145.52,Returned,Cash,2.0
ORD02601,2025-04-19 14:50:51.762940736,Headset,West,Online,Arun,CUST1216,7.0,2324.04,10.0,14641.45,13114.88,Returned,Net Banking,2.0
ORD00098,2024-01-18 16:57:58.469617404,Tablet,West,Retail,Divya,CUST1277,4.0,26377.42,110%,84407.74,62234.03,RETURNED,Card,7.0
ORD01334,2024-08-31 08:00:00,Headset,North,Wholesale,Suresh,CUST1049,5.0,782.26,20.0,3129.04,2543.63, completed,Card,10.0
ORD03165,2025-07-31 13:47:07.606901728,Monitor,South,Online,Anita,CUST1286,4.0,889.21,0.0,"3,556.84",2358.82,Pending,UPI,6.0
ORD03687,2025-11-03 20:43:01.845461368,Monitor,North,Wholesale,Karthik,CUST1021,8.0,770.24,20.0,4929.54,3948.78,Completed,upi,6.0
ORD03527,2025-10-05 15:44:30.967741936,Keyboard,North,Retail,Priya,CUST1194,4.0,63511.44,5.0,241343.47,186063.56,Completed, net banking,3.0
ORD02059,2025-01-10 00:00:00,Printer,East,Online,Divya,CUST1009,3.0,2070.39,0.0,6211.17,4668.61,Completed,Card,8.0
ORD02792,2025-05-24 11:38:12.873218304,Laptop,West,Wholesale ,Suresh,CUST1187,6.0,N/A,20.0,80460.05,66409.7,Cancelled,Net Banking,9.0
ORD00149,2024-01-28 00:24:07.561890473,Laptop,East,Wholesale,Suresh,cust1141,6.0,2742.99,15.0,13989.25,9847.81,Completed,UPI,11.0
ORD00029,2024-01-06 00:00:00,Keyboard,North,Wholesale,Divya,CUST1105,3.0,23852.0,10.0,64400.4,45015.6,Cancelled,Net Banking,5.0
ORD02716,2025-05-10 14:40:25.206301576,key board,West,Wholesale,Meena,CUST1036,8.0,12463.64,0.0,99709.12,67018.95,Completed,Card,2.0
ORD03472,2025-09-25 14:46:54.103525888,Tablet,North,Online,Priya,CUST1069,7.0,29743.92,10.0,187386.7,124001.48,Returned,Cash,7.0
ORD00693,2024-05-06 07:43:04.546136534,Printer,South,Wholesale,,CUST1191,4.0,1901.57,10.0,6845.65,"5,006.21",Cancelled,Cash,2.0
ORD01387,2024-09-10 00:11:52.978244564,Tablet,North,Online,Priya,CUST1197,8.0,999.46,10.0,7196.11,5504.42,Cancelled,Net Banking,4.0
ORD01846,2024-12-02 19:07:14.808702176,Tablet,South,Wholesale,Meena,CUST1179,4.0,24588.72,5.0,93437.14,72991.59,Pending,Net Banking,12.0
ORD03513,2025-10-03 02:24:23.765941488,Keyboard,South,Wholesale,Divya,CUST1061,2.0,2593.42,10.0,4668.16,3610.05,Pending, card,2.0
ORD01600,2024-10-18 21:22:16.834208552,Keyboard,West,Retail,Meena,CUST1206,6.0,1542.46,20.0,7403.81,5539.4,Pending,UPI,12.0
ORD00702,2024-05-07 23:08:52.033008252,Laptop,West,Retail,Rahul,CUST1290,6.0,23329.65,0.0,139977.9,116755.64,Returned,Cash,7.0
ORD01709,2024-11-07 00:00:00,Printer,West,Retail,Rahul,CUST1023,2.0,51293.0,20.0,82068.8,66769.99,Pending,Net Banking,9.0
ORD00455,2024-03-23 21:01:02.115528883,Printer,East,Wholesale,Meena,CUST1289,6.0,822.05,15.0,4192.45,3123.05,Pending,Net Banking,9.0
ORD02041,2025-01-07 09:26:03.690922732,Printer,North,Wholesale,Rahul,CUST1093,3.0,2673.12,20.0,6415.49,4544.3,Completed,upi,3.0
ORD03712,2025-11-08 10:14:40.420105032,Smartphone,West,Wholesale,Priya,CUST1045,1.0,11526.43,20.0,9221.14,6952.22,Cancelled,Cash,11.0
ORD02316,2025-02-26 14:14:08.012003,Laptop,East,Retail,Meena,CUST1070,3.0,2157.96,5.0,6150.19,4477.44,Pending, upi,7.0
ORD00610,2024-04-21 04:05:13.278319580,Keyboard ,West,Wholesale,Rahul,CUST1228,2.0,2639.06,15.0,4486.4,3222.65,Pending,Net Banking,5.0
ORD00168,2024-01-31 00:00:00,Monitor,East,Wholesale,Rahul,CUST1038,7.0,46010.85,0.0,322075.95,212628.81,Returned,Net Banking,9.0
ORD00731,2024-05-13 06:11:58.379594900,Printer,North,Wholesale,Arun,CUST1233,2.0,11541.49,20.0,18466.38,15009.63,Returned,Net Banking,7.0
ORD02857,2025-06-05 00:00:00,Keyboard,South,Wholesale,Arun,CUST1085,7.0,884.73,10.0,5573.8,4940.78,Pending,Cash, 3.0 
ORD03575,2025-10-14 10:02:04.231057768,Headset,West,Online,Suresh,CUST1296,2.0,21548.88,20.0,34478.21,27736.11,Completed,Net Banking,6.0
ORD02639,2025-04-26 13:19:45.596399104,Headset,North,Wholesale,Priya,CUST1129,3.0,2199.57,20.0,5278.97,3870.45,Pending,Cash,10.0
ORD01623,2024-10-23 00:00:00,Printer,North,Online,Divya,CUST1297,6.0,"₹23,601.00",0.0, 141606.0 ,98122.12,Pending,Net Banking ,5.0
ORD00588,2024-04-17 03:42:10.532633158,Monitor,South,Online,Anita,CUST1045,4.0,15723.63,10.0,56605.07,44434.77,Returned,Card,8.0
ORD01402,2024-09-12 17:54:52.123030760,Smartphone,West,Wholesale,Meena,CUST1146,3.0,unknown,20.0,5010.05,4459.11,Completed,Net Banking,6.0
ORD01701,2024-11-06 07:51:43.075768944,Headset,East,Wholesale,Divya,CUST1031,3.0,23637.94,5.0,67368.13,45387.9,Completed,Card ,7.0
ORD02898,2025-06-12 20:01:58.829707432,Laptop,North,Wholesale,Anita,CUST1258,2.0,15015.53,15.0%,25526.4,21666.24,Completed,UPI,11.0
ORD03136,2025-07-26 06:44:01.260315080,Monitor,West,Wholesale,Anita,CUST1030,3.0,"2,365.01",0.0,7095.03,6258.48,Pending,Net Banking,12.0
ORD01380,2024-09-08 17:31:49.377344336,Printer,North,Retail,Karthik,CUST1155,1.0,16121.7,5.0,15315.61,10193.32,Returned,Card,3.0
ORD02090,2025-01-16 08:06:28.897224308,Smartphone,West,Retail,Rahul,CUST1009,5.0,11252.39,20.0,45009.56,32696.56,Pending,Net Banking,12.0
ORD02176,2025-02-01 00:52:55.993998500,Printer,West,Retail,Rahul,CUST1167,500,60631.23,0.0,12000000,22000000,Completed,Card,3.0
ORD02911,2025-06-15 04:59:14.088522136,Smartphone,East,Wholesale,Meena,CUST1195,8.0,1011.11,5.0,7684.44,5851.48,Completed,UPI,7.0
ORD03918,2025-12-16 00:45:00.675168792,Tablet,,Wholesale,Divya,CUST1002,1.0,1578.57,15.0,1341.78,1025.01,Returned,Card,6.0
ORD03228,2025-08-12 01:47:40.015003752,Tablet,North,Wholesale,Priya,CUST1273,8.0,2865.99,0.0,22927.92,15999.34,Pending,Net Banking,11.0
ORD00442,2024-03-21 12:03:46.856714179,Monitor,South,Online,Anita,CUST1080,2.0,1488.77,15.0,2530.91,1710.96,Cancelled,UPI,4.0
ORD02052,2025-01-09 09:37:35.063765944,Mouse,West,Retail,Arun,CUST1217,8.0,2543.33,15.0,17294.64,11996.63,Pending,Cash,10.0
ORD01302,2024-08-25 11:48:17.824456116,Tablet,North,Online,Divya,CUST1183,2.0,23969.27,20.0,38350.83,27972.97,Cancelled,UPI,7.0
ORD03374,2025-09-07 17:26:03.690922736, smartphone,West,Retail,Divya,CUST1109,2.0,58547.6,20.0,93676.16,62624.27,Pending,Cash,5.0
ORD01305,2024-08-26 00:56:53.653413356,Laptop,North,Online,Karthik,CUST1071,8.0,16117.67,0.0,128941.36,85832.71,Cancelled,Cash,7.0
ORD00237,2024-02-13 01:56:18.544636159,Printer,west,Online,Meena,CUST1106,4.0,45954.57,15.0,156245.54,136368.89,Cancelled,UPI,10.0
ORD00521,2024-04-04 22:10:10.352588148,Mouse,South ,Retail,Arun,CUST1121,1.0,55781.93,20.0,44625.54,37828.21,Returned,Net Banking,11.0
ORD00736,2024-05-14 04:06:18.094523632,Monitor,North,Wholesale,Meena,CUST1036,7.0,56326.92,10.0,354859.6,296170.19,Cancelled,Card,11.0
ORD03531,2025-10-06 09:15:58.739684928,Keyboard,South,Wholesale,Divya,CUST1141,6.0,25511.02,5.0,145412.81,113430.37,Cancelled,Cash,5.0
ORD02107,2025-01-19 10:35:11.927981996, headset,West,Online,Karthik,,1.0,55878.03,15.0,47496.33,33648.07,Returned,Cash,1.0
ORD00593,2024-04-18 01:36:30.247561892,Tablet,West,Retail,Anita,CUST1022,3.0,2142.26,5.0,6105.44,5399.08,Cancelled,Cash,8.0
ORD01304,2024-08-25 20:34:01.710427608,Keyboard,North,Online,Arun,CUST1286,3.0,2092.17,0.0,6276.51,4513.08,Completed,UPI,11.0
ORD01388,2024-09-10 04:34:44.921230308,Laptop,North,Online,Suresh,CUST1292,1.0,55922.23,10.0,50330.01,38160.41,pendng,Net Banking,3.0
ORD02584,2025-04-16 12:22:08.732183048,Smartphone,West,Retail,Arun,CUST1021,2.0,10743.3,0.0,21486.6,14666.5,Completed,Net Banking,12.0
ORD03497,2025-09-30 04:18:32.678169544,Printer,West,Online,Anita,CUST1052,7.0,13595.72,10.0,85653.04,57459.89,Completed,Cash,7.0
ORD03714,2025-11-08 19:00:24.306076520,Keyboard,South,Wholesale,Karthik,CUST1067,5.0,47092.28,10.0,211915.26,154148.85,Returned,UPI,7.0
ORD00905,2024-06-14 00:30:36.459114780,Smartphone,West,on-line,Divya,CUST1147,8.0,1588.82,5.0,12075.03,8145.8,Returned,Net Banking,10.0
ORD03379,2025-09-08 15:20:23.405851464,Monitor,North,Wholesale,Divya,CUST1096,2.0,2018.29,20.0,3229.26,2561.06,Returned,Net Banking,3.0
ORD01280,2024-08-21 11:25:15.078769692,Smartphone,West,Retail,Arun,CUST1221,2.0,18648.75,0.0,37297.5,28911.38, completed,Net Banking,1.0
ORD03181,2025-08-03 11:52:58.694673672,Mouse,East,Retail,Karthik,CUST1074,2.0,18554.0,5.0,35252.6,27018.7,Pending,Cash,1.0
ORD03836,2025-12-01 01:30:01.350337584,Mouse,South,Online,Priya,CUST1088, 8.0 ,60341.49,20.0,386185.54,305217.48,Completed,Net Banking,6.0
ORD02309,2025-02-25 07:34:04.411102776,Smartphone,West,Retail,Karthik,CUST1072,8.0,31112.97,5.0,236458.57,205452.27,Pending,UPI,5.0
ORD03163,2025-07-31 05:01:23.720930232,Laptop,South,Wholesale,Meena,CUST1032,6.0,18685.27,5.0,106506.04,74376.88,Returned,Cash,7.0
ORD03267,2025-08-19 04:39:25.791447864,Headset,East,Wholesale,Karthik,CUST1225,4.0,2883.57,0.0,11534.28,,Completed,Card,3.0
ORD03156,2025-07-29 22:21:20.120030008,Headset,South,Online,Rahul,CUST1238,8.0,2375.59,15.0,"₹16,154.01",12617.31,Pending,Net Banking,9.0
ORD00707,2024-05-08 21:03:11.747936984,Laptop,West,Online,Divya,CUST1224,7.0,825.4,20.0,4622.24,3070.42,Pending,Net Banking,1.0
ORD03515,2025-03-10 00:00:00,Tablet,South,Online,Arun,CUST1080,3.0,26825.49,20.0,64381.18,44297.93,Returned,Cash,8.0
ORD00746,2024-05-15 23:54:57.524381096,Printer,East,Retail,Anita,CUST1092,3.0,,20.0,60850.66,45231.08,Cancelled,Cash,9.0
ORD01940,2024-12-19 22:56:37.449362344,Smartphone,South,Online,Priya,CUST1063,8.0,12246.42,5.0,93072.79,65881.12,Cancelled,UPI,7.0
ORD02634,2025-04-25 15:25:25.881470368,Mouse,East,Wholesale,Anita,Cust1175,5.0,11096.59,10.0,,38317.44,Pending,UPI,2.0
ORD00514,2024-04-03 15:30:06.751687922,Headset,North,Retail,Divya,CUST1295,6.0,31649.39,15.0,161411.89,138997.81,Pending,UPI,7.0
ORD00082,2024-01-15 18:52:07.381845461,Monitor,North,Wholesale,Suresh,CUST1120,8.0,12576.85,10.0,90553.32,70988.7,Returned,UPI ,6.0
ORD01309,2024-08-26 18:28:21.425356340,Mouse,East,Retail,Priya,CUST1147,6.0,1709.43,5.0,9743.75,6992.1,Returned,UPI,8.0
ORD03306,2025-08-26 07:31:11.567891976,Tablet,North,Online,Meena,,3.0,2039.46,0.0,6118.38,5145.7,Pending,UPI,6.0
ORD00915,2024-06-15 20:19:15.888972244,Printer,South,Wholesale,Meena,CUST1040,6.0,13290.45,20.0,63794.16,46136.29,Pending,Cash,11.0
ORD03674,2025-11-01 11:45:46.586646664,Laptop,East,Wholesale,Priya,CUST1007,5.0,11805.39,10.0,53124.25,40783.29,Cancelled,UPI,2.0
ORD03658,2025-10-29 13:39:55.498874720,Monitor,West,Wholesale,Meena,CUST1055,2.0,10126.87,,18228.37,16357.0,Returned,Card,8.0
ORD00775,2024-05-21 06:58:03.870967742,Printer,South,Retail,Divya,CUST1288,3.0,18383.83,0.0,55151.49,44578.28,Pending,Card,9.0.0
ORD00330,2024-03-01 01:22:49.242310578,Headset,East,Wholesale,Karthik,CUST1161,3.0,947.28,0.0,2841.84,2252.71,Completed,UPI,8.0
ORD02055,2025-01-09 00:00:00,Keyboard,East,Online,Anita,CUST1087,8.0,17108.08,10.0,123178.18,97830.61,Pending,Cash,6.0
ORD02002,2024-12-31 06:34:17.914478620,Monitor,East,Retail,Anita,CUST1030,1.0,1968.58,10.0,1771.72,1219.78,Returned,Net Banking,8.0
ORD00944,2024-06-21 03:22:22.235558890,Headset,South,Retail,Suresh,CUST1062,1.0,12350.39,15.0,10497.83,7470.99,Completed,Net Banking,3.0
ORD00823,2024-05-30 01:15:37.134283572,Smartphone,South,Online,Priya,CUST1251,6.0,2130.21,0.0,12781.26,10721.15,Pending,UPI,10.0
ORD00910,2024-06-14 22:24:56.174043512,Smartphone,East,Retail,Arun,CUST1280,4.0,2612.2,15.0,8881.48,6621.01,Pending,Net Banking,3.0
ORD02517,2025-04-04 06:50:08.552138040,Smartphone,East,Online,Divya,CUST1035,3.0,12278.28,5.0,34993.1,27999.58,Pending,UPI,9.0
ORD00182,2024-02-03 00:58:41.680420105,Monitor,South,Online,Suresh,CUST1091,1.0,1772.95,0.0,1772.95,1394.26,Completed,Net Banking,8.0
ORD00165,2024-01-30 22:29:58.649662416,Tablet,West,Wholesale,Anita,CUST1256,6.0,873.95,5.0,4981.52,3546.51,Cancelled,Net Banking,1.0
ORD01524,2024-10-05 00:24:29.167291824,Keyboard,East,Online,Meena,CUST1232,2.0,53470.03,15.0,90899.05,66959.06,Pending,Cash,2.0.0
ORD00452,2024-03-23 07:52:26.286571643,Smartphone,NORTH,Wholesale,Priya,CUST1052,2.0,48692.42,10.0,87646.36,69745.5,Pending,Net Banking,4.0
ORD02539,2025-04-08 07:13:11.297824456,Monitor,West,Online,Karthik,CUST1180,3.0,2602.77,10.0,7027.48,-4983.55,Completed,cash ,6.0
ORD01312,2024-08-27 07:36:57.254313580,Monitor,North,Retail,Meena,CUST1256,5.0,53689.58,0.0,268447.9,235559.22,Returned,Cash, 8.0 
ORD01112,2024-07-21 19:23:48.657164292,Mouse,East,Retail,Divya,CUST1152,6.0,2136.88,0.0,12821.28,9109.18,Completed,Cash,3.0
ORD03769,2025-11-18 19:58:01.170292576, mouse,North,Retail,Priya,CUST1123,7.0,2760.14,5.0,18354.93,13541.24,Completed,Card,12.0
ORD01288,2024-08-22 22:28:10.622655664,Monitor,West,Online,Suresh,CUST1252,5.0,2253.43,5.0,10703.79,8671.34,Completed,Cash,11.0
ORD00328,2024-02-29 16:37:05.356339085,Headset,South,Wholesale,Priya,CUST1242,8.0,1755.72,0.0,14045.76,9577.73,Pending,UPI,11.0
ORD01791,2024-11-22 18:09:37.944486124,Monitor,North, wholesale,Rahul,CUST1142,7.0,27830.46,20.0%,155850.58,133962.55,Returned,Cash,4.0
ORD02491,2025-03-30 12:55:38.034508632,Monitor,East,Wholesale,Suresh,CUST1295,4.0,25780.09,10.0,92808.32,65948.52,Cancelled,UPI,
ORD03535,2025-10-07 02:47:26.511627912,Laptop,West,Online,Suresh,CUST1275,3.0,13136.15,10.0,35467.6,24675.9,Cancelled,Net Banking,5.0
ORD02008,2025-01-01 08:51:29.572393100,Tablet,West,Wholesale,Arun,CUST1049,3.0,23120.72,0.0,69362.16,49590.96,Cancelled,Card,11.0
ORD01859,2024-12-05 04:04:30.067516880,Monitor,South,Retail,Anita,CUST1157,4.0,26386.92,0.0,105547.68,70688.96,Pending,NetBanking,5.0
ORD00313,2024-02-26 22:54:06.211552888,Printer,South,Retail,Divya,CUST1122,7.0,1876.63, 5.0 ,12479.59,9262.71,Completed,Net Banking,5.0
ORD00833,2024-05-31 21:04:16.564141036,Monitor,South,Retail,Priya,CUST1273,1.0,14126.12,20.0,11300.9,9751.05,Completed,Net Banking,2.0
ORD01202,2024-08-07 00:00:00,Printer,West,Online,Priya,CUST1144,4.0,870.72,15.0,2960.45,2154.63,Cancelled,Cash,11.0
ORD03065,2025-07-13 07:40:33.308327088,Monitor,North,Online,Anita,CUST1101,unknown,10493.46,0.0,73454.22,52972.88,Returned,cash ,2.0
ORD02608,2025-04-20 21:30:55.363840960,Laptop,West,Retail,Karthik,CUST1061,7.0,21158.54,15.0,125893.31,100973.09,Cancelled,Card,2.0
ORD02135,2025-01-24 13:15:26.331582896,Monitor,South,Online,Arun,CUST1288,5.0,2003.29,10.0,9014.81,7979.24,Completed,Net Banking ,6.0
ORD02210,2025-02-07 05:50:22.055513880,Headset,East,Online,Meena,CUST1217,5.0,1693.32,15.0,7196.61,4996.39,Returned,Cash,1.0
ORD03910,2025-12-14 13:42:05.131282824,Keyboard,East,Online,Arun,CUST1199,3.0,25215.08,10.0%,68080.72,53899.61,Cancelled,UPI,10.0
ORD01482,2024-09-27 08:24:07.561890472,Laptop,North,Wholesale,Priya,,5.0,11289.84,10.0,50804.28,45451.1,Pending,Card,5.0
ORD00778,2024-05-21 20:06:39.699924982,Headset,South,Wholesale,Karthik,CUST1129,7.0,13531.63,10.0,85249.27,59931.19,Completed,cash ,11.0
ORD00800,2024-05-25 20:29:42.445611404,Smartphone,East,Online,Suresh,CUST1064,2.0,2127.09,5.0,4041.47,3530.42,Cancelled,UPI,6.0
ORD00055,2024-01-10 20:34:44.921230307,Laptop,East,Wholesale,Suresh,CUST1204,2.0,1624.26,20.0,2598.82,1739.25,Pending,UPI,10.0
ORD01921,2024-12-16 11:42:10.532633160,Printer,North,Online,Divya,CUST1101,4.0,910.23,15.0,3094.78,2036.88,Returned,UPI,1.0
ORD03436,2025-09-19 01:03:44.156039016,Printer,East,Online,Meena,CUST1204,5.0,22024.33,20.0,88097.32,59089.4,Returned,Cash,11.0
ORD02955,2025-06-23 05:45:19.579894976,Monitor,West,Wholesale,Karthik,CUST1223,8.0,809.43,20.0,5180.35,3580.35,Cancelled,UPI,6.0
ORD01702,2024-11-06 12:14:35.018754692,Smart Phone,East,Online,Karthik,CUST1178,2.0,64878.07,10.0,116780.53,85443.62,Cancelled,Net Banking,11.0
ORD02162,2025-01-29 11:32:48.792198052,monitor ,South,Wholesale,Meena,CUST1293,8.0,955.81,20.0,6117.18,4712.18,Returned,Cash,10.0
ORD03741,2025-11-13 17:17:46.766691680,Monitor,North,Online,Meena,CUST1039,8.0,11321.62,20.0,72458.37,49602.2,return,UPI,12.0
ORD00988,2024-06-29 04:08:27.726931734,Smartphone,West,Online,Rahul,CUST1018,5.0,51014.77,15.0,216812.77,191916.12,Returned,UPI,6.0
ORD03133,2025-07-25 17:35:25.431357840,Tablet,West,Retail,Meena,CUST1045,4.0,2021.96,0.0,8087.84,6269.85,Pending,Net Banking,7.0
ORD03602,2025-10-19 08:19:26.691672920,Mouse,South,whole-sale,Suresh,CUST1273,6.0,55364.31,5.0,315576.57,214008.98,Returned,Cash,5.0
ORD01395,2024-09-11 11:14:48.522130532,Printer,North,Retail,Anita,CUST1016,7.0,63938.31,15.0,380432.94,341896.92,Cancelled,Cash,2.0
ORD00769,2024-05-20 04:40:52.213053264,Laptop,South,Retail,Priya,CUST1070,4.0,10622.57,15.0,36116.74,29625.82,Cancelled,Net Banking,8.0
ORD03530,2025-10-06 04:53:06.796699176,key board,South,Wholesale,Karthik,CUST1115,3.0,25164.93,20.0,60395.83,53009.79,Pending,UPI,7.0
ORD00286,2024-02-22 00:36:43.750937734,Printer,WEST,ONLINE,Priya,CUST1144,5.0,15075.54,15.0,64071.05,54198.55,Returned,Card,7.0
ORD03999,2025-12-30 19:37:08.057014256,Smartphone,East,Retail,Divya,CUST1213,8.0,49248.48,10.0,354589.06,270846.54,Returned,UPI,10.0
ORD00429,2024-03-19 00:00:00,Mouse,East,Retail,Anita,CUST1277, 1.0 ,18329.47,0.0,18329.47,14077.34,canceled,Net Banking,3.0
ORD02333,2025-03-01 16:42:51.042760696,Monitor,East,Wholesale,Arun,CUST1226,8.0,13423.71,5.0,102020.2, 84406.13 , pending,Cash,11.0
ORD02080,2025-01-14 12:17:49.467366844,Keyboard,South,Retail,Arun,CUST1105,3.0,64061.11,15.0,163355.83,129285.72,Completed,UPI,9.0
ORD00723,2024-05-11 19:09:02.835708928,Keyboard,North,Wholesale,Rahul,CUST1099,2.0,24915.69,5.0,47339.81,32867.44,Completed,Cash,11.0.0
ORD00952,2024-06-22 14:25:17.779444862,Mouse,West,Online,Priya,CUST1136,8.0,2734.89,10.0,19691.21,12973.12,Cancelled,UPI,6.0
ORD03029,2025-07-06 17:57:23.360840216,Printer,North,Wholesale,Karthik,CUST1252,4.0,1781.79,15.0,6058.09,4680.35,Cancelled,UPI,4.0
ORD02263,2025-02-16 22:02:15.033758440,Headset,South,Wholesale,Suresh,CUST1232,5.0,13339.9,20.0,53359.6,40415.54,COMPLETED,Net Banking,11.0
ORD00990,2024-06-29 12:54:11.612903226,Tablet,East,Wholesale,Divya,CUST1236,2.0,13610.19,5.0,25859.36,22251.55,Pending,Cash,11.0
ORD03720,2025-11-09 21:17:35.963991,Laptop,West,Online,Priya,CUST1255,2.0,11047.88,15.0,18781.4,12806.14,Completed,UPI,7.0
ORD02688,2025-05-05 12:00:10.802700680,SMARTPHONE,East,Retail,Karthik,CUST1099,3.0,2485.76,0.0,7457.28,6327.53,Returned,Card,6.0
ORD00327,2024-02-29 12:14:13.413353339,Mouse,North,Wholesale,Rahul,CUST1216,2.0,928.14,5.0,1763.47,1474.9,Cancelled,Cash,5.0.0
ORD02609,2025-04-21 01:53:47.306826712,Mouse,North,Retail,Arun,CUST1072,7.0,14700.7,5.0,97759.65,81687.23,Pending,UPI,7.0
ORD01384,2024-09-09 00:00:00,Tablet,South,Online,Karthik,CUST1288,4.0,909.61,10.0,"3,274.60",2326.52,Cancelled,UPI,1.0
ORD01725,2024-11-10 17:00:29.707426860,Monitor,East,Wholesale,Karthik,CUST1118,3.0,56844.53,20.0,136426.87,90496.99,Pending,Card,1.0
ORD01087,2024-07-17 05:52:10.082520632,,West,Online,Arun,CUST1160,5.0,48562.65,20.0,194250.6,167819.76,Cancelled,Cash,2.0
ORD03197,2025-08-06 00:00:00,Printer,North,Retail,Anita,CUST1042,3.0,23981.27,10.0,64749.43,53311.46,Pending,Card,
ORD00342,2024-03-03 05:57:12.558139535,Laptop,East,Retail,Divya,CUST1219,2.0,48483.57,5.0,92118.78,75275.86,Completed,UPI,1.0
ORD00148,2024-01-27 20:01:15.618904726,Smartphone,East,Wholesale,Rahul,CUST1157,6.0,1558.34,0.0,,7298.27,Returned,Net Banking,3.0
ORD03096,2025-07-18 23:29:23.540885224,Printer,West,Retail ,Priya,CUST1224,5.0,1927.94,20.0,7711.76,6251.94,Returned,Card,4.0
ORD01108,2024-07-21 01:52:20.885221306,Tablet,East,Online,Suresh,CUST1233,7.0, 30284.84 ,,211993.88,153947.36,Completed,Net Banking,11.0
ORD00849,2024-06-03 19:10:07.651912980,Laptop,East,Wholesale,Meena,CUST1057,6.0,18244.43,15.0,"₹93,046.59",63624.47,Pending,Cash,1.0
ORD00967,2024-06-25 08:08:16.924231058,Mouse,west,Online,Divya,CUST1155,8.0,1839.31,10.0,"₹13,243.03",10605.97,canceled,Net Banking,2.0
ORD03263,2025-08-18 11:07:58.019504880,Mouse,South,Wholesale,Anita,CUST1152,7.0,18567.95, 5.0 ,123476.87,111084.76,Pending,UPI,11.0
ORD02204,2025-02-06 03:33:10.397599400,Headset,North,Wholesale,Priya,CUST1088,1.0,2904.08,15.0,2468.47,1692.48,Pending,UPI,6.0
ORD00662,2024-04-30 15:54:14.313578396,Printer,South,Online,Meena,CUST1084,3.0,2040.92,5.0,5816.62,4099.57,Returned,Net Banking,5.0
ORD01003,2024-07-01 21:51:26.871717930,Headset,South,Wholesale,Arun,CUST1178,1.0,826.11,5.0,784.8,659.11,Completed,Net Banking,10.0
ORD03848,2025-12-03 06:04:24.666166544,Monitor,East,Online,Suresh,CUST1130,2.0,32394.82,20.0,51831.71,42477.67,Pending,Cash,10.0
ORD03341,2025-09-01 16:51:29.572393104,Smartphone,South,Online,Rahul,CUST1129,6.0,12671.48,20.0,60823.1,43080.81,Pending,Net Banking,5.0
ORD03103,2025-07-20 06:09:27.141785448,Monitor,South,Retail,Priya,CUST1190,1.0,10230.61,10.0,9207.55,8166.77,Cancelled,Net Banking,9.0
ORD03890,2025-12-10 22:04:46.271567896,Smartphone,South,Retail,Priya,CUST1196,8.0,25146.6,15.0,170996.88,133301.4,Completed,Cash,9.0
ORD01880,2024-12-09 00:04:40.870217556,Smartphone,East,Online,Priya,CUST1228,3.0,11697.42,10.0,31583.03,27089.94,Cancelled,Net Banking ,6.0
ORD03757,2025-11-16 15:23:37.854463616,Monitor,East,Retail,Divya,CUST1150,5.0,23187.49,20.0,92749.96,62904.37,Pending,Upi,9.0
ORD01204,2024-08-07 14:27:27.411852964,Headset,West,Wholesale,Suresh,CUST1022,5.0,11415.04,0.0,57075.2,40207.95,Completed,UPI,10.0
ORD01991,2024-12-29 06:22:46.541635412,Laptop,West,Online,Meena,CUST1197,3.0,2015.37,15.0,5139.19,4375.57,Completed,Card,5.0
ORD00025,2024-01-05 09:08:46.631657914,Monitor,South,Wholesale,Priya,CUST1215,7.0,15252.24,0.0,106765.68,74331.72,Cancelled,Cash,4.0
ORD03748,2025-11-14 23:57:50.367591904,Headset,North,Online,Divya,CUST1054,3.0,24860.02,10.0,67122.05,44943.89,Pending,Net Banking,11.0
ORD02684,2025-05-04 18:28:43.030757688,Smartphone,East,Retail,Priya,CUST1026,2.0,57204.56,0.0,114409.12,84976.62,Pending,Card,8.0
ORD02752,2025-05-17 00:00:00,Laptop,East,Wholesale,Anita,CUST1246,1.0,1626.89,20.0,1301.51,1006.07,Completed,Cash,6.0
ORD03049,2025-07-10 09:34:42.220555144,Tablet,North,Retail,Karthik,CUST1222,2.0,10065.85,0.0,20131.7,17376.39,Cancelled,Card,11.0
ORD00876,2024-06-08 17:27:30.112528132,Smartphone,East,Wholesale,Priya,CUST1104,1.0,22279.66,0.0,22279.66,15680.44,Pending,Net Banking,10.0
ORD03588,2025-10-16 18:59:19.489872472,Headset,East,Online,Arun,CUST1132,1.0,10258.26,0.0,10258.26,7888.75,Completed,Card,6.0
ORD00939,2024-06-20 05:28:02.520630158,Mouse,East,Wholesale,Priya,CUST1231,7.0,12390.3,5.0,82395.49,64028.72,Pending,UPI,9.0
ORD02395,2025-03-13 00:20:31.507876968,Printer,North,Online,Arun,CUST1197,4.0,21944.22,5.0,83388.04,61084.99,Pending,UPI,1.0
ORD03337,2025-08-31 23:20:01.800450112,Smartphone,North,Retail,Meena,CUST1128,6.0,25443.19,0.0,152659.14,101642.49,,Net Banking,3.0
ORD03961,2025-12-23 21:08:14.223555896,Tablet,South,Wholesale,Divya,CUST1093,8.0,23170.87,10.0,166830.26,138138.46,Pending ,Cash,11.0
ORD00386,2024-03-11 06:43:18.049512378,Tablet,West,Retail,Arun,CUST1113,3.0,18916.2,20.0,45398.88,39116.27,Returned,Card, 2.0 
ORD03040,2025-07-08 18:08:54.733683424,Mouse,East,Online,Priya,CUST1127,6.0,916.75,20.0,4400.4,3252.51,Returned,Card,2.0
ORD03327,2025-08-30 03:31:22.370592648,Mouse,WEST,Retail,Meena,CUST1121,2.0,51448.27,15.0,87462.06,60749.65,Pending,Cash,1.0
ORD02910,2025-06-15 00:36:22.145536384,Keyboard,South,Wholesale,Priya,CUST1057,6.0,2077.84,20.0,9973.63,7721.44,Cancelled,Cash,2.0
ORD02292,2025-02-22 05:05:21.380345088,Monitor,South,Online,Arun,CUST1038,8.0,60581.44,20.0,387721.22,326253.7,Completed,Cash ,2.0
ORD03233,2025-08-12 23:41:59.729932488,Mouse,East,Online,Suresh,CUST1117,8.0,24466.81,0.0,195734.48,129936.37,Cancelled,Net Banking,8.0
ORD00937,2024-06-19 20:42:18.634658666,Printer,North,Retail,Karthik,CUST1102,7.0,2505.27,20.0,14029.51,12067.84,canceled,Net Banking ,2.0
ORD03430,2025-09-17 22:46:32.498124536,Laptop,South,Wholesale,Rahul,CUST1067,3.0,32128.63,0.0,96385.89,77925.33,Returned,Card,11.0
ORD02361,2025-03-06 19:23:05.446361592,Monitor,East,Wholesale,Rahul,CUST1251,5.0,20772.53,5.0,98669.52,65485.3,Pending,UPI,6.0
ORD03897,2025-12-12 04:44:49.872468120,Headset,North,Wholesale,Meena,CUST1240,7.0,14615.99,10.0,92080.74,74867.72,Returned,Net Banking,12.0
ORD01333,2024-08-31 03:37:08.057014256,Monitor,South,Retail,Suresh,CUST1173,2.0,1869.82,0.0,3739.64,"₹2,706.85",Pending,Net Banking,1.0
ORD01935,2024-12-19 01:02:17.734433612,Printer,East,Online,Arun,CUST1207,3.0,1902.49,0.0,5707.47,3809.89,Pending,Net Banking,10.0
ORD00936,2024-06-19 16:19:26.691672920,Headset,North,Online,Divya,CUST1283,5.0, 24516.86 ,10.0,110325.87,77600.77,Cancelled,Net Banking,12.0
ORD02419,2025-03-17 09:29:18.139534888,Headset,North,Wholesale,Priya,CUST1089,,21028.72,15.0,53623.24,40398.63,Pending,Cash,4.0
ORD00567,2024-04-13 07:41:59.729932484,Tablet,North,Wholesale ,Meena,CUST1045,4.0,764.26,10.0,2751.34,1939.82,Returned,Net Banking,4.0
ORD01855,2024-12-04 10:33:02.295573896,Monitor,East,Online,Suresh,CUST1237 ,2.0,1658.49,20.0,2653.58,2363.92,Pending,Cash,8.0
ORD03210,2025-08-08 18:56:05.041260320,Tablet,East,Wholesale,Divya,CUST1173,5.0,984.87,5.0,4678.13,3631.53,Completed,Card,4.0.0
ORD02468,2025-03-26 08:09:43.345836464,Tablet,South,Retail,Anita,CUST1097,1.0,1792.9,20.0,1434.32,1058.4,Cancelled,Upi,7.0
ORD01646,2024-10-27 06:54:06.211552888,Smartphone,North,Wholesale,Divya,CUST1228,3.0,2110.28,5.0,6014.3,5228.46,Completed,Cash,8.0
ORD03314,2025-08-27 18:34:07.111777944,Printer,North,Wholesale,Anita,CUST1119,6.0,31102.94,0.0,186617.64,153627.3,Returned,Cash,1.0
ORD01793,2024-11-23 02:55:21.830457616,Keyboard,South,Online,Karthik,Cust1054,4.0,2416.12,20.0,7731.58,5659.97,Completed,Net Banking, 3.0 
ORD01431,2024-09-18 00:57:58.469617404,Keyboard,South,Retail,Arun,CUST1160,5.0,31697.05,20.0,126788.2,91366.07,Returned,UPI,11.0
ORD03072,2025-07-14 14:20:36.909227312,Headset,West,Retail,Divya,CUST1267,3.0,24052.68,5.0,68550.14,59568.92,Cancelled,UPI, 12.0 
ORD01014,2024-07-03 22:02:58.244561142,Laptop,East,Wholesale,Suresh,CUST1254,5.0,12997.15,0.0,64985.75,58183.32,complete,Net Banking,7.0
ORD01929,2024-12-17 22:45:06.076519132,Printer,South,Online,Karthik,CUST1216,8.0,2369.2,5.0,18005.92,14182.65,Cancelled,Cash,2.0
ORD02982,2025-06-28 04:02:42.040510128,Smartphone,North,Wholesale,Divya, CUST1162,7.0,"11,595.92",0.0,81171.44,68424.2,Completed,UPI,3.0
ORD00127,2024-01-24 00:01:04.816204051,Smartphone,North,Online,Meena,CUST1225,2.0,2816.02,10.0,5068.84,3696.35,Returned,Card,6.0
ORD02773,2025-05-21 00:23:45.956489128,Laptop,North,Retail,Priya,CUST1061,3.0,"₹12,544.56",20.0,30106.94,20136.11,Cancelled,UPI,6.0
ORD01348,2024-09-02 21:20:07.201800452,Printer,North,Online,Rahul,CUST1255,3.0,17502.9,15.0,44632.4,34802.47,Completed,Net Banking,10.0
ORD00356,2024-03-05 19:17:19.759939985,Printer,West,Wholesale,Karthik,CUST1297 ,1.0,60152.51,20.0,48122.01,38445.14,Pending,Card,2.0
ORD00828,2024-05-30 23:09:56.849212304,Monitor,,Online,Rahul,CUST1274,7.0,18734.13,0.0,131138.91,115958.2,Returned,Card,10.0
ORD01640,2024-10-26 04:36:54.553638412,Mouse,North,Online,Arun,Cust1218,8.0,51705.84,10.0,372282.05,315654.06,Pending,Card,6.0
ORD00985,2024-06-28 14:59:51.897974494,Headset,North,Online,Rahul,CUST1225,5.0,26331.87,15.0,"₹111,910.45",73474.71,Completed,Net Banking,3.0
ORD02189,2025-02-03 09:50:11.252813204,Monitor,North,Retail,Arun,CUST1185,3.0,11493.63,5.0,32756.85,28163.9,Returned,Cash,3.0
ORD03387,2025-09-10 02:23:18.949737440,key board,West,Retail,Anita,CUST1026,8.0,15734.97,20.0,100703.81,69604.73,Completed,Card,1.0
ORD02444,2025-03-21 23:00:56.714178544,Mouse,West,Online,Anita,CUST1051,1.0,14151.82,10.0,12736.64,10456.37,Pending,Net Banking,12.0
ORD00363,2024-03-07 01:57:23.360840210,key board,North,Wholesale,Anita,CUST1116,1.0,924.13,0.0,924.13,795.17,Cancelled,Card,12.0
ORD02350,2025-03-04 19:11:34.073518384,Printer,South,Online,Anita,CUST1198,7.0,10437.77,20.0,58451.51,52354.13,Returned,Cash,10.0
ORD00346,2024-03-03 23:28:40.330082521,Headset,South,Retail,Anita,CUST1024,3.0,51508.85,15.0,131347.57,99345.93,Completed,Cash,11.0
ORD02727,2025-05-12 14:51:56.579144792,Printer,South,Online,Rahul,CUST1013,2.0,2242.19,20.0,3587.5,2700.62,Pending,UPI ,5.0
ORD03377,2025-09-08 06:34:39.519879976,Laptop,South,Wholesale,Meena,CUST1267,1.0,20450.12,10.0,18405.11,12361.14,Completed,Card,5.0
ORD00712,2024-05-09 18:57:31.462865718,Monitor,South,Retail,Priya,CUST1127,1.0,2087.42,15.0,,1219.1,Pending,Cash,10.0
ORD02891,2025-06-11 13:21:55.228807208, laptop,South,Wholesale,Suresh,CUST1212,1.0,1898.68,5.0,1803.75,1355.16,Cancelled,Cash,3.0
ORD03786,2025-11-21 22:26:44.201050264,Printer,East,Retail,Meena,CUST1120,8.0,26661.07,10.0,191959.7,150798.74,Completed,Net Banking,5.0
ORD00011,2024-01-02 19:48:39.429857464,,East,Wholesale,Arun,CUST1059,7.0,29127.48,15.0,173308.51,118694.4,Cancelled,Cash,2.0
ORD03204,2025-08-07 16:38:53.383345840,Monitor,North,Retail,Suresh,CUST1265,4.0,20646.26,15.0,70197.28,51149.03,Completed,Net Banking,12.0
ORD02117,2025-01-21 06:23:51.357839460,Printer,West,,Arun,CUST1123,4.0, 52200.71 ,20.0,167042.27,146635.52,Cancelled,Net Banking,11.0
ORD01835,2024-11-30 18:55:43.435858968,Printer,East,Wholesale,Priya,CUST1223,7.0,9947.88,10.0,62671.64,47772.07,Pending,Card,5.0
ORD00794,2024-05-24 18:12:30.787696924,Headset,North,Retail,Meena,CUST1297,3.0,58863.86,10.0,158932.42,119370.91,Pending,UPI,2.0
ORD03679,2025-11-02 09:40:06.301575400,Keyboard,East,Online,Divya,CUST1085,8.0,unknown,5.0,133901.51,118696.15,Completed,Cash,1.0
ORD02675,2025-05-03 03:02:55.543885976,Mouse,South,ONLINE,Anita,CUST1046,4.0,21603.55,5.0,82093.49,67581.6,Cancelled,Cash,6.0
ORD00095,2024-01-18 03:49:22.640660165,mouSE,South,Retail,Arun,CUST1136,7.0,"15,160.11",20.0,84896.62,60315.91,Completed,Net Banking,6.0
ORD00130,, printer,East,Online,Priya,,5.0,28706.22,20.0,114824.88,77425.74,Cancelled,UPI,6.0
ORD02372,2025-03-08 19:34:36.819204800,Tablet,North,Retail,Suresh,CUST1276,7.0,9993.75,10.0,62960.62,56575.32,Cancelled,Cash,10.0
ord02966,2025-06-25 05:56:50.952738184,Tablet,North,Wholesale,Meena,CUST1146,8.0,10179.67,5.0,77365.49,56687.91,Returned,Cash,
ORD03870,2025-12-07 06:27:27.411852968,Monitor,South ,Retail,Karthik,CUST1184,2.0,23308.96,15.0,39625.23,26536.01,Completed,Cash,6.0
ORD02264,2025-02-17 02:25:06.976744188,Monitor,South,Online,Priya,CUST1200,4.0,16349.24,10.0,58857.26,51692.0,Completed,Card,6.0
 ORD01901,2024-12-12 00:00:00,Printer,South,Wholesale,Karthik,,5.0,11120.26,5.0,52821.24,46724.56,Pending,Net Banking,8.0
ORD03042,2025-07-09 02:54:38.619654920,Headset,East,Wholesale,Meena,CUST1185,8.0,11470.15,15.0,77997.02,55733.29,Returned,UPI,4.0
ORD03173,2025-08-02 00:50:03.150787696,Laptop,East,Wholesale,Arun,CUST1097,8.0,21348.25,5.0,162246.7,108424.81,Returned,Cash,8.0
ORD01933,2024-12-18 16:16:33.848462116, monitor,West,Retail ,Arun,CUST1005,7.0,10297.38,5.0,68477.58,50586.06,Cancelled,Cash,8.0
ORD03361,2025-09-05 08:28:48.432108032,Tablet,East,Wholesale,Suresh,cust1085,6.0,60390.9,10.0,326110.86,218129.61,Returned,Card,7.0
ORD01866,2024-12-06 10:44:33.668417104,MOUSE,West,Retail,Karthik,CUST1162,2.0,19231.74,10.0,34617.13,30879.14,Returned,Card,3.0
ORD01659,2024-10-29 15:51:21.470367592,Headset,East,Wholesale,Suresh,CUST1291,3.0.0,27838.61,20.0,66812.66,43516.98,Returned,Card,12.0
ORD00517,2024-04-04 04:38:42.580645162,Headset,South,Wholesale,Anita,CUST1167,3.0,13542.05,0.0,40626.15,27631.54,Completed,Net Banking,3.0
ORD01858,2024-12-04 23:41:38.124531136,Keyboard,South,Online,Karthik,CUST1139,7.0,64704.16,15.0,384989.75,280260.93,Cancelled,Cash,N/A
ORD02646,2025-04-27 19:59:49.197299328,Headset,East,Retail,Meena,CUST1104,7.0,13821.86,0.0,96753.02,67347.39,Completed,Cash,9.0
ORD02244,2025-02-13 10:47:48.117029260,Laptop,South,Online,Meena,CUST1132,2.0,45598.94,20.0,72958.3,53894.88,Cancelled,Card,4.0
ORD01278,2024-08-21 02:39:31.192798200,Tablet,East,Online,Karthik,CUST1203,2.0,23688.95,5.0,45009.0,40003.05, cancelled,Net Banking,9.0
ORD03855,2025-12-04 12:44:28.267066768,Mouse,North,Online,Anita,CUST1083,1.0,912.11,,729.69,627.68,Returned,Net Banking,3.0
ORD00951,2024-06-22 10:02:25.836459116,Mouse,North,Wholesale,Suresh,CUST1229,2.0,2548.8,5.0,4842.72,3154.1,Completed,Card,10.0
ORD01121,2024-07-23 10:49:36.144036010,Mouse,West,Retail,Arun,CUST1176,7.0,2765.12,20.0,15484.67,10199.25,Cancelled,Cash,6.0
ORD02598,2025-04-19 01:42:15.933983496,Printer,East,Online,Rahul,CUST1255,4.0,25024.41,15.0,85082.99,72277.96,Completed,Cash,7.0
ORD02205,2025-02-06 07:56:02.340585148,Mouse,West,Wholesale,Arun,CUST1184,6.0,861.81,0.0,5170.86,4078.17,Pending,UPI,9.0
ORD00420,2024-03-17 11:40:44.111027757, laptop,North,Retail,Anita,CUST1069,3.0,22638.26,15.0,57727.56,46647.68,Cancelled,Net Banking,5.0
ORD00923,2024-06-17 07:22:11.432858216,Mouse,West,RETAIL,Suresh,CUST1004,8.0,17392.61,0.0,139140.88,98814.12,Cancelled,Card,9.0
ORD02914,2025-06-15 18:07:49.917479376,Keyboard,,Retail,Anita,CUST1046,4.0,12593.15,15.0,42816.71,28587.61,Cancelled,UPI, 4.0 
ORD00478,2024-03-28 01:46:56.804201051,Keyboard,North,Wholesale,Meena,CUST1119,3.0,21356.66,0.0,64069.98,47782.41,Completed,Cash,2.0
ord02036,2025-01-06 11:31:43.975994,Printer,EAST, online,Divya,CUST1030,3.0,14051.38,20.0,33723.31,27623.47,Pending,Cash,8.0
ORD02884,2025-06-10 06:41:51.627906976,Keyboard,South,Wholesale,Karthik,CUST1299,3.0,25508.6,10.0,68873.22,45926.12,Pending,Net Banking,4.0
ORD01693,2024-11-04 20:48:47.531882972,Printer ,South,Retail,Rahul,CUST1280,6.0,12481.85,5.0,71146.54,61883.01,Returned,UPI,12.0.0
ORD03841,2025-12-01 23:24:21.065266320,Mouse,North,Retail,Rahul,CUST1044,7.0,13890.22,10.0,87508.39,68472.59,Pending,Card,9.0
ORD01472,2024-09-25 12:35:28.132033008,Keyboard,North,Retail,Suresh,CUST1289,2.0,834.09,10.0,1501.36,1244.04,Completed,Card,7.0
ORD02602,2025-04-19 19:13:43.705926480,Tablet,East,Online,Anita,CUST1216,8.0,15771.0,15.0,107242.8,88949.22,Returned,UPI,11.0
ORD01203,2024-08-07 10:04:35.468867216,Mouse,South,Online,Priya,CUST1249,,957.39,10.0%,6031.56,4833.96,Pending,Net Banking,4.0
ORD02439,2025-03-21 01:06:36.999249816,Monitor,East,Wholesale,Divya,CUST1015,2.0,2590.85,15.0,4404.44,3629.35,Cancelled,UPI,3.0
ORD02627,2025-04-24 08:45:22.280570144,Headset,West,Retail,Anita,CUST1192,1.0,2677.45,20.0,2141.96,1436.84,Returned,UPI,11.0
ORD01670,2024-10-31 16:02:52.843210804,Printer,West,Retail,Priya,CUST1038,7.0,56923.68,15.0,338695.9,275540.35,Completed,Net Banking,6.0
ORD03696,2025-11-05 12:08:49.332333088,Headset,,Wholesale,Karthik,CUST1076,2.0,57967.31,0.0,115934.62,76073.32,Returned,Cash,3.0
ORD01971,2024-12-25 14:45:27.681920480,Laptop,North,Online,Anita,CUST1282,4.0,60094.2,5.0,228357.96,199697.02,Completed,UPI,2.0
ORD02152,2025-01-27 15:44:09.362340588,Tablet,North,Retail,Anita,CUST1037,5.0,24020.66,10.0,108092.97,86112.91,Pending,UPI,-3
ORD00821,2024-05-29 16:29:53.248312078,Printer,North,Wholesale,Suresh,CUST1126,6.0,28402.77,20.0,136333.3,117315.94,Completed,UPI,4.0
ORD01998,2024-12-30 13:02:50.142535636,Smartphone,North,Retail,Meena,CUST1281,3.0,14959.69,15.0,38147.21, 29011.97 ,Returned,Net Banking,7.0
ORD03823,2025-11-28 16:32:46.091522888,Laptop,East,Retail,Karthik,CUST1024,3.0,24620.35,0.0,73861.05,60734.9,Returned,Card,2.0
ORD01249,2024-08-15 19:36:24.846211552,Smartphone,West,Wholesale,Arun,CUST1087,1.0,925.04,0.0,925.04,801.45,Cancelled,Cash,1.0
ORD03407,2025-09-13 18:00:37.809452368,Headset,South,Retail,Rahul,CUST1137,4.0,12369.24,10.0,44529.26,37800.27,Cancelled,Cash,12.0
ORD02713,2025-05-10 01:31:49.377344336,Smartphone,East,Online,Meena,CUST1036,4.0,53905.31,10.0,194059.12,154109.38,Completed,UPI,9.0
ORD03541,2025-10-08 05:04:38.169542392,Monitor,West,Retail,Karthik,CUST1074,7.0,26342.94,15.0,156740.49,131862.11,Cancelled,Cash,6.0
ORD02191,2025-02-03 18:35:55.138784700,Mouse,South,Wholesale,Priya,CUST1240,,18531.37,0.0,74125.48,49500.17,Pending,Cash,3.0
ORD03477,2025-09-26 12:41:13.818454616,Laptop,North,Online,Rahul,CUST1269,8.0,21578.44,5.0,163996.14,106888.44,Pending,Net Banking,5.0
ORD01047,2024-07-09 22:37:32.363090774,Monitor,South,Retail,Priya,CUST1252,2.0,13400.34,20.0,21440.54,16741.47,Pending,Card,1.0
ORD01889,2024-12-10 15:30:28.357089272,Mouse,South,Retail,Meena,CUST1218,5.0,1004.0,10.0,4518.0,3576.68,Returned,Card,9.0
ORD02470,2025-03-26 16:55:27.231807952,Headset,North,Wholesale,Rahul,CUST1006,3.0,2735.96,0.0,8207.88,7000.93,Pending,Cash,3.0
ORD00616,2024-04-22 06:22:24.936234060,Mouse,North,Retail,Priya,Cust1040,3.0,62803.16,15.0,160148.06,113302.94,Returned,Net Banking,4.0
ORD01319,2024-08-28 14:17:00.855213804,Laptop,South,Retail,Rahul,CUST1246,1.0,25691.1,20.0,20552.88,17269.75,Pending,Cash,1.0
ORD03845,2025-12-02 16:55:48.837209304,Printer,East,Wholesale,Anita,CUST1106,7.0,2325.62,15.0,13837.44,11892.73,Returned,UPI,6.0
ORD03885,2025-12-10 00:10:26.556639160,Laptop,South, retail,Divya,CUST1027,2.0,23997.7,20.0%,38396.32,31859.57,Completed,Cash,12.0
ORD03901,2025-12-12 22:16:17.644411104,Printer,West,Online,Priya,CUST1082,1.0,2084.04,15.0, 1771.43 ,1205.92,Pending,Card,5.0
ORD02137,2025-01-24 22:01:10.217554392,Headset,South,Retail,Suresh,CUST1195,8.0,24486.44,20.0,156713.22,120567.95,Completed,Card,7.0
ORD03257,2025-08-17 08:50:46.361590400,Headset,East,Retail,Rahul,CUST1290,8.0,2810.96,15.0,19114.53,16242.96,Returned,Cash,10.0
ORD01773,2024-11-19 00:00:00,Smartphone,North,Wholesale,Priya,CUST1189,6.0,1018.15,10.0,5498.01,3786.65,Completed,Net Banking,12.0
ORD03933,2025-12-18 18:27:59.819954992,Headset,North,Retail,Arun,CUST1083,8.0,1681.01,0.0,13448.08,12012.98,RETURNED,Cash,8.0
ORD00132,2024-01-24 21:55:24.531132783,Tablet,West,Online,Karthik,CUST1093,1.0,24372.05,10.0,21934.85,"17,100.02",Pending,Net Banking,1.0
ORD02851,2025-06-04 06:07:17.509377344,Tablet,North,Online,Anita,CUST1015,7.0,11113.61,5.0,73905.51,54589.35,Returned,Cash,10.0
ORD00078,2024-01-15 01:20:39.609902475,Monitor,North,Retail,Arun,CUST1283,2.0,2937.09,0.0,5874.18,4173.69,Returned,UPI,4.0
ORD02053,2025-01-09 14:00:27.006751688,Laptop,East,Retail,Priya,CUST1243,3.0,1667.76,20.0,4002.62,"₹3,265.96",Cancelled,Cash,2.0
ORD00725,2024-05-12 03:54:46.721680420,Laptop,East,Retail,Anita,CUST1162,1.0,1044.06,5.0,991.86,814.13,Completed,Net Banking,4.0
ORD01315,2024-08-27 20:45:33.083270820,Printer,East,Online,Rahul,CUST1214,4.0,898.0,5.0,3412.4,2548.76,Completed,Cash,1.0
ORD01852,2024-12-03 21:24:26.466616656,Laptop,West,Wholesale,Rahul,CUST1070,5.0,14014.77,15.0,59562.77,51344.73,Completed,Net Banking,5.0
ORD03904,2025-12-13 11:24:53.473368344,Keyboard,East,Wholesale,Anita,CUST1201,6.0.0,59345.31,20.0,284857.49,246014.94,Completed,UPI,3.0
ORD03043,2025-07-09 07:17:30.562640664,Keyboard,South,Wholesale,Divya,CUST1113,2.0,1633.77,15.0,2777.41,2123.17,Completed,Cash,3.0
ORD03294,2025-08-24 02:56:48.252063016,Smartphone,West,Retail,Suresh,CUST1297,7.0,14841.79,10.0,93503.28,,Pending,Net Banking,12.0
ORD01373,2024-09-07 10:51:45.776444112,Smartphone,South,Online,Rahul,CUST1092,1.0,15661.03,5.0,14877.98,12576.81,Completed,Net Banking,9.0
ORD01856,2024-12-04 14:55:54.238559640,Smartphone,West,Retail,Arun,CUST1136,4.0,741.33,15.0,2520.52,2089.54,Cancelled,Cash,1.0
ORD01320,2024-08-28 18:39:52.798199552,Headset,South, wholesale,Arun,CUST1289,4.0,2092.1,5.0,7949.98,6563.78,Returned,Net Banking,4.0
ORD02561,2025-04-12 07:36:14.043510880,Laptop,East,Online,Meena,CUST1101,2.0,51397.18,20.0,82235.49,72462.66,Cancelled,UPI,2.0
ORD03831,2025-11-30 03:35:41.635408856,Laptop,East,Wholesale,Arun,CUST1199,2.0,1500.86,10.0,2701.55,2175.74,Returned,UPI,10.0
ORD03245,2025-08-15 04:16:23.045761440,Smartphone,East,Retail,Suresh,CUST1191,3.0,14591.61,5.0,41586.09,34461.31,Completed,UPI,3.0
ORD03872,2025-12-07 15:13:11.297824456,Monitor,East,Wholesale,Priya,CUST1088,8.0,13019.32,15.0,88531.38, 64212.5 ,Returned,Net Banking,3.0
ORD00376,2024-03-09 10:54:38.619654914,Keyboard,North,Retail,Divya,CUST1006,3.0,12931.25,15.0,32974.69,29181.22,Pending,UPI,1.0
ORD01909,2024-12-14 07:07:47.216804204,Smartphone,West,Retail,Meena,CUST1011,3.0,2373.29,15.0,6051.89,5179.74,Returned,UPI,2.0
ORD00334,2024-03-01 00:00:00,Headset,East,Retail,Karthik,CUST1176,5.0,49969.96,10.0,,155195.03,Returned,Cash,4.0
ORD02987,2025-06-29 01:57:01.755438864,Headset,South,Wholesale ,Suresh,CUST1043,6.0,24416.54,0.0,146499.24,126360.46,Pending,Card,4.0
ORD03734,2025-11-12 10:37:43.165791448,Laptop,East,Retail,Karthik,CUST1186,6.0,1009.06,0.0,6054.36,4920.36,Pending,Net Banking,6.0
ORD02366,2025-03-07 17:17:25.161290328,Mouse,East,Retail,Meena,CUST1216,8.0,47483.2,0.0,379865.6,253332.82,Completed,UPI,6.0
ORD01605,2024-10-19 19:16:36.549137284,Laptop,South,Online,Arun,CUST1229,5.0,27387.24,10.0,123242.58,98919.02,Returned,Net Banking,2.0
ORD01119,2024-07-23 02:03:52.258064518,Laptop,West,Wholesale,Karthik,CUST1141,7.0,62767.59,5.0,417404.47,290652.32,Cancelled,Net Banking,10.0
ORD03772,2025-11-19 09:06:36.999249816,smartphone ,West,Retail,Meena,CUST1078,6.0,56800.14,,289680.71,259931.71, pending,Net Banking,11.0
ORD01944,2024-12-20 16:28:05.221305328,Smartphone,South,Wholesale,Priya,CUST1163,4.0,32197.52,15.0,109471.57,88546.47,Completed,Cash,12.0
ORD02998,2025-07-01 02:08:33.128282072,Mouse,East,Retail,Divya,CUST1016,5.0,12689.95,15.0,53932.29,44284.28,Returned,UPI,10.0
ORD02377,2025-03-09 17:28:56.534133536,Headset,South,Wholesale,Arun,CUST1159,2.0,15948.17,20.0,25517.07,19832.47,Completed,Card,9.0
ORD03346,2025-09-02 14:45:49.287321832,Mouse,West,Wholesale,Anita,CUST1229,4.0,13253.37,5.0,50362.81,35477.84,Cancelled,Cash,7.0
ORD01343,2024-09-01 23:25:47.486871720,Printer,South,Retail,Arun,CUST1262,5.0,20711.78,5.0,98380.95,64422.99,Completed,UPI,9.0
ORD00321,2024-02-28 09:57:01.755438860,Keyboard,East,Retail,Suresh,CUST1179,4.0,45497.41,10.0,"₹163,790.68",119652.33,Returned,Cash,4.0
ORD01620,2024-10-22 00:00:00,Monitor,East,Wholesale,Suresh,CUST1182,5.0,2604.67,20.0,10418.68,8222.63,Completed,Net Banking,10.0
ORD03236,2025-08-13 12:50:35.558889728,Tablet,North,Online,Arun,CUST1020,8.0, 12682.34 ,15.0,86239.91,73819.13,Returned,Card,11.0
ORD02061,2025-01-11 01:03:22.550637660,Headset,South,Retail,Suresh,CUST1043,5.0,1666.09,5.0,7913.93,6183.69,Returned,Cash,7.0
ORD02220,2025-02-09 01:39:01.485371344,Tablet,West,Wholesale,Divya,CUST1016,4.0,17659.58,0.0,70638.32,50165.05,Returned,Card,2.0
ORD01674,2024-11-01 09:34:20.615153788,Headset,South,Retail,Arun,CUST1190,8.0,25691.1,20.0,164423.04,115188.79,Returned,Card,6.0
ORD01943,2024-12-20 12:05:13.278319580,Laptop,South,Online,Rahul,CUST1113,7.0,2050.25,5.0,13634.16,12046.82,Pending,Net Banking,2.0
ORD00261,2024-02-17 11:05:05.176294074,Printer,South, online,Anita,CUST1037,4.0,56863.79,15.0,193336.89,144079.04,Completed,Cash,6.0
ORD03114,2025-07-22 06:20:58.514628656,Smartphone,East,Retail,Suresh,CUST1207,6.0,12955.41,,73845.84,"₹66,201.58",Cancelled,Card,4.0
ORD02040,2025-01-07 05:03:11.747936988,Mouse,South,Online,Karthik,CUST1181,3.0,24127.16,5.0,68762.41,48585.33,Returned,Card,5.0
ORD00690,2024-05-05 18:34:28.717179296,Mouse,South,Retail,Karthik,CUST1207,5.0,11391.89,10.0,,40920.46,Returned,Card,9.0
ORD00902,2024-06-13 11:22:00.630157540,Monitor,North,Wholesale,Priya,CUST1079,1.0,11366.05,15.0,9661.14,6995.96,Returned,UPI,1.0
ORD02307,2025-02-24 00:00:00,Mouse,East,RETAIL,Karthik,CUST1114,3.0,14925.34,20.0,,24259.77,Completed,Cash,11.0
ORD02027,2025-01-04 20:05:56.489122284,Keyboard,South,Wholesale,Meena,CUST1230,7.0,61400.81,5.0,408315.39,322180.31,Cancelled,UPI,10.0
ORD00139,2024-01-26 04:35:28.132033008,Keyboard,North,Online,Suresh,CUST1057,2.0,60906.24,0.0,121812.48,98971.54,Cancelled,Card,5.0
ORD01918,2024-12-15 22:33:34.703675920,Keyboard,South,Retail,Meena,CUST1089,3.0,1773.51,5.0,5054.5,3668.66,Returned,UPI,2.0
ORD01829,2024-11-29 16:38:31.777944488,Keyboard,North,Online,Suresh,CUST1194,7.0,20736.06,5.0,137894.8,,Completed,Cash,11.0
ORD01574,2024-10-14 00:00:00,Mouse,West,Wholesale,Arun,CUST1281,2.0,62827.85,5.0,119372.91,97481.8,Pending,Card,1.0
ORD00320,2024-02-28 05:34:09.812453114,Printer,South,Wholesale,Arun,CUST1243,4.0,13753.91,10.0,49514.08,36854.37,Pending,Card,10.0.0
ORD00654,2024-04-29 04:51:18.769692424,Keyboard,East,Retail,Rahul,CUST1135,3.0,59238.92,15.0,151059.25,128465.62,Cancelled,Cash,7.0
ORD02138,2025-01-25 02:24:02.160540136,Keyboard,West,Online,Anita,CUST1006,7.0,29026.21,5.0,193024.3,153538.12,Cancelled ,Net Banking,11.0
ORD03191,2025-08-05 07:41:38.124531136,Tablet,West,Retail,Karthik,CUST1003,2.0,15542.89,10.0,27977.2,21892.53,Completed,Card,12.0
ORD00559,2024-04-11 00:00:00,Printer,South,Wholesale,Meena,CUST1099,5.0,23882.19,10.0,107469.85,93430.55,Completed,UPI,10.0
ORD02188,2025-02-03 05:27:19.309827460,Tablet,East,Wholesale,Suresh,CUST1264,4.0,22092.72,0.0,88370.88,68118.36,Cancelled,UPI,10.0
ORD00113,2024-01-21 10:40:57.614403601,Laptop,North,Online,Suresh,CUST1036,-5,1647.85,10.0,8898.39,6326.73,Pending,UPI,2.0
ORD00532,2024-04-06 22:21:41.725431358,Tablet,East,Wholesale,Meena,CUST1249,8.0,24124.73,10.0,173698.06,131045.06,Pending,UPI,6.0
ORD00225,2024-02-10 21:21:55.228807202,Mouse,East,Online,Anita,CUST1101,8.0,1719.82,0.0,13758.56,9230.28,Returned,UPI,3.0
ORD00724,2024-05-11 23:31:54.778694674,Laptop,East,Retail,Suresh,CUST1141,1.0,2673.36,15.0,2272.36,1953.16,Completed, net banking,8.0
ORD03213,2025-08-09 08:04:40.870217560,Laptop,East,Wholesale,Arun,CUST1129,7.0,14654.78,10.0,92325.11,63632.83,Completed,Net Banking,4.0
ORD03927,2025-12-17 16:10:48.162040512,Monitor,West,Retail,Rahul,CUST1098,2.0,994.04,20.0,1590.46,1151.39,Returned,Cash,4.0
ORD01434,2024-09-18 14:06:34.298574644,Monitor,North,Online,Meena,CUST1209,1.0,28168.32,15.0,23943.07,20104.85,Completed,Cash,10.0
ORD02374,,Printer,South, retail,Priya,CUST1013,2.0,48859.53,10.0,87947.15,58022.21,Cancelled,,4.0
ORD03084,2025-07-16 18:55:00.225056264,Monitor,South,Wholesale,Karthik,CUST1020,5.0,-53166.68,5.0,252541.73,226439.62,Returned,Card,1.0
ORD04000,2025-12-31 00:00:00,Printer,South,Online,Divya,CUST1028,7.0,13764.45,15.0,81898.48,55373.21,Cancelled,Card,5.0
ORD01459,2024-09-23 03:38:12.873218304,Printer,South,Online,Divya,CUST1018,3.0,30438.31,15.0,77617.69,66914.7,Pending,NetBanking,2.0
ORD03596,2025-10-18 06:02:15.033758440,Monitor,East,Online,Anita,CUST1116,7.0,22474.33,0.0,157320.31,121388.55,Completed,Card,3.0
ORD02763,2025-05-19 04:35:06.526631664,Headset,South,Wholesale,Rahul,CUST1071,1.0,22227.36,0.0,22227.36,14638.81,Returned, cash,11.0
ORD00847,2024-06-03 10:24:23.765941486,Smartphone,West,Online,Karthik,CUST1129,3.0,26978.52,15.0,68795.23,47234.36,Pending,Net Banking,7.0
ORD00194,2024-02-05 05:33:04.996249062,Tablet,North,Wholesale,Suresh,CUST1192,5.0,50684.28,15.0,215408.19,149570.81,Returned,Net Banking,7.0
ORD01465,2024-09-24 05:55:24.531132784,Laptop,West,Retail,Meena,CUST1072,3.0,982.38,5.0,2799.78,2095.07,Pending,UPI,9.0
ORD02622,2025-04-23 10:51:02.565641416,mouSE,East,Retail,Suresh,CUST1061,8.0,55038.52,20.0,352246.53,309090.18,Completed,UPI,1.0
ORD00947,2024-06-21 16:30:58.064516130,Mouse,West,whole-sale,Arun,CUST1202,7.0,997.22,0.0,6980.54,4893.42,Cancelled,Net Banking,8.0
ORD02022,2025-01-03 22:11:36.774193552,Mouse,South,Online,Suresh,CUST1298,6.0,14825.48,10.0,80057.59,64434.15,Cancelled,Card,10.0
ORD02552,2025-04-10 16:10:26.556639160,Printer,West,Wholesale,Arun,CUST1205,7.0,1845.95,15.0,10983.4,8052.0,Cancelled,Cash,9.0
ORD01630,2024-10-24 08:48:15.123780948,Smartphone,West,Wholesale,,CUST1034,7.0,52858.82,15.0,314509.98,274856.15,Pending,Cash,10.0
ORD00118,2024-01-22 08:35:17.329332333,Headset,West,Online,Karthik,CUST1195,2.0,801.26,0.0,1602.52,1331.07,Pending,Cash,2.0
ORD00646,2024-04-27 17:48:23.225806452,Laptop,West,Wholesale,Suresh,CUST1134,5.0,14443.39,5.0,68606.1,46870.24,Pending,UPI,6.0
ORD01871,2024-12-07 08:38:53.383345840,smartphone ,West,Online,Karthik,CUST1238,3.0,25202.53,0.0,75607.59,64595.49,Returned,Card,7.0
ORD00004,2024-01-01 13:08:35.828957239,Mouse,East,Online,Anita,CUST1275,,10090.92,10.0,18163.66,15739.61,Completed,Net Banking,2.0
ORD00075,2024-01-14 00:00:00,Printer,West,Retail,Suresh,CUST1282,3.0.0,23478.91,10.0,63393.06,45621.55,Completed,Net Banking,2.0.0
ORD01756,2024-11-16 08:49:19.939984996,Mouse,,Online,Arun,CUST1078,1.0,26339.61,10.0,23705.65,15805.84,Returned,Card,12.0
ORD00468,2024-03-26 05:58:17.374343586,Headset,South,Retail,Meena,CUST1276,5.0,24690.53,15.0,104934.75,75351.21,Pending,Card,9.0
ORD00006,2024-01-01 21:54:19.714928732,Mouse,North,Retail,Divya,CUST1108,5.0,9928.93,15.0,42197.95,37660.72,Cancelled,UPI,10.0
ORD01247,2024-08-15 10:50:40.960240060,Laptop,West,Retail,Karthik,CUST1150,8.0,984.82,5.0,7484.63,5588.29,Completed,Card,3.0
ORD00920,2024-06-16 18:13:35.603900976,Mouse,North,Wholesale,Karthik,CUST1278 ,8.0.0,25390.42,15.0,172654.86,121920.9,RETURNED,Net Banking,5.0
ORD02596,2025-04-18 16:56:32.048012008,Mouse,East,Retail,Priya,CUST1057,3.0,14093.73,10.0,38053.07,31401.47,Completed,Cash,2.0
ORD00229,2024-02-11 14:53:23.000750188,Keyboard,South,Retail,Anita,CUST1072,4.0,2060.22,15.0,7004.75,5373.8,Cancelled,Card,5.0
ORD01064,2024-07-13 01:06:15.393848464,Tablet,North,Retail ,Meena,CUST1043,2.0,23066.6,0.0,46133.2,31900.59,Pending,Net Banking,10.0
ORD02591,2025-04-17 19:02:12.333083272,Laptop,South,Retail,Meena,CUST1187,1.0,1727.41,5.0,"₹1,641.04",1407.01,Returned,Cash,9.0
ORD00243,2024-02-14 04:13:30.202550638,Printer,West,Retail,Karthik,CUST1043,7.0,2575.88,15.0,15326.49,13415.12,Completed,Card,5.0
ORD03405,2025-09-13 09:14:53.923480872,Monitor,East,Online,Priya,cust1135,7.0,11281.6,5.0,75022.64,54700.3,Pending,UPI,6.0
ORD01161,2024-07-30 18:04:13.863465868,Mouse,West ,Retail,Priya,CUST1242,5.0,1032.07,20.0,4128.28,3420.31,Pending,UPI,6.0
ORD03089,2025-07-17 16:49:19.939985,Laptop,South,Wholesale,Suresh,CUST1169,1.0,919.96,5.0,873.96,605.4,Cancelled,Cash,12.0
ORD03338,2025-09-01 03:42:53.743435864,Tablet,East,Retail,Anita,CUST1097,6.0,2168.54,20.0,10408.99,9000.51,Pending,UPI,3.0
ORD03240,2025-08-14 06:22:03.330832712,Smartphone,South,Online,Priya,CUST1258,7.0,1818.26,15.0,10818.65,7375.27,Returned,Net Banking,1.0
ORD02564,2025-04-12 20:44:49.872468120,Printer,North,Retail,Karthik,CUST1025,8.0.0,12200.48,10.0,87843.46,62582.85,Cancelled,Card,7.0
ORD02672,2025-05-02 13:54:19.714928736,Monitor,East,Retail,Meena,CUST1107,1.0,12793.16,15.0,10874.19,7507.13,Completed,Card,4.0
ORD01527,2024-10-05 13:33:04.996249064,Headset,North,Retail,Meena,CUST1277,8.0,825.0,20.0,5280.0,3811.45,Pending,UPI,9.0
ORD01606,2024-10-19 23:39:28.492123032,Keyboard,North,Wholesale,Priya,CUST1289,1.0,1579.92,0.0,1579.92,1293.02,Cancelled,UPI,6.0
ORD03710,2025-11-08 01:28:56.534133536,Keyboard,East,Retail,Karthik,CUST1024,8.0,765.83,20.0,4901.31,4060.88,Completed,Card,5.0
ORD03970,2025-12-25 12:34:01.710427608,Monitor,North,Wholesale,Karthik,CUST1159,5.0,1708.85,10.0,7689.82,5912.24,Cancelled,Net Banking,9.0
ORD02710,2025-05-09 12:23:13.548387096,Printer,West,Wholesale,Priya,CUST1135,1.0,27909.48,5.0,26514.01,19360.09,Completed,Card,11.0
ORD03559,2025-10-11 11:56:13.143285824,Headset,West,Online,Priya,CUST1031,3.0,31068.09,5.0,88544.06,59010.85,COMPLETED,Net Banking,5.0
ORD03979,2025-12-27 03:59:49.197299328,Smartphone,North,Wholesale,Karthik,CUST1038,8.0,58353.1,110%,443483.56,380461.66,Completed,Upi,3.0
ORD01990,2024-12-29 01:59:54.598649664,Monitor,East,Wholesale,Anita,CUST1260,2.0,754.39,5.0,1433.34,1084.37,Completed,Cash,6.0
ORD03509,2025-10-02 08:52:55.993998504,Headset ,West,Retail,Suresh,CUST1221,3.0,13603.29,5.0,38769.38,25961.3,Completed,Net Banking,3.0
ORD02363,2025-03-07 04:08:49.332333088,Printer,West,Retail,Rahul,CUST1021,6.0,10788.82,15.0,55022.98,35768.06,Returned,Card,4.0
ORD01976,2024-12-26 12:39:47.396849216,Tablet,West,Wholesale,Arun,CUST1117,1.0,2071.34,15.0,1760.64,1511.93,Returned,UPI,7.0
ORD01762,2024-11-17 11:06:31.597899476,Mouse,North,Online,Meena,CUST1217, 8.0 ,825.01,5.0,6270.08,4233.84,Returned,UPI,9.0
ORD01306,2024-08-26 05:19:45.596399100,Keyboard,West,Online,Suresh,CUST1282,1.0,13465.94,20.0,10772.75,7012.58,Completed,UPI,4.0
ORD02740,2025-05-14 23:49:11.837959496,Laptop,South,Retail,Suresh,CUST1038,2.0,60271.66,0.0,120543.32,87517.3,Returned,UPI,10.0
ORD01542,2024-10-08 07:16:04.141035260,Mouse,East,Online,Meena,Cust1069,4.0,10715.37,5.0,40718.41,32448.36,Cancelled,Net Banking,
ORD03463,2025-09-23 23:21:06.616654168,Keyboard,East,Retail,Divya,CUST1091,2.0,22915.18,15.0,38955.81,25706.53,Returned,Cash,5.0
ORD02473,2025-03-27 06:04:03.060765192,Tablet,East,Online,Divya,CUST1004,3.0,1990.47,0.0,5971.41,5286.18,Cancelled,Net Banking,7.0
ORD02643,2025-04-27 06:51:13.368342088,Headset,East,Retail,Divya,CUST1140,1.0,21686.01,0.0,21686.01,17943.39,Completed,Net Banking,5.0
ORD02796,2025-05-25 05:09:40.645161296,Laptop,North,Online,Suresh,CUST1298,6.0,13982.93,10.0,75507.82,58996.49,Cancelled,,9.0
ORD00623,2024-04-23 13:02:28.537134284,Smartphone,East,Online,Arun,CUST1276,2.0,30631.12,10.0,55136.02,44470.24,Cancelled,UPI,8.0
ORD03064,2025-07-13 03:17:41.365341336,Monitor,East,Retail,Anita,CUST1144,7.0,2508.75,5.0,16683.19,12095.59,Returned,Cash,12.0
ORD01494,2024-09-29 12:58:30.877719432,Mouse,North,Retail,Suresh,CUST1220,6.0,46123.04,0.0,276738.24,214803.92,Returned,UPI,9.0
ORD00111,2024-01-21 01:55:13.728432108,Keyboard,East,Online,Meena,CUST1080,5.0,58120.74,20.0,232482.96,184144.44,Returned,Card,2.0
ORD02276,2025-02-19 06:59:30.292573144,Monitor,South,Online,Priya,CUST1020,5.0,"₹13,869.49",15.0,58945.33,38611.22,Returned,Cash,10.0
ORD03002,2025-07-01 19:40:00.900225056,Printer,south,Wholesale ,Divya,CUST1100,8.0,2041.31,15.0,13880.91,11150.24,Completed,UPI,7.0
ORD01170,2024-08-01 09:30:01.350337584,Headset,North,Wholesale,Divya,CUST1296,6.0,12953.54,20.0,62176.99,46927.27,Pending,Card,3.0
ORD03258,2025-08-17 13:13:38.304576144,Printer,East,Online,Arun,CUST1223,1.0.0,15045.79,10.0,13541.21,9590.23,Completed,Net Banking,10.0
ORD00233,2024-02-12 08:24:50.772693173,Headset,South,Retail,Suresh,CUST1044,6.0,25660.41,0.0,153962.46,114504.6,Completed,Card,6.0
ORD00067,2024-01-13 01:09:08.237059264,Tablet,East,Online,Meena,CUST1061,1.0,24168.24,5.0,22959.83,16861.79,Returned,Card,9.0
ORD03603,2025-10-19 12:42:18.634658664,Mouse,West,Wholesale,Karthik,CUST1163,3.0,32374.59,5.0,92267.58,64208.54,Returned,Card,7.0
ORD02073,2025-01-13 05:37:45.866466620,Headset,South,Retail,Arun,CUST1274,4.0,1035.56,5.0,"₹3,935.13",3197.08,Returned,Cash,10.0
ORD02193,2025-02-04 03:21:39.024756192,Headset,South,Retail,Arun, CUST1078,3.0,2840.23,5.0,8094.66,6390.48,Pending ,Card,8.0
ORD00537,2024-04-07 20:16:01.440360090,Monitor,North,Wholesale,Divya,CUST1093,7.0,1503.28,15.0,8944.52,5853.91,Cancelled,UPI,11.0
ORD02860,2025-06-05 21:33:04.996249064,Headset,South,Wholesale,Karthik,CUST1108,4.0,23897.62,5.0,90810.96,62293.32,Pending,UPI,4.0
ORD00126,2024-01-23 19:38:12.873218304,Laptop,West,Wholesale,Meena,CUST1165,8.0,11112.02,20.0,71116.93,53072.75,Returned,Card,1.0
ORD02134,2025-01-24 08:52:34.388597152,Keyboard,East,Retail,Rahul,CUST1071,6.0,2633.41,15.0,13430.39,8936.07,Completed,Cash,5.0
ORD01255,2024-08-16 21:53:36.504126032,Printer,West,Retail,Divya,CUST1167,8.0,2812.27,15.0,19123.44,16699.98,Returned,Card,12.0
ORD03292,2025-08-23 18:11:04.366091528,Smartphone,North,Retail,Meena,CUST1057,8.0,2715.61,ten,"21,724.88",14591.62,Returned,Cash, 6.0 
ORD01977,2024-12-26 00:00:00,Smartphone,West,Online,Karthik,CUST1104,7.0,32784.88,0.0,229494.16,156943.0,Returned,Cash,8.0
ORD03259,2025-08-17 17:36:30.247561896,Printer,North,Wholesale,Anita,CUST1187,7.0,24735.01,10.0,155830.56,129618.41,Cancelled,Card,8.0
ORD03078,2025-07-15 16:37:48.567141792,Headset,East,Wholesale,Rahul,CUST1134,2.0,13311.67,15.0,"₹22,629.84",14893.1,Cancelled,UPI,9.0
ORD02076,2025-01-13 18:46:21.695423856,Mouse,West,Online,Arun,CUST1189,3.0,10350.7,0.0,31052.1,20184.1,Cancelled,Card,5.0
ORD00485,2024-03-29 08:27:00.405101276,Mouse,West,Online,Karthik,CUST1233,7.0,N/A,15.0,134029.22,103070.16,PENDING,Net Banking,2.0
ORD01655,2024-10-28 22:19:53.698424608,Monitor,East,Online,Rahul,CUST1007,5.0,20967.03,20.0,83868.12,64247.98,Completed,UPI,9.0
ORD03852,2025-12-03 23:35:52.438109528,Mouse,East,Retail,Rahul,CUST1145,1.0,946.89,0.0,946.89,699.58,Completed,Cash,8.0
ORD03680,2025-11-02 14:02:58.244561144,Headset,North,Retail,Arun,CUST1245,1.0,801.86,10.0,721.67,627.02,Returned,Card,10.0
ORD03308,2025-08-26 16:16:55.453863472,Smartphone,East,Wholesale,Rahul,CUST1057,8.0,10279.98,15.0,69903.86,58168.64,Returned,Net Banking,7.0
ORD03035,2025-07-07 20:14:35.018754688,Monitor,North,Online,Rahul,CUST1185,5.0,10301.47,5.0,48931.98,34727.58,Returned,Card,11.0
ORD03618,2025-10-22 06:25:17.779444864,Mouse,West,Wholesale,Priya,CUST1215,6.0,11302.55,15.0,57643.0, 44290.5 ,Returned,Cash, 8.0 
ORD01775,2024-11-19 20:03:46.856714180,Headset,East,Online,Arun,CUST1245,6.0,13933.07,15.0,71058.66,56196.89,Completed,Card,1.0
ORD02411,2025-03-15 22:26:22.595648912,Mouse,South,Wholesale,Arun,CUST1269,7.0,11067.68,5.0,73600.07,53157.07,Cancelled,Net Banking,4.0
ORD03584,2025-10-16 00:00:00,Mouse,East,Online,Anita,CUST1106,3.0,24849.2,20.0,59638.08,45597.09,Cancelled,Cash,10.0
ORD00919,2024-06-16 13:50:43.660915230,Headset,West,Retail,Divya,CUST1181,2.0,1559.01,15.0,2650.32,1946.84,Returned,Cash,
ORD01647,2024-10-27 11:16:58.154538636,Tablet,West,Online,Karthik,CUST1057,7.0,21124.09,10.0,133081.77,104527.78,Pending,UPI,4.0
ORD01027,2024-07-06 07:00:13.503375844,Tablet,South,Online,Meena,CUST1161,1.0,791.71,10.0,712.54,631.61,Cancelled,Card,7.0
ORD01031,2024-07-07 00:31:41.275318830,Monitor,West,Retail,Meena,CUST1292,6.0,23587.71,15.0,,93606.43,Pending,Card,7.0
ORD00883,2024-06-10 00:07:33.713428358,Printer,West,Wholesale,Anita,CUST1035,6.0,19228.39,5.0,109601.82,80137.45,Completed,Net Banking,12.0
ORD01336,2024-08-31 16:45:43.885971496,Headset,East,Online,Arun,CUST1149,8.0,29459.91,5.0,223895.32,167648.95,Cancelled,Net Banking,2.0
ORD02747,2025-05-16 06:29:15.438859720,Smartphone,West,Retail,Suresh,CUST1141,6.0,15368.65,20.0,"73,769.52",53015.68,COMPLETED,Card,3.0
ORD02943,2025-06-21 01:10:56.264066016,Mouse,North,Online,Arun,CUST1096,4.0,54607.63,10.0,196587.47,151661.61,Returned,Card,7.0
ORD02714,2025-05-10 05:54:41.320330088,Mouse,South,Wholesale,Meena,CUST1081,5.0,32872.07,0.0,164360.35,116761.65,Cancelled,UPI,8.0
ORD00365,2024-03-07 10:43:07.246811703,Keyboard,North,Online,Rahul,CUST1003,5.0,10711.03,20.0,42844.12,29601.6,Cancelled,Net Banking,12.0
ORD02126,2025-01-22 21:49:38.844711180,Mouse,North,Wholesale,Rahul,CUST1216,7.0,1720.84,0.0,12045.88,8016.64,Returned,Net Banking,7.0
ORD00028,2024-01-05 22:17:22.460615153,Keyboard,South,Wholesale,Rahul,CUST1054,8.0,22775.37,20.0,145762.37,128339.18,Pending,Cash ,2.0
ORD00474,2024-03-27 08:15:29.032258065,Tablet,South,Wholesale,Suresh,CUST1267,6.0,19124.13,15.0,97533.06,85341.88,Pending,Net Banking,4.0
ORD00526,2024-04-05 20:04:30.067516880,Keyboard,West,Wholesale,Divya,CUST1018,8.0,62419.09,5.0,474385.08,371080.27,Completed,Net Banking,12.0
ORD00726,2024-05-12 08:17:38.664666168,lapTop,North,Wholesale,Suresh,CUST1039,2.0,899.08,20.0,1438.53,1157.24,Pending,Card,3.0
ORD00056,2024-01-11 00:57:36.864216054,Smartphone,South,Retail,Suresh,CUST1190,2.0,13864.66,10.0,24956.39,17227.53,Completed,Cash,1.0
ORD00639,2024-04-26 11:08:19.624906228,Monitor,West,Retail,Arun,CUST1202,2.0,816.42,20.0%,1306.27,1171.29,Cancelled,Cash,2.0
ORD00303,2024-02-25 03:05:26.781695424,Printer,West,Online,Arun,CUST1185,2.0,12951.43,0.0,25902.86,19820.73,Completed,Net Banking,2.0
ORD02767,2025-05-19 22:06:34.298574648,Tablet,North,Retail,Arun,CUST1079,8.0,58794.54,5.0,446838.5,379255.47,Pending,UPI,12.0
ORD03469,2025-09-25 01:38:18.274568648,Tablet,South,Online,Suresh,CUST1291,2.0,11210.56,20.0,17936.9,15095.26,Returned,Cash,9.0
ORD01277,2024-08-20 22:16:39.249812456,lapTop,South,Online,Meena,CUST1135,8.0,61103.06,5.0,464383.26,411871.73,Pending,Card,12.0
ORD03504,2025-10-01 10:58:36.279069768,Headset,North,Wholesale,Rahul,CUST1255,5.0,910.87,15.0%,3871.2,2516.51,Cancelled,Card,7.0
ORD00625 ,2024-04-23 21:48:12.423105776,Monitor,East,Retail,Divya,CUST1086,8.0,32242.15,0.0,257937.2,207423.44,Cancelled,cash ,7.0
ORD02056,2025-01-10 03:09:02.835708928,Printer,East ,Retail,Arun,CUST1085,6.0,12276.13,5.0,69973.94,54234.68,Cancelled,Cash,9.0
ORD01281,2024-08-21 15:48:07.021755440, mouse,South,Wholesale ,Rahul,CUST1164,6.0,30968.72,20.0,148649.86,122899.49,Returned,Cash,12.0
ORD02852,2025-06-04 10:30:09.452363096,Monitor,South,Retail,Arun,Cust1068,1.0,1841.86,10.0,1657.67,1182.05,Pending,Net Banking,11.0
ORD01050,2024-07-10 11:46:08.192048012,Mouse,North,Wholesale,Suresh,CUST1060,7.0,1993.05,15.0,11858.65,8882.04,Pending,Net Banking,6.0
ORD00337,2024-03-02 00:00:00,Printer,South,WHOLESALE,,CUST1243,7.0,23768.76,15.0,141424.12,110470.32, pending,Card,12.0
ORD00048,2024-01-09 13:54:41.320330082,Laptop,North,Retail,Suresh,CUST1300,8.0,987.79,15.0,6716.97,5195.23,Completed,Net Banking,8.0
ORD02879,2025-06-09 08:47:31.912978248,Smartphone, west,Online,Rahul,CUST1264,3.0,12564.34,20.0,30154.42,22843.05,Cancelled,Cash,2.0
ORD00107,2024-01-20 08:23:45.956489122,Keyboard,West,Wholesale,Suresh,CUST1051,7.0,949.24,20.0,5315.74,3753.27,Completed,Card,7.0
ORD02398,2025-03-13 13:29:07.336834208,Headset,East,Online,Suresh,CUST1278,6.0,11127.65,15.0,56751.01,41433.93,Returned,Card,6.0
ORD01080,2024-07-15 23:12:06.481620406,,West,Online,Meena,CUST1196,6.0,54016.95,15.0,275486.44,230639.06,Cancelled,Card,12.0.0
ORD02287,2025-02-21 00:00:00,Smartphone,South,Retail,Karthik,CUST1072,3.0,10872.77,5.0,30987.39,26014.23,Pending,Card,9.0
ORD02262,2025-02-16 17:39:23.090772696,PRINTER,East,Wholesale,Priya,CUST1057,1.0,2053.15,5.0,1950.49,1558.9,Pending,Net Banking,12.0
ORD01145,2024-07-27 19:58:22.775693924,Mouse,South,Retail,Priya,CUST1029,7.0,54644.41,0.0,382510.87,267384.44,Returned,Card,4.0
ORD03162,2025-07-31 00:38:31.777944488,Mouse,East,Online,Meena,CUST1191,4.0,"2,541.17",10.0,9148.21,6768.36,Returned,Net Banking,-3
ORD02297,2025-02-23 00:00:00,Keyboard,South,Wholesale,,CUST1096,6.0,2504.01,20.0,12019.25,8750.58,Completed,NET BANKING,10.0
ord02842,2025-06-02 14:41:30.022505632,Mouse,West,Wholesale,Karthik,CUST1005,5.0, 13792.09 ,5.0,65512.43,46050.56,Cancelled,Cash,5.0
ORD01837,2024-12-01 03:41:27.321830460,Keyboard,North,Wholesale,Rahul,CUST1273,2.0,1945.54,0.0,3891.08,2637.76,Pending,Upi,5.0
ORD01754,2024-11-16 00:03:36.054013504,head set,West,Online,Suresh,CUST1205,4.0,25749.19,15.0,87547.25,67083.29,Cancelled,Net Banking,4.0
ORD01102,2024-07-19 23:35:09.227306828,Headset,west,Wholesale,Meena,CUST1242,6.0,21386.58,0.0,128319.48,84755.81, returned,Net Banking,12.0
ORD01969,2024-12-25 05:59:43.795948988,Monitor,East, online,Karthik,CUST1127,6.0,21344.17,10.0,115258.52,79534.88,Completed,UPI,12.0
ORD03009,2025-07-03 02:20:04.501125280,Tablet,South,Retail,Arun,CUST1174,2.0,10412.27,15.0,17700.86,13925.78,Pending,,11.0
ORD03651,2025-10-28 00:00:00,Headset,East,Online,Meena,CUST1036,7.0,19061.97,10.0,120090.41,90977.99,Completed,Cash,12.0
ORD00524,2024-04-05 11:18:46.181545387,Printer,North,Online,Karthik,CUST1213,3.0,49712.6,15.0,126767.13,83171.94,Returned,Net Banking,10.0
ORD02281,2025-02-20 04:53:50.007501876,Keyboard,North,Online,Arun,CUST1190,7.0,971.33,15.0,5779.41,4171.61,Completed,Cash,7.0
ORD02693,2025-05-06 09:54:30.517629408,Keyboard,North,Online,Arun,CUST1225,7.0,948.05,5.0,6304.53,4903.5,Pending,Card,1.0
ORD02886,2025-06-10 15:27:35.513878472,Mouse,South,Wholesale,Arun,CUST1145,6.0,23054.78,15.0,117579.38,97621.89,Returned,Cash,2.0
ORD01429,2024-09-17 16:12:14.583645912,Tablet,South,Online,Priya,CUST1186,5.0,49472.89,10.0,222628.01,146874.93,Completed,UPI,5.0
ORD02582,2025-04-16 03:36:24.846211552,Smartphone,East,Wholesale,Divya,CUST1293,4.0,2343.55,10.0,8436.78,6472.19,CANCELLED,UPI,9.0
ORD03468,2025-09-24 21:15:26.331582896,Tablet,North,Retail,Divya,CUST1039,7.0,1045.03,5.0,6949.45,5342.69,Pending,Cash,7.0
ORD00604,2024-04-20 01:48:01.620405102,Laptop,West,Online,Rahul,CUST1023,1.0,29847.62,20.0,23878.1,18182.59,Completed,Cash,11.0
ORD01490,2024-09-28 19:27:03.105776444,Mouse,North,Online,Priya,CUST1160,7.0,16099.98,10.0,101429.87,90532.68,Completed,UPI,9.0
ORD03110,2025-07-21 12:49:30.742685672,Smartphone,North,Retail,Karthik,CUST1208,5.0,14316.11,20.0,57264.44,39389.49,Returned,Cash,8.0
ORD03231,2025-08-12 14:56:15.843960992,Monitor,South,Retail,Anita,CUST1164,5.0,10985.79,0.0,54928.95,45125.38,Cancelled,Card,10.0
ORD00061,2024-01-11 22:51:56.579144786,Headset,South,Online,Rahul,CUST1114,8.0,16660.18,15.0,113289.22,99017.36,Returned,Card,5.0
ORD03659,,Keyboard,North,Wholesale,Arun,CUST1299,7.0,750.73,10.0,-4729.6,3848.6,Cancelled,UPI,11.0
ORD00672,2024-05-02 11:42:53.743435860,Smartphone,South,Wholesale,Meena,CUST1014,,24916.72,5.0,23670.88,19689.25,Pending,Net Banking,11.0
ORD00093,2024-01-17 19:03:38.754688672,Smartphone,East,Retail,Suresh,CUST1090,6.0,50207.24,5.0,286181.27,233236.59,Pending,Card,9.0
ORD00667,2024-05-01 13:48:34.028507128,Laptop,,Online,Priya,CUST1262,5.0,10826.92,20.0,43307.68,38937.22,Returned,Net Banking,2.0
ORD01888,2024-12-10 11:07:36.414103528,Smartphone,North ,Retail,Meena,CUST1232,8.0,2642.8,20.0,16913.92,14933.11,Completed,Net Banking,1.0
ORD00281,2024-02-21 02:42:24.036009002,Tablet,South,Retail,Anita,CUST1285,5.0,59040.78,10.0,265683.51,186839.55,Pending,UPI,8.0
ORD01720,2024-11-09 19:06:09.992498128,Tablet,South,Retail,Priya,CUST1268,3.0,13849.75,0.0,41549.25,36658.28,Returned,UPI,11.0
ORD03016,2025-07-04 09:00:08.102025512,Mouse,West,Retail,Rahul,CUST1178,4.0,12531.96,10.0,"45,115.06",33340.79,,Net Banking,4.0
ORD00360,2024-03-06 00:00:00,Smartphone,South,Retail,Karthik,CUST1028,7.0,1556.54,0.0,10895.78,9073.1,Completed,Card,5.0
ORD00900,2024-06-13 02:36:16.744186048,Laptop,east,Online,Karthik,CUST1238,8.0,10147.83,20.0,64946.11,42411.57,Completed,UPI,12.0
ORD01936,2024-12-19 05:25:09.677419356,Monitor,East,Wholesale,Rahul,CUST1262,4.0,21170.45,10.0,76213.62,53002.36,Returned,Cash,8.0
ORD01995,2024-12-29 23:54:14.313578396,Keyboard,South,Retail,Divya,CUST1236,unknown,51781.59,15.0,"132,043.05",114570.07,Pending,Net Banking,1.0
ORD03946,2025-12-21 03:25:15.078769696,Smartphone,North,Wholesale,Anita,CUST1103,8.0,786.76,20.0,5035.26,3906.82,Completed,Cash,3.0
ORD02896,2025-06-12 11:16:14.943735936,Headset,South,Retail,Anita,CUST1201,7.0,823.92,0.0,5767.44,4704.59,Cancelled,UPI,12.0
ORD00761,2024-05-18 17:37:56.669167292,Printer,West,Online,Priya,CUST1067,3.0,46293.29,10.0,124991.88,110443.95,Returned,Net Banking,12.0
ORD02159,2025-01-28 22:24:12.963240812,,East,Online,Suresh,CUST1243,1.0,1943.9,5.0,1846.7,1218.95,Cancelled,Card,7.0
ORD03488,2025-09-28 12:52:45.191297824,Printer,South,Retail,Divya,CUST1226,2.0,1830.21,5.0,3477.4,2639.39,Returned,Cash,3.0
ORD00043,2024-01-08 16:00:21.605401350, monitor,West,Retail,Suresh,CUST1125,8.0,26094.7,15.0,177443.96,129764.03,Pending, upi,2.0
ORD02174,2025-01-31 16:07:12.108027008,Smartphone,North,Retail,Anita,CUST1221,8.0,997.13,10.0,7179.34,5662.14,Cancelled,UPI,1.0
ORD00205,2024-02-07 05:44:36.369092273,Monitor,West,Online,Divya,CUST1145,8.0,32086.25,5.0,243855.5,164071.26,Returned,Net Banking,9.0
ORD01474,2024-09-25 21:21:12.018004504,Laptop,West,Online,Suresh,CUST1107,1.0,12059.85,20.0,9647.88,7498.55,Pending,Net Banking,10.0
ORD02101,2025-01-18 08:18:00.270067520,Printer,East,Wholesale,Suresh,CUST1153,3.0,2814.96,0.0,8444.88,5903.49,Pending,Card,5.0
ORD02594,2025-04-18 08:10:48.162040512,Tablet,East,ONLINE,Suresh,CUST1043,2.0,23398.81,10.0,42117.86,31203.06,Completed,Net Banking,11.0
ORD00069,2024-01-13 09:54:52.123030757,Tablet,South,Online,Arun,CUST1210,3.0,28189.41,5.0,80339.82,66340.99,Returned,Net Banking,5.0
ORD01876,2024-12-08 06:33:13.098274572,head set,South,Retail,Rahul,CUST1293,5.0,2856.01,0.0,14280.05,12527.8,Returned,Card,5.0
ORD02833,2025-05-31 23:15:42.535633912,Keyboard,North,Online,Rahul,CUST1043,7.0,22936.82,20.0,128446.19,108583.98,Returned,Cash,2.0
ORD03728,2025-11-11 08:20:31.507876976,Tablet,West,Wholesale,Rahul,CUST1189,6.0,2040.62,20.0,9794.98,8812.8,Cancelled,UPI,11.0
ORD02232,2025-02-11 06:13:24.801200304,Monitor, north,Retail,Priya,CUST1059,5.0,2946.87,20.0,11787.48,8060.33,Cancelled, net banking,9.0
ORD00138,2024-01-26 00:12:36.189047262,Tablet,South,Retail,Anita,CUST1072,6.0,28114.33,5.0,160251.68,124255.8,Returned,Net Banking,10.0
ORD02948,2025-06-21 23:05:15.978994752,Headset,West,Online,Meena,CUST1133,4.0,14805.26,5.0,56259.99,40026.43,Pending ,Card,9.0
ORD00797,2024-05-25 00:00:00,Tablet,West,Online,Priya,CUST1036,5.0,10394.66,0.0,51973.3,35135.38,Returned,Net Banking,11.0.0
ORD02181,2025-02-01 22:47:15.708927232,Headset,West,Wholesale,Anita,CUST1070,7.0,46279.82,0.0,323958.74,259520.05,Cancelled,Cash,3.0
ORD02129,2025-01-23 10:58:14.673668420,Mouse,South,RETAIL,Meena,CUST1022,7.0,14150.28,0.0,99051.96,75570.19,Returned,Net Banking,4.0
ORD00759,2024-05-18 08:52:12.783195800,Tablet,South,Wholesale,Anita,CUST1014,2.0,23168.0,20.0,37068.8,32416.95,Pending,Card,2.0
ORD00542,2024-04-08 18:10:21.155288823,Mouse,South,retail ,Rahul,CUST1092,7.0,53368.1,15.0,317540.2,276189.98,Returned,UPI,8.0
ORD01020,2024-07-05 00:20:09.902475620,Headset,West, online,Anita,CUST1005,5.0,-811.0,5.0,3852.25,2745.66,Returned,UPI,6.0
ORD03031,2025-07-07 02:43:07.246811704,Smartphone,East,Wholesale,Meena,CUST1203,8.0,1737.48,5.0,13204.85,9683.45,Returned,Cash,8.0
ORD00166,2024-01-31 02:52:50.592648162,Headset,North,Online,Divya,CUST1025,7.0,26548.2,20.0,148669.92,124802.68,Completed, cash,8.0
ORD00249,2024-02-15 06:30:41.860465116,Headset,North,,Rahul,CUST1213, 4.0 ,927.1,15.0,3152.14,2110.15,Returned,Net Banking,2.0
ORD01332,2024-08-30 23:14:16.114028508,Mouse,West,Online,Suresh,CUST1020,7.0,25134.67,20.0,140754.15,115341.45,Returned,UPI,8.0
ORD02018,2025-01-03 04:40:09.002250564,Printer,South,Online,Arun,CUST1280,8.0,10514.79,10.0,75706.49,67916.69,Completed,UPI,10.0
ORD00447,2024-03-22 09:58:06.571642911,Laptop,West,Wholesale,Karthik,CUST1010,6.0,2013.98,15.0,10271.3,7696.24,Cancelled,Card,6.0
ORD02483,2025-03-29 01:52:42.490622656,Tablet, east,Retail,Arun,CUST1231,3.0,14906.05,15.0,38010.43,26759.64,Cancelled,Card,6.0
ORD02907,2025-06-14 11:27:46.316579144,Keyboard,West,Retail,Rahul,CUST1212,4.0,2007.91,15.0,6826.89,4917.88,Returned,Cash,9.0
ORD01359,2024-09-04 21:31:38.574643664,Laptop,South,Online,Divya,CUST1142,4.0,12632.7,0.0,50530.8,45151.73,Cancelled,Net Banking,4.0
ORD02846,2025-06-03 08:12:57.794448616,Tablet,North,Retail,Anita,CUST1220,5.0,49711.01,10.0,223699.55,154171.52,Returned,Net Banking,8.0
ORD02146,2025-01-26 13:26:57.704426108,Laptop,North,Online,Anita,CUST1243,6.0,55797.52,15.0,284567.35,190608.92,Completed,Cash,4.0
ORD01330,2024-08-30 14:28:32.228057016,Keyboard,East,Retail,Divya,CUST1107,1.0,10755.81,20.0,"8,604.65",7007.1,Cancelled,Net Banking,10.0
ORD03974,2025-12-26 06:05:29.482370600,Tablet,North,Retail,Divya,CUST1260,3.0,1880.96,0.0,5642.88,4696.1,Cancelled,Net Banking,1.0
ORD02786,2025-05-23 09:21:01.215303832,Headset,North,Retail,Priya,CUST1169,2.0.0,32794.07,5.0,62308.73,41517.5,Returned,UPI,4.0
ORD03876,2025-12-08 08:44:39.069767448,Smartphone,North,Wholesale,Rahul,CUST1128,8.0,48234.0,0.0,385872.0,317198.13,Pending,Net Banking,1.0
ORD02151,2025-01-27 11:21:17.419354840,Laptop,South,Retail,Arun,CUST1034,4.0,18678.47,5.0,70978.19,62808.04,Returned,Card,4.0
ORD00435,2024-03-20 05:23:43.255813954,Headset,West,Retail,Anita,CUST1097,5.0,24865.34,0.0,124326.7,110219.21,Cancelled,UPI,3.0
ORD02123,2025-01-22 08:41:03.015753940,Printer,North,Online,Priya,CUST1058,6.0,53263.14,5.0,303599.9,268285.91,Returned,UPI,5.0
ORD00578,2024-04-15 07:53:31.102775694,Keyboard,South,Online,Karthik,CUST1142,7.0,29195.6,5.0,194150.74,162733.1,Completed,Card,8.0
ORD02901,2025-06-13 09:10:34.658664672,Laptop,West,Online,Divya,CUST1268,8.0,13916.88,0.0,111335.04,75155.47,Completed,UPI,10.0
ORD03167,2025-07-31 22:32:51.492873224,Keyboard,West,Retail,Anita,CUST1259,1.0,22301.71, 5.0 ,21186.62,16465.74,Completed,UPI,3.0
ORD02967,2025-06-25 10:19:42.895723936,Printer,South,,,CUST1018,2.0,13640.75,15.0,23189.27,20800.86,Completed,Cash,9.0
ORD03822,2025-11-28 12:09:54.148537136,Smartphone,West,Online,Meena,CUST1249,8.0,2444.47,20.0,15644.61,11196.43,Pending,UPI,7.0
ORD03650,2025-10-28 02:36:59.954988752,Mouse,West,Wholesale,Anita,CUST1255,7.0,,15.0,84884.19,68743.17,Returned,Card,5.0
ORD02449,2025-03-22 20:55:16.429107280,Printer,West,Online,Meena,CUST1194,6.0,10475.75,15.0,53426.32,38707.06,Pending,UPI,1.0
ORD01849,2024-12-03 08:15:50.637659416,Smartphone,East,Wholesale,Suresh,CUST1297,8.0,32651.84,20.0,208971.78,170723.04,PENDING,Cash,6.0
ORD00763,2024-05-19 02:23:40.555138786,Monitor,South,Online,Anita,CUST1033,8.0,14923.71,,107450.71,76740.67,Returned,Card,9.0
ORD03038,2025-07-08 09:23:10.847711928,Tablet,South,Online,Suresh,CUST1121,3.0,26055.44,10.0,70349.69,46345.66,return,UPI,8.0
ORD00389,2024-03-11 19:51:53.878469618,Monitor,West,Retail,Divya,CUST1250,5.0,25270.85,15.0,107401.11,89203.4,Returned,UPI,9.0
ORD00236,2024-02-12 21:33:26.601650413,Printer,West,Online,Suresh,CUST1095,6.0,18136.26,20.0,87054.05,77693.1,Pending,Net Banking,7.0
ORD03466,2025-09-24 12:29:42.445611408,Keyboard,South,Wholesale,Meena,CUST1216,7.0,11224.83,20.0,62859.05,42328.03,Pending,Net Banking,5.0
ORD01985,2024-12-28 04:05:34.883720932,Laptop,South,RETAIL,Priya,CUST1218,2.0,1857.25,5.0,3528.77,2644.53,Completed,UPI,6.0
ORD00268,2024-02-18 17:45:08.777194299,Smartphone,East,Wholesale,Priya,CUST1255,7.0,987.15,10.0,6219.05,,Returned,Cash,1.0
ORD00771,2024-05-20 13:26:36.099024756,Smartphone,West,Online,Priya,CUST1006,3.0,30107.19,10.0,81289.41,55010.11,Cancelled,Card,8.0
ORD02166,2025-01-30 05:04:16.564141036,Smartphone,North ,Wholesale,Anita,CUST1224,1.0,1657.66,0.0,1657.66,1132.26,Pending,Card,4.0
ORD00438,2024-03-20 18:32:19.084771193,Tablet,South,Retail,Suresh,CUST1037 ,6.0,45602.65, 0.0 ,"₹273,615.90",188531.79,Returned,Card,4.0
ORD00674,2024-05-02 20:28:37.629407352,Headset,West,Retail,Arun,CUST1231,,26447.02,5.0,75374.01,55984.78,Pending,Card,5.0
ORD00250,2024-02-15 10:53:33.803450863,Keyboard,East,Retail,Anita,CUST1168,7.0,32781.9,20.0,"183,578.64",164587.92,Completed,UPI,12.0
ORD02202,2025-02-05 18:47:26.511627908,Printer,East,Wholesale,Anita,CUST1024,250,13627.58,10.0,25000000,22000000,Pending,Cash,1.0
ORD01575,2024-10-14 07:50:38.259564892,Headset,West ,Wholesale,Anita,CUST1179,250,60690.26,20.0,25000000,4500000,Pending,Cash,11.0
ORD02143,2025-01-26 00:18:21.875468868,Monitor,South,Wholesale,Divya,CUST1240,5.0,12226.22,10.0,55017.99,43948.78,Completed,,12.0
ORD02082,2025-01-14 21:03:33.353338336,Headset,North,Wholesale,Divya,CUST1290,1.0,915.83,0.0,915.83,682.29,Pending,Net Banking,11.0
ORD03482,2025-09-27 10:35:33.533383352,Keyboard ,East,Online,Meena,CUST1103 ,6.0,13960.0,20.0,67008.0,54311.83,Returned,UPI,12.0
ORD03416,2025-09-15 09:26:25.296324088,Keyboard,West,Online,Suresh, CUST1216,1.0,17330.34,0.0, 17330.34 ,11650.36,Returned,UPI,12.0
ORD03810,2025-11-26 00:00:00,Smartphone,North,Retail,Arun,CUST1270,4.0,2105.35,20.0,6737.12,5116.9,Cancelled,Net Banking,9.0
ORD00449,2024-03-22 18:43:50.457614404,Tablet,North,Online,Meena,CUST1055,2.0,25914.93,0.0,51829.86,45303.65,Returned,Card,2.0
ORD01470,2024-09-25 03:49:44.246061516,Tablet,East,Wholesale,Arun,CUST1161,2.0,2907.0,5.0,5523.3,3648.72,Returned,Net Banking,1.0
ORD00717,2024-05-10 16:51:51.177794450,Monitor,West,Wholesale,Divya,CUST1009,6.0,14939.77,10.0,80674.76,65888.37,Pending,UPI,10.0
ORD03177,2025-08-02 18:21:30.922730688,Smartphone,South,Wholesale,Suresh,CUST1059,2.0,18337.23,0.0,36674.46,29057.45,Pending,Card,11.0
ORD03478,2025-09-26 17:04:05.761440360,Tablet,North,Retail,Suresh,CUST1042,4.0,13379.8,10.0,48167.28,35641.68,,Card,1.0
ORD02049,2025-01-08 20:28:59.234808704,Keyboard,West,Online,Anita,CUST1218,3.0,2062.31,5.0,5877.58,3940.33,Pending,Card,11.0
ORD01902,2024-12-13 00:27:43.615903976,Tablet,West,Wholesale,Suresh,CUST1210,8.0,24524.42,0.0,196195.36,175769.81,Completed,Cash,4.0
ORD03311,2025-08-27 05:25:31.282820712,Mouse,North,Online,Divya,cust1072,7.0,2151.91,0.0,15063.37,11321.5,Returned,Cash,6.0
ORD01169,,Printer,South,Online,Meena,CUST1166,unknown,1771.64,20.0,1417.31,1052.02,Returned,Card,5.0
ORD00083,2024-01-15 23:14:59.324831208,Tablet,West,Online,Karthik,CUST1258,7.0,2131.26,15.0,12681.0,10890.77,Cancelled,UPI,8.0
ORD03207,2025-08-08 05:47:29.212303080,Laptop,West,Wholesale,Arun,CUST1254,1.0,2820.91,10.0,2538.82,1901.61,Returned,Cash,1.0
ORD02725,2025-05-12 06:06:12.693173296,Headset,West,Online,Priya,CUST1228,1.0,28451.59,0.0,28451.59,19387.22,Returned,Card,11.0
ORD03045,2025-07-09 16:03:14.448612152,Smartphone,South,Online,Priya,CUST1172,1.0,,0.0,59144.06,38756.36,Cancelled,UPI,5.0
ORD01461,2024-09-23 12:23:56.759189800,Monitor,West,Retail,Karthik,CUST1228,8.0,843.4,5.0,6409.84,5308.34,Cancelled,Cash,5.0
ORD02819,2025-05-29 09:55:35.333833464,Headset,South,Wholesale,Rahul,CUST1214,5.0,2579.02,0.0%,12895.1,11090.91,Cancelled,Net Banking,8.0
ORD01894,2024-12-11 13:24:48.072018008,Smartphone,South,Wholesale,Meena,CUST1300,7.0,22608.71,0.0,158260.97,121227.18,Completed,UPI,4.0
ORD01669,2024-10-31 11:40:00.900225056,Keyboard,East,Wholesale,Suresh,CUST1225,1.0,25233.17,10.0,22709.85,19068.98,Completed,Cash,1.0
ORD02757,2025-05-18 02:17:54.868717184,Mouse,East,Online,Karthik,CUST1131,6.0,16985.59,15.0,86626.51,71631.91,Returned,Cash,11.0
ORD02001,2024-12-31 02:11:25.971492876,Tablet,West,Online,Suresh,CUST1043,6.0,56425.52,0.0,338553.12,288229.94,Cancelled,Net Banking,7.0
ORD00476,2024-03-27 17:01:12.918229558,Tablet,North,Retail,Priya,CUST1286,3.0,1865.13,15.0,4756.08,3882.19,Completed,Card,6.0
ORD00518,2024-04-04 09:01:34.523630908,Smartphone,West,Retail,Anita,CUST1032,7.0,1525.87,0.0,10681.09,8801.99,Completed,Card,3.0
ORD03586,2025-10-16 10:13:35.603900976,,North,Wholesale,Anita,CUST1035,6.0,2484.71,20.0%,11926.61,10396.52,Completed,Cash,4.0
ORD00405,2024-03-14 17:57:44.966241561,Keyboard,North,Online,Meena,CUST1087,4.0,54026.62,20.0,172885.18,117269.66,Completed,Cash,4.0
ORD00385,2024-03-11 02:20:26.106526632,Smartphone,West,Retail,Arun,CUST1123,3.0,,15.0,4329.06,3702.71,Pending,Card,8.0
ORD03219,2025-08-10 10:21:52.528132032,Laptop,North,Wholesale,Suresh,CUST1153,2.0,15284.6,20.0,24455.36,16597.5,Cancelled,UPI,11.0
ORD02153,2025-01-27 20:07:01.305326332,Smartphone,East,Retail,Divya,CUST1065,6.0, 2795.59 ,10.0,15096.19,10115.15,Returned,UPI,8.0
ORD01634,2024-10-25 02:19:42.895723932,Tablet,North,Online,Anita,CUST1185,2.0,54490.25,0.0,108980.5,86113.08,Pending,Net Banking,12.0
ORD03812,2025-11-26 16:21:14.718679672,Monitor,West,Online,Divya,CUST1055,1.0,48213.27,20.0,38570.62,31730.34,Pending,UPI,8.0
ORD00689,2024-05-05 14:11:36.774193548,Printer,South,Retail,Arun,CUST1078,7.0,882.28,5.0,5867.16,4568.78,Completed,Cash,7.0
ORD03232,2025-08-12 19:19:07.786946736,Printer,NORTH,on-line,Divya,CUST1143,6.0,32523.81,5.0,185385.72,132923.75,Cancelled,Card,4.0
ORD02875,2025-06-08 15:16:04.141035264,Smartphone,SOUTH,Wholesale,,CUST1060,1.0,14097.8,10.0,12688.02,10425.36,Cancelled,Card,-3
ORD01241,2024-08-14 08:33:29.302325584,Headset,East,Wholesale,Arun,CUST1203,5.0,11031.32,5.0,52398.77,45548.82,COMPLETED,Net Banking,3.0
ORD00063,2024-01-12 07:37:40.465116279,Monitor,East,Online,Karthik,CUST1099,4.0,1623.7,0.0,6494.8,4915.11,Pending,Net Banking,5.0
ORD00853,2024-06-04 12:41:35.423855964,Smartphone,West,Online,Karthik,CUST1262,5.0,1760.8,15.0,7483.4,5061.89,Pending,Card,5.0
ORD03661,2025-10-30 02:48:31.327831960,Smartphone,West,Retail,Arun,CUST1229,1.0,25439.68,10.0,22895.71, 17927.84 ,Returned,UPI,5.0
ORD03283,2025-08-22 02:45:16.879219808,Monitor,South,Wholesale,Arun,CUST1223,500,48165.86,5.0,12000000,4500000,Completed,Cash,2.0
ORD01263,2024-08-18 00:00:00,Printer,South,Wholesale,Suresh,CUST1082,3.0,24411.14,5.0%,69571.75,50070.09,Returned,Cash,12.0
ORD00224,2024-02-10 16:59:03.285821455,Keyboard,West,Online,Priya,CUST1086,5.0,25849.13,10.0,116321.09,97517.15,Returned,Cash,7.0
ORD02194,2025-02-04 07:44:30.967741936,Mouse,East,Wholesale,Anita,CUST1029,1.0,64103.86,15.0,54488.28,36080.71,Cancelled,Net Banking,8.0
ORD00374,2024-03-09 02:08:54.733683421,Smartphone,South,Wholesale,Priya,CUST1300,1.0,862.38,15.0,733.02,576.07,Completed,UPI,6.0
ORD01825,2024-11-28 23:07:04.006001504,Keyboard,North,Retail,Anita,CUST1243,7.0,931.4,5.0,6193.81,5573.74,Cancelled,Card,3.0
ORD03365,2025-09-06 02:00:16.204051016,Printer,North,Wholesale,Suresh,CUST1267,7.0,64138.57,20.0,359175.99,305951.64,Returned,Card,5.0
ORD03825,2025-11-29 01:18:29.977494376,Laptop,West,Retail,Karthik,CUST1295,6.0,20571.15,10.0,111084.21,88639.86,Completed,Cash,12.0
ORD03453,2025-09-22 03:32:27.186796704,Tablet,West,Wholesale,Anita,CUST1128,4.0,1646.11,10.0,5926.0,3929.45,Completed,Card,10.0
ORD03572,2025-10-13 20:53:28.402100528,Printer,East,Wholesale ,Anita,CUST1231,5.0,30768.7,10.0,138459.15,99165.01,,Net Banking,2.0
ORD02872,2025-06-08 02:07:28.312078024,Keyboard,North,Retail,Rahul,CUST1017, 6.0 ,2015.39,20.0,9673.87,8686.23,Returned,Net Banking,1.0
ORD00010,2024-01-02 15:25:47.486871717,Headset,South,Online,Priya,CUST1079,3.0,14632.5,20.0,35118.0,25383.55,Pending,Net Banking,10.0
ORD02498,,Monitor,West,Retail,Suresh,CUST1076,8.0,10135.66,0.0, 81085.28 ,70896.86,Completed ,Card,12.0
ORD01945,2024-12-20 20:50:57.164291076,Tablet,East,Online,Arun,CUST1097,6.0,1884.12,20.0,9043.78,6790.09,Cancelled,UPI,
ORD01839,2024-12-01 12:27:11.207801952,,South,Online,Suresh,CUST1217,2.0,13236.88,20.0,21179.01,15777.05,Returned,UPI,12.0
ORD00709,2024-05-09 05:48:55.633908478,Printer,North,Online,Divya,CUST1093,3.0,23356.58,10.0,63062.77,42915.95,Completed,UPI,5.0
ORD00256,2024-02-16 13:10:45.461365341,Mouse,South,Retail,Karthik,CUST1245,1.0,2602.07,0.0,2602.07,1963.42,Completed,Card,7.0
ORD02931,2025-06-18 20:36:32.948237064,Smartphone,South,Retail,Suresh,CUST1132,2.0,27550.38,15.0,46835.65,36508.57,Cancelled,Net Banking,12.0
ORD01618,2024-10-22 04:13:51.807951988,Printer,West,Wholesale,Arun,CUST1137,3.0,11529.26,15.0,29399.61,20831.12,Completed,Cash,4.0
ORD00390,2024-03-12 00:14:45.821455364,Monitor,South,Wholesale,Rahul,CUST1109,8.0,N/A,5.0,180444.44,146211.77,Pending,Card,3.0
ORD01582,2025-99-99,Smartphone,North,Online,Arun,CUST1062,7.0,25994.54,15.0,154667.51,119969.06,Completed,Net Banking,3.0
ORD02957,2025-06-23 14:31:03.465866472,Headset,West,Wholesale,Meena,CUST1109,1.0,16136.28,5.0,,11569.62,Completed,Cash,1.0
ORD00925,2024-06-17 16:07:55.318829708,Mouse,East,Online,Suresh,CUST1124,3.0,62661.11,10.0,169185.0,137285.63,Returned,Card,10.0
ORD03692,2025-11-04 18:37:21.560390104,Printer,South,Wholesale,Anita,CUST1287,2.0,25857.83,20.0,41372.53,32696.2,Returned,Cash,11.0
ORD03138,2025-07-26 15:29:45.146286576,Smartphone,South,Online,Priya,CUST1268,6.0,56799.15,15.0,289675.67,235559.05,,Net Banking,8.0
ORD02509,2025-04-02 19:47:13.008252064,Monitor,East,Online,Meena,CUST1067,7.0,751.45,10.0,4734.14,"₹3,458.37",Returned,Net Banking,1.0
ORD02037,2025-01-06 15:54:35.918979748,Laptop,East,Wholesale,Divya,CUST1270,7.0,1861.07,10.0,11724.74,9389.03,Pending,Card,6.0
ORD03182,2025-08-03 16:15:50.637659416,Monitor,East,Online,Rahul,CUST1198,2.0,2266.22,15.0,3852.57,2956.66,Returned,UPI,10.0
ORD01225,2024-08-11 10:27:38.214553640,Headset,South,Online,,CUST1206,7.0,18496.57,10.0,116528.39,85719.68,Pending,Card,6.0
ORD03007,2025-07-02 17:34:20.615153792,Tablet,North,Online,Karthik,CUST1166,6.0,32827.79,15.0,167421.73,129830.09,Pending,Cash,3.0
ORD02550,2025-04-10 07:24:42.670667672,Tablet,East, wholesale,Karthik,CUST1082,3.0,11661.8,20.0%,27988.32,18471.75,Pending,UPI,2.0
ORD01947,2024-12-21 05:36:41.050262568,Keyboard,West,Retail,Anita,CUST1076,5.0,1914.98,20.0,7659.92,5799.44,Completed,UPI,1.0
 ORD00740,2024-05-14 21:37:45.866466618, keyboard,West,Online,Divya,CUST1023,2.0,60896.71,5.0,115703.75,87807.09,Completed,Card,4.0
ORD00041,2024-01-08 07:14:37.719429857,head set,North ,Wholesale,Anita,CUST1087,8.0,1017.65,15.0,6920.02,5576.32,Completed,Cash,9.0
ORD00869,2024-06-07 10:47:26.511627908,Smartphone, east,Wholesale,Karthik,CUST1210,6.0,883.73,10.0,4772.14,3334.08,Cancelled,Cash,1.0
ORD02780,2025-05-22 07:03:49.557389352,Tablet,North,Wholesale,Meena,CUST1189,2.0,11028.43,10.0,19851.17,16075.02,Cancelled,Cash, 11.0 
ORD00540,2024-04-08 09:24:37.269317330,Tablet,West,Wholesale ,Karthik,CUST1057,2.0,25160.0,20.0,40256.0,35726.81,Pending,Cash,5.0
ORD02746,2025-05-16 02:06:23.495873968,Tablet,North,Retail,Rahul,Cust1060,4.0,24536.13,0.0,98144.52,82240.16,Returned ,Card,7.0
ORD03331,2025-08-30 21:02:50.142535640,Laptop,West,Online,Karthik,CUST1136,4.0,15390.33,5.0,58483.25,,Cancelled,UPI,5.0
ORD02724,2025-05-12 01:43:20.750187552, keyboard,East,Wholesale,Priya,CUST1240,7.0,1701.39,20.0,9527.78,7670.42,Completed,Card,7.0
ORD01372,2024-09-07 06:28:53.833458364,Smartphone,South,Wholesale,Karthik,CUST1148,2.0,19591.0,5.0,37222.9,25505.16,Returned,Net Banking,3.0
ORD01146,2024-07-28 00:21:14.718679672,Monitor,West,Online,Arun,CUST1137,3.0,1871.79,5.0,5334.6,3841.82,Cancelled,UPI,12.0
ORD01032,2024-07-07 04:54:33.218304578,Mouse,East,Online,Priya,CUST1210,5.0,24426.72,10.0,109920.24,84068.1,Returned,Card,10.0
ORD00373,2024-03-08 21:46:02.790697675,Smartphone,North,Retail,Suresh,CUST1199,5.0,19879.12,20.0,79516.48,69568.46,Returned,Net Banking,7.0
ORD00668,2024-05-01 18:11:25.971492874, keyboard,South,Wholesale,Arun,CUST1059,5.0,2927.31,10.0,13172.9,10704.05,Returned,Card,3.0
ORD03020,2025-07-05 02:31:35.873968496,Headset,West,Retail,Suresh,CUST1023,8.0,1558.17,15.0,10595.56,9182.63,Pending,Net Banking,5.0
ORD00358,2024-03-06 04:03:03.645911478,Printer,East,Wholesale,Divya,CUST1284,3.0,2363.98,5.0,6737.34,"5,944.91",Pending,Card,4.0
ORD00968,2024-06-25 12:31:08.867216806,Printer,North,Wholesale,Karthik,CUST1183,1.0,1914.35,5.0,1818.63,1548.1,Returned,UPI,4.0
ORD02832,2025-05-31 18:52:50.592648168,Printer,East,Wholesale,Anita,CUST1159,,2781.57,5.0,15854.95,12599.76,Cancelled,Card,6.0
ORD02784,2025-05-23 00:35:17.329332336,Tablet,SOUTH,Online,Meena,Cust1195,6.0,29982.62,5.0,170900.93,142075.34,Returned,UPI,1.0
ORD01354,2024-09-03 23:37:18.859714928,Monitor,North,Wholesale,Divya,CUST1094,2.0,18992.04,10.0%,34185.67,24490.47,Returned,Cash,4.0
ORD01036,,,West,Retail,Anita,CUST1069,8.0,983.19,15.0,"₹6,685.69",5213.81,Pending,UPI,3.0
ORD03019,2025-07-04 22:08:43.930982752,Mouse,North,Wholesale,Karthik,CUST1262,5.0,16153.77,10.0,72691.97,63127.12,Returned,Card,1.0
ORD00471,2024-03-26 19:06:53.203300826,Printer,South,Retail,Anita,CUST1273,7.0,1653.59,5.0,10996.37,8671.13,Completed,Card,4.0
ORD03554,2025-10-10 14:01:53.428357096,Keyboard,North,,Meena,CUST1087,4.0,23244.17,20.0, 74381.34 ,52898.99,Cancelled,UPI,12.0
ORD01397,2024-09-11 20:00:32.408102028,Tablet,East, wholesale,Suresh,CUST1043,3.0,15375.51,10.0,41513.88,29677.67, completed,UPI,2.0
ORD03975,2025-12-26 10:28:21.425356344,Smartphone,South,retail ,Divya,CUST1241,5.0,25420.75,20.0,101683.0,73183.08,Completed,Cash,9.0
ORD01550,2024-10-09 18:18:59.684921232,Smartphone,North,Retail,Anita,CUST1163,7.0,12344.93,15.0,73452.33,55705.93,Completed,UPI,10.0
ORD01257,2024-08-17 06:39:20.390097524,Tablet,West,Online,Anita,CUST1154,4.0,1766.51,15.0,6006.13,4670.42,Returned,UPI,4.0
ORD02095,2025-01-17 06:00:48.612153040,Headset,West,Online ,Meena,CUST1177,7.0,12835.58,0.0,89849.06,74139.21,Returned,Card,10.0
ORD01556,2024-10-10 20:36:11.342835712,Mouse,South ,on-line,Arun,CUST1021,2.0,29387.9,15.0,49959.43,35496.45,Completed,Card,5.0
ORD03439,2025-09-19 14:12:19.984996256,Monitor,West,Retail,Meena,CUST1171,6.0,13341.33,0.0,80047.98,55855.59,Pending,Cash,7.0
ORD01251,2024-08-16 04:22:08.732183048,Headset,West,Retail,Suresh,CUST1231,2.0,61484.87,0.0,122969.74,,Pending,Net Banking,10.0
ORD01700,2024-11-06 03:28:51.132783196,Printer,East,Online,Divya,cust1138,3.0,20012.15,0.0,60036.45,47679.48,Completed,Card,1.0
ORD01253,2024-08-16 13:07:52.618154540,Tablet,East,Wholesale,Arun,CUST1222,7.0,19627.76,10.0,123654.89,83753.44,Cancelled,Card,1.0
ORD03681,2025-11-02 18:25:50.187546888,Headset,West,Online,Suresh,CUST1194,5.0,,10.0,135275.85,103277.92,Completed,Cash,10.0
ORD03705,2025-11-07 03:34:36.819204808,Mouse,North,,Suresh,CUST1287,1.0,"₹13,248.86",20.0,10599.09,8471.63,Cancelled,Card,7.0
ORD02934,2025-06-19 09:45:08.777194304,Smartphone,North,Retail,Meena,CUST1089,1.0,59597.94,15.0,50658.25,35878.95,Cancelled,UPI,3.0
ORD00080,2024-01-15 10:06:23.495873968,Tablet,West,Online,Karthik,CUST1036,4.0,2263.87,15.0,7697.16,6404.45,Cancelled,Net Banking,6.0
ORD01173,2024-08-01 22:38:37.179294824,Smartphone, west,Online,Anita,CUST1107,3.0,63746.17,15.0,"₹162,552.73",132828.85,Returned,UPI,8.0
ORD00815,2024-05-28 14:12:41.590397600,Headset,North,Retail,Rahul,CUST1193,5.0,23934.5,20.0,95738.0,73009.1,Completed,Cash,3.0
ORD01853,2024-12-04 00:00:00,Printer,West,Wholesale,Rahul,CUST1033,3.0,2902.45,20.0,6965.88,6068.77,Returned,Net Banking,8.0
ORD02221,2025-02-09 06:01:53.428357092,Headset,West,Online,Suresh,CUST1213,7.0,17021.26,15.0,101276.5,86860.37,Returned,Net Banking,2.0
ORD02720,2025-05-11 08:11:52.978244560,Smartphone,South,Retail,Arun,CUST1115,7.0,18280.4,10.0,115166.52,99152.99,Pending,Net Banking,8.0
ORD03495,2025-09-29 19:32:48.792198056,Monitor,South,Online,Karthik,CUST1006,1.0,19286.38,5.0,18322.06,"12,051.65",Returned,Net Banking,8.0
ORD02106,2025-01-19 06:12:19.984996252,Monitor,South,Wholesale,Meena,CUST1247,3.0,24023.27,10.0,64862.83,51656.56,CANCELLED,Net Banking,2.0
ORD00134,2024-01-25 06:41:08.417104276,Headset,West,Retail,Suresh,CUST1258,6.0,16063.89,20.0,77106.67,63660.89,Returned,Card,4.0
ORD01141,2024-07-27 02:26:55.003750938,Laptop,East,Retail,Suresh,cust1245,5.0,13673.71,5.0,64950.12,48093.18,Pending,Cash,11.0
ORD00934,2024-06-19 07:33:42.805701426,Laptop,north,Wholesale,Rahul,CUST1063,6.0,751.99,15.0,3835.15,2650.87,Pending,UPI,9.0
ORD00929,2024-06-18 09:39:23.090772694,Tablet,West,Wholesale,Divya,CUST1096 ,7.0,30570.82,0.0,213995.74,163735.6,Pending,Card,5.0
ORD00824,2024-05-30 05:38:29.077269318,Tablet,West,Retail,Suresh,CUST1153,5.0,2164.94,0.0,10824.7,9271.54,Pending,UPI,6.0
ORD01532,2024-10-06 11:27:24.711177796, tablet,South,Wholesale,Karthik,CUST1168,2.0,22784.43,20.0,36455.09,29379.6,Returned,Net Banking,10.0
ORD01215,2024-08-09 14:38:58.784696176,Headset,West,Retail,Meena,CUST1212,4.0,1679.45,0.0,6717.8,5858.6,Pending,Net Banking,11.0
ORD00505,2024-04-02 00:04:19.264816204,Smartphone,North,Online,Arun,CUST1236 ,6.0,1637.78,5.0,9335.35,7210.22,Returned,UPI,1.0
ORD03952,2025-12-22 05:42:26.736684176,Laptop,west,ONLINE,Karthik,CUST1216,3.0,20171.43,20.0,48411.43,41187.63,Returned,Cash,1.0
ORD02396,2025-03-13 04:43:23.450862720,Tablet,East,on-line,Suresh,CUST1217,4.0,2146.12,0.0,8584.48,7626.03,Pending,Cash,12.0
ORD01997,2024-12-30 08:39:58.199549888,Printer,West,Retail,Karthik,CUST1006,1.0,1963.6,15.0,1669.06,1106.29,Returned,Net Banking,11.0
ORD02435,2025-03-20 07:35:09.227306832,Laptop,South,Online,Karthik,CUST1186,3.0,1862.51,5.0,5308.15,4531.02,Pending,Card,1.0
ORD03073,2025-07-14 18:43:28.852213056,Printer,West,Online,Divya,CUST1259,4.0, 16529.06 ,15.0,56198.8,38891.23,Completed,Net Banking,10.0
ORD01959,2024-12-23 10:11:04.366091524,Tablet,North ,,Priya,CUST1065,7.0,2705.53,20.0,15150.97,11157.95,Returned,Card,7.0
ORD01385,2024-09-09 00:00:00,Headset,West,Retail,Anita,CUST1178,6.0,15003.26,0.0,90019.56,73807.49,Cancelled,Cash,6.0
ORD00895,2024-06-12 04:41:57.029257316,Printer,North,Retail,Priya,CUST1054,1.0,18567.88,10.0,16711.09,13028.0,Completed,Cash,10.0
ORD00829,2024-05-31 03:32:48.792198050,Mouse,North,Wholesale,Priya,CUST1023,6.0,2548.42,20.0,12232.42,8885.4,Pending,UPI,4.0
ORD03940,2025-12-20 01:08:03.420855216,Headset,West, online,Meena,CUST1064,2.0,1895.4, 20.0 ,3032.64,2005.16,Completed,UPI,9.0
ORD02524,2025-04-05 13:30:12.153038264,Laptop,East,Wholesale,Priya,CUST1088 ,6.0,896.69,20.0,4304.11,3366.52,Returned,Cash,6.0
ORD01684,2024-11-03 05:23:00.045011256,Tablet,North,Wholesale,Rahul,CUST1232,2.0,51525.33,15.0,87593.06,62837.33,Pending,UPI,3.0
ORD03423,2025-09-16 16:06:28.897224312,Keyboard,West,Online,Anita,CUST1115,5.0,2065.32,5.0,9810.27,6851.55,Returned,Card,4.0
ORD03686,2025-11-03 16:20:09.902475624,Headset,West,Retail,Suresh,CUST1038,5.0,15940.61,20.0,63762.44,51540.28,Completed,,6.0
ORD03335,2025-08-31 14:34:17.914478624,Smartphone,East,Retail,Priya,CUST1093,5.0,787.24,20.0,3148.96,2149.42,Returned,Net Banking,7.0
ORD00653,2024-04-29 00:28:26.826706678,Tablet,South,Retail,Suresh,CUST1073,6.0,"2,688.15",15.0,13709.57,11896.37,Cancelled,UPI,6.0
ORD00173,2024-02-01 09:32:54.193548387,Headset,North,Wholesale,,CUST1076,1.0,14451.93,20.0,11561.54,9295.04,Pending,UPI,10.0
ORD03198,2025-08-06 14:21:41.725431360,Keyboard,North,Online,Suresh,CUST1226,6.0,25885.89,5.0,147549.57,106157.9,Completed,Net Banking,8.0
ORD00039,2024-01-07 22:28:53.833458364,Mouse,West,Wholesale,Rahul,CUST1284,5.0,1975.78,15.0,8397.06,5613.53,Pending ,Card,7.0
ORD03815,2025-11-27 05:29:50.547636912,Keyboard,South,Retail,Anita,CUST1008,6.0,2059.96,N/A,11123.78,9318.03,Completed,Cash,4.0
ORD00714,2024-05-10 03:43:15.348837210,Keyboard,North,Online,Arun,CUST1247,8.0,,20.0,289265.98,256854.58,Cancelled,Cash,11.0
ORD00091,2024-01-17 10:17:54.868717179,Laptop,West,Retail,Arun,CUST1290,5.0,848.51,10.0,3818.3,2590.21,Completed,Net Banking,5.0
ORD03936,2025-12-19 07:36:35.648912232,Mouse,South,Wholesale,Suresh,CUST1071,1.0,2805.29,15.0,2384.5,1569.0,Completed,UPI,10.0
ORD01206,2024-08-07 23:13:11.297824456,lapTop,North,Wholesale,Karthik,CUST1013,7.0,58727.83,15.0,349430.59,239408.26,Cancelled,UPI,5.0
ORD02924,2025-06-17 13:56:29.347336840,Tablet,North,Retail,Priya,CUST1210,5.0,2240.36,10.0,10081.62,8408.16,pendng,Card,3.0
ORD03280,2025-08-21 13:36:41.050262568,Laptop ,West,Online,Karthik,CUST1015,1.0,60047.66,20.0,48038.13,42695.99,Returned,UPI,3.0
ORD03435,2025-09-18 20:40:52.213053264,Laptop,South,Wholesale,Anita,CUST1167,7.0,1850.59,15.0,11011.01,9794.24,Pending,Card,8.0
ORD03142,2025-07-27 09:01:12.918229560,Laptop,North,Wholesale,Arun,CUST1156,2.0,984.95,20.0,1575.92,1305.5,Completed,UPI,unknown
ORD01828,2024-11-29 12:15:39.834958740,Mouse,east,Wholesale,Suresh,CUST1120,1.0,12464.5,5.0,11841.27,8302.06,Returned,Card,8.0
ORD01156,2024-07-29 20:09:54.148537136,Mouse,East,Wholesale,Divya,cust1231,3.0,902.4,10.0,2436.48,2116.22,Cancelled,Net Banking,10.0
ord01325,2024-08-29 16:34:12.513128284,Smartphone,South,whole-sale,Priya,CUST1295,2.0,11709.39,15.0,19905.96,15216.61,Completed,,9.0
ORD00217,2024-02-09 10:18:59.684921230,Monitor,West,Wholesale,Divya,CUST1197,3.0,"1,876.61",20.0,4503.86,3041.37,Pending,UPI,9.0
ORD00511,2024-04-03 02:21:30.922730683,Headset,East,Retail,Divya,,7.0,12852.86,5.0,"85,471.52",61910.21,Completed,Net Banking,10.0
ORD01681,2024-11-02 16:14:24.216054016,Printer,North,Online,Karthik,CUST1065,1.0,not available,10.0,2489.96,1787.76,Cancelled,Net Banking,1.0
ORD00500,2024-04-01 02:09:59.549887472,Headset,East,Retail,Suresh,CUST1029,8.0,25565.88,5.0,194300.69,147960.26,Cancelled,Cash,9.0
ORD03287,2025-08-22 20:16:44.651162792,Printer,East,Online,Priya,CUST1148,3.0,2120.66,20.0,5089.58,4429.54,Pending,UPI,5.0
ORD01857,2024-12-04 19:18:46.181545388,Mouse,North,Online,,CUST1084,7.0,23633.47,0.0,165434.29,133285.84,Returned,Card,8.0
ORD01389,2024-09-10 08:57:36.864216056, laptop,South,Online,Arun,CUST1136,5.0,"10,029.65",5.0,47640.84,32940.66,Returned,UPI,4.0
ORD01520,2024-10-04 06:53:01.395348840,Printer,South,Retail,Priya,CUST1238,4.0,18574.62,10.0,66868.63,52135.82,Completed,Card,3.0
ORD02387,2025-03-11 13:17:35.963991,Keyboard,North,Retail,Priya,CUST1070,500,19899.26,15.0,5000000,22000000,Cancelled,Cash,10.0
ORD03622,2025-10-22 23:56:45.551387848,Mouse,East,Retail,Rahul,CUST1165,2.0,10357.36,5.0,19678.98,15408.31,Returned,UPI,9.0
ORD02077,2025-01-13 23:09:13.638409604,Laptop,North,Wholesale,Priya,CUST1239,5.0,16145.54,5.0,76691.32,56686.32, completed,Net Banking,8.0
ORD01541,2024-10-08 02:53:12.198049512,Tablet,East,Retail,Rahul,CUST1129,3.0,30384.28,10.0,82037.56,71434.08,Pending,Net Banking,8.0
ORD01218,2024-08-10 03:47:34.613653416,Monitor,West,Retail,Arun,CUST1236,6.0,17490.13,20.0,83952.62,62743.71,Returned,Net Banking,10.0
ORD02682,2025-05-04 09:42:59.144786200,Laptop,East,Online,Arun,CUST1161,2.0,12189.16,10.0,21940.49,18073.31,Returned,Cash,11.0
ORD03819,2025-11-27 23:01:18.319579896,Laptop,West,Retail,Suresh,CUST1253,1.0,14063.76,15.0,11954.2,9633.04,Completed,Net Banking,4.0
ORD02994,2025-06-30 08:37:05.356339088,Tablet,North,Online,Rahul,CUST1175,1.0,22529.52,15.0,19150.09,16910.81,Returned,UPI,1.0
ORD01417,2024-09-15 11:37:51.267816956,Smartphone,East,Wholesale,Meena,CUST1246,1.0,12939.91, 15.0 ,10998.92,7943.65,Completed,UPI,3.0
ORD02218,2025-02-08 16:53:17.599399852,Monitor,East,Retail,Anita,CUST1198,5.0,23693.17,0.0,118465.85,85313.21,Completed,Cash,9.0
ORD03892,2025-12-11 06:50:30.157539392,Keyboard,East,Wholesale,Rahul,CUST1047,6.0,13638.16,0.0,81828.96,53454.98,Cancelled,Cash,12.0
ORD01677,2024-11-01 22:42:56.444111028,Mouse,East,on-line,Anita,CUST1250,8.0,32111.01,10.0,231199.27,179587.48,Returned,Cash,12.0
ORD01198,2024-08-06 12:10:15.753938484,Tablet,West,Online,Karthik,CUST1106,4.0,31932.18,10.0,114955.85,84661.46,Returned,Card,11.0
ORD01543,2024-10-08 11:38:56.084021008,Printer,North ,Retail,Priya,CUST1168,2.0,16086.15,10.0,28955.07,23743.97,Pending,Cash,12.0
ord02961,2025-06-24 08:02:31.237809456,Mouse,North,Retail,Karthik,CUST1241,1.0,24063.58,5.0,22860.4,20379.11,Returned,Card,3.0
ORD02540,2025-04-08 11:36:03.240810208,Laptop,North,Wholesale,Suresh,CUST1009,1.0,21869.3,10.0,19682.37,14905.21,Returned,upi,5.0
ORD00954,2024-06-22 23:11:01.665416354,Mouse,North,Wholesale,Divya,CUST1160,8.0,17473.6,0.0,139788.8,103721.22,Returned,Card,9.0
ORD03146,2025-07-28 02:32:40.690172544,Laptop,East,Retail,Arun,CUST1057, 2.0 ,19170.86,15.0,32590.46,24356.76,Pending,Cash,12.0
ORD03081,,Monitor,South,Wholesale,Karthik,CUST1126,7.0,10508.68,5.0,69882.72,50685.51,Cancelled,Net Banking,6.0
ORD02636,2025-04-26 00:11:09.767441864,Tablet,East,Retail,Arun,CUST1246,7.0,2223.41,10.0,14007.48,9556.85,RETURNED,Net Banking,9.0
ORD00751,2024-05-16 21:49:17.239309828,Mouse,South,Retail,Priya,CUST1142,5.0,15103.04,,75515.2,58131.26,Pending,UPI,2.0
ORD02706,2025-05-08 18:51:45.776444112,Tablet,West,Wholesale,Rahul,CUST1142,3.0,29892.71,5.0,85194.22,61200.86,Returned,UPI,10.0
ORD00235,2024-02-12 17:10:34.658664666,Smartphone,South,Retail,Priya,CUST1085,5.0,25213.85,0.0,126069.25,112303.2,Pending,Card,9.0
ORD00733,2024-05-13 14:57:42.265566392,Tablet,East,Retail,Suresh,CUST1247,4.0,33034.09,20.0,105709.09,69985.02,Returned,Card,4.0
ORD03989,2025-12-28 23:48:28.627156792,Printer,South,Retail,Suresh,CUST1185,7.0,1036.64,0.0,7256.48,6090.85,Completed,Card,2.0
ORD03607,2025-10-20 06:13:46.406601656,Smartphone,North,Retail,Suresh,CUST1046,7.0,2290.49,5.0,15231.76,11839.32,Returned,Cash,11.0
ORD01157,2024-07-30 00:32:46.091522880,Printer,South,Retail,Divya,CUST1072,7.0,11972.12,0.0,83804.84,69186.32,Returned,Cash,1.0
ORD03450,2025-09-21 14:23:51.357839464,Smartphone,East,Wholesale,Divya,CUST1173,4.0,26186.2,10.0,94270.32,71215.91,Completed,Net Banking,1.0
ORD02446,2025-03-22 07:46:40.600150040,Headset,West,Online,Meena,CUST1001,7.0,11205.56,ten,74516.97,49474.44,Cancelled,UPI,2.0
ORD02983,2025-06-28 08:25:33.983495880,Laptop,South,Online,Priya,CUST1095,8.0,894.78,5.0,6800.33,5946.09,Cancelled,Cash,8.0.0
ORD01210,2024-08-08 16:44:39.069767444,Monitor,East,Wholesale,Anita,CUST1180,3.0,2077.86,15.0,5298.54,3957.99,Cancelled,Net Banking,6.0
ORD01066,2024-07-13 09:51:59.279819956,Monitor,West,Wholesale,Anita,CUST1161,1.0,10540.85,10.0,9486.77,6196.3,Pending,Cash,8.0
ORD02157,2025-01-28 13:38:29.077269320,Laptop,North,Wholesale,Divya,CUST1027,1.0,2161.91,15.0,1837.62,1596.49,Pending,Net Banking,1.0
ORD01063,2024-07-12 20:43:23.450862716,Monitor,West,Retail,,CUST1289,1.0,17614.2,15.0,14972.07,12231.88,Completed,Cash,6.0
ORD02617,2025-04-22 12:56:42.850712680,Keyboard,South,Wholesale,Anita,CUST1207,8.0,16085.93,15.0,109384.32,82331.71,Returned,Net Banking,11.0
ORD01168,2024-08-01 00:44:17.464366092,Smartphone,North,Wholesale,Divya,CUST1233,3.0,2153.04,10.0,5813.21,4336.42,Returned,UPI,7.0
ORD03223,2025-08-11 03:53:20.300075024,Monitor,North,Retail,Rahul,CUST1067,8.0,1861.74,10.0,13404.53,10519.85,Completed, upi,7.0
ORD01493,2024-09-29 08:35:38.934733684,Smartphone,South,Retail,Arun,CUST1151,6.0,915.04,15.0,4666.7,4161.57,Pending,Net Banking,12.0
ORD02939,2025-06-20 07:39:28.492123032,Headset,South,Wholesale,Meena,CUST1140,3.0,16981.86,0.0,50945.58,41638.69,Cancelled,Credit Card,11.0
ORD02996,2025-06-30 17:22:49.242310584,Monitor,West,Online,Priya,CUST1208,3.0,23093.87,0.0,69281.61,54420.97,Cancelled,UPI,12.0
ORD03097,2025-07-19 03:52:15.483870968,Smartphone,North,Retail,Divya,CUST1114,7.0,991.61,15.0,5900.08,5217.86,Cancelled,UPI,3.0
ORD03281,2025-08-21 17:59:32.993248312,Tablet,North,Wholesale,Divya,CUST1292,5.0,25380.73,10.0,114213.29,83476.34,Returned,UPI,3.0
ORD03543,2025-10-08 00:00:00,Keyboard,West,Online,Arun,CUST1196,1.0,29492.87,20.0,23594.3,15444.58,Returned,UPI,12.0
ORD03141,2025-07-27 04:38:20.975243816,Tablet,East,Online,Suresh,CUST1136,4.0,31294.83,0.0,125179.32,98974.76,Returned,Cash,11.0
ORD00885,2024-06-10 08:53:17.599399850,Mouse,North,Wholesale,Meena,CUST1197,7.0,2388.3,20.0,13374.48,10012.39,Returned,Net Banking,9.0
ORD00144,2024-01-27 02:29:47.846961740,Tablet,South,Wholesale,Anita,CUST1019,8.0,2469.04,5.0,18764.7,14742.7,Cancelled,Card,1.0
ORD03922,2025-12-16 18:16:28.447111784,Keyboard,South,Online,Arun,CUST1002,6.0,46431.36,0.0,278588.16,213446.55,Returned,Cash,11.0
ORD00851,2024-06-04 03:55:51.537884472,MOUSE,West,Wholesale,Suresh,CUST1068,8.0,2919.24,5.0,,16819.92,Completed,UPI ,1.0
ORD02783,2025-05-22 20:12:25.386346592,Smartphone,South,Retail,Arun,CUST1282,5.0,2887.61,10.0,12994.25,8526.32,Cancelled,Net Banking,1.0
ORD00718,2024-05-10 21:14:43.120780196,Tablet,West,Wholesale,Anita,CUST1202,1.0,,0.0,2175.69,1430.5,Completed,UPI,9.0
ORD03788,2025-11-22 07:12:28.087021760,Printer,North,Wholesale,Priya,CUST1007,4.0,23044.22,10.0,82959.19,57420.18,Returned,UPI,11.0
ORD02503,2025-04-01 17:30:01.350337584,Headset,East,Wholesale,Rahul,CUST1147,8.0,2832.68,10.0,20395.3,13706.33,Pending,Cash,9.0
ORD00265,2024-02-18 04:36:32.948237059,Smartphone,East,Wholesale,Suresh,CUST1123,7.0,756.27,20.0,4235.11,3668.37,Completed,Card,2.0
ORD00076,2024-01-14 16:34:55.723930982,Smartphone,West,Wholesale,Arun,CUST1278,5.0,1032.28,10.0,4645.26,3297.63,Returned,Net Banking,1.0
ORD02493,2025-03-30 21:41:21.920480120,Printer,South,Retail,Karthik,CUST1170,5.0,22401.23,5.0,106405.84,73237.66,Returned,UPI,5.0
ORD00396,2024-03-13 02:31:57.479369843,Smartphone,North,Retail,Arun,CUST1273,3.0,10502.48,20.0,25205.95,20077.99,Completed,UPI,8.0
ORD03382,2025-09-09 04:28:59.234808704,printer ,West,Wholesale,Suresh,CUST1070,2.0,2197.66,0.0,4395.32,3170.33,Completed,Card,6.0
ORD02225,2025-02-09 23:33:21.200300076,Keyboard,South,Wholesale,Karthik,CUST1109,2.0.0,11283.71,10.0,20310.68,16913.06,Pending,Cash,2.0
ORD03091,2025-07-18 01:35:03.825956488,Tablet,East,Retail,Suresh,CUST1149,1.0,930.29,20.0,744.23,522.84,Completed,Card,6.0
ORD03727,2025-11-11 03:57:39.564891224,Laptop,East,Retail,Priya,CUST1190,7.0,25660.17,10.0,161659.07,129489.12,Pending,Net Banking,5.0
ORD00397,2024-03-13 00:00:00,Printer,East,Online,Suresh,CUST1118,1.0,22046.64,15.0,18739.64,15045.37,Returned,Net Banking,6.0
ORD01366,2024-09-06 04:11:42.175543888,Monitor,North,Retail,Divya,CUST1208,3.0,13068.96,15.0,33325.85,25609.33,Cancelled,Card,12.0
ORD03316,2025-08-28 03:19:50.997749440,Laptop,North,Online,Meena,CUST1291 ,5.0,27113.14,5.0,128787.42,88167.79,Pending,Card,1.0
ORD01904,2024-12-13 09:13:27.501875472,Monitor,East,Wholesale,Rahul,CUST1210,8.0,27306.84,10.0,196609.25,144877.36,Cancelled,UPI,6.0
ORD00596,2024-04-18 14:45:06.076519130,SMARTPHONE,East,Wholesale,,CUST1133,5.0,10130.95,15.0,43056.54,34253.31,Pending,UPI,3.0
ORD02110,2025-01-19 23:43:47.756939236,Laptop,East,Retail,Suresh,CUST1014,5.0,2670.38,20.0,10681.52,7616.76,Returned,Net Banking,3.0
ORD01297,2024-08-24 13:53:58.109527384,Laptop,West,Online,Divya,CUST1239,5.0,22415.81,0.0,112079.05,87426.42,Pending,Net Banking,11.0
ORD01822,2024-11-28 09:58:28.177044264,Keyboard,East,Retail,Anita,CUST1010,4.0,54367.77,5.0,206597.53,158372.47,Cancelled,Net Banking,9.0
ORD00873,2024-06-08 04:18:54.283570894,Keyboard,South,Retail,Karthik,CUST1091,8.0,14547.23,5.0,110558.95,85167.54,Returned,Card,2.0
ORD03448,2025-09-21 05:38:07.471867968,Mouse,South,Online,Arun,CUST1072,5.0,897.32,5.0,4262.27,3725.48,Returned,Card,10.0
ORD03877,2025-12-08 13:07:31.012753192,Headset,South,Retail,Suresh,CUST1114,7.0,19055.25,10.0,120048.07,90797.05,Cancelled,Cash,1.0
ORD02327,2025-02-28 14:25:39.384846216,Tablet,south,Online,Priya,CUST1141,6.0,27752.8,5.0,158190.96,136404.03,Completed,Net Banking,6.0
ORD01549,2024-10-09 13:56:07.741935484,Mouse,East, online,Priya,CUST1111,8.0,2109.1,0.0,16872.8,11397.13,Pending,Cash,
ORD00037,2024-01-07 13:43:09.947486871,Mouse,West ,Wholesale,Priya,CUST1198,7.0,23015.66,10.0,144998.66,123809.33,Pending,Cash,1.0
ORD03476,2025-09-26 08:18:21.875468872,Keyboard,SOUTH,Online,Rahul,CUST1005,3.0,1963.77,20.0,4713.05,3621.71,Completed,Card,12.0
ORD02711,2025-05-09 16:46:05.491372848,Smartphone,South,Retail,Anita,CUST1048,1.0,10670.55,15.0,9069.97,6597.2,Completed,UPI,10.0
ORD03353,2025-09-03 21:25:52.888222056,Mouse,East,Retail,Divya,CUST1102,2.0,886.83,10.0,1596.29,1364.02,Returned,Card,4.0
ORD02144,2025-01-26 04:41:13.818454616,Smartphone,West,Retail,Rahul,CUST1208,2.0,2834.72,20.0,4535.55,3602.34,Pending,Net Banking,6.0
ORD03532,2025-10-06 13:38:50.682670672,Monitor,South,Retail,Arun,CUST1027,3.0,29785.11,10.0,80419.8,67924.89,Pending,Cash,7.0
ORD00978,2024-06-27 08:19:48.297074270,Headset,East,Wholesale,Divya,CUST1240,2.0,14152.86,5.0,26890.43,23751.73,Cancelled,Net Banking,8.0
ORD01572,2024-10-13 18:42:02.430607652,Tablet,West ,Online,Karthik,CUST1029,1.0,2576.0,5.0,2447.2,1920.03,Cancelled,Card,11.0
ORD01123,2024-07-23 19:35:20.030007502,mouSE,South,Online,Divya,CUST1156,8.0,31585.42,20.0,202146.69,157747.48,Cancelled,Cash,8.0
ORD02787,2025-05-23 00:00:00,Mouse, north,Wholesale,Divya,CUST1288,8.0,16737.93,20.0,107122.75,86938.41,Returned,UPI,9.0
ORD02240,2025-02-12 17:16:20.345086272,Tablet,North,Retail,Priya,CUST1050,1.0,930.38,10.0,837.34,664.76,Cancelled,Card,1.0
ORD02968,2025-06-25 14:42:34.838709680,Headset,North,Wholesale,,CUST1212,7.0,11522.16,0.0,80655.12,67198.07,Cancelled,Cash,8.0
ORD02505,2025-04-02 02:15:45.236309080,Headset,East,Online,Rahul,CUST1077,8.0,10625.45,15.0,72253.06,54737.95,Completed,Net Banking,7.0
ORD01893,2024-12-11 09:01:56.129032260,Smartphone,east,Wholesale,Arun,CUST1238,4.0,16625.3,10.0,59851.08,40466.13,Completed,Cash,4.0
ORD00676,2024-05-03 05:14:21.515378846,Headset,North,Wholesale,Arun,CUST1271,7.0,2830.33,15.0,16840.46,13382.59,Completed,Net Banking ,10.0
ORD02809,2025-05-27 14:06:55.903976,Laptop,West,Online,Anita,CUST1020,6.0,2839.41,10.0,15332.81,10898.48,Returned,Net Banking,1.0
ORD03069,2025-07-14 01:12:01.080270072,Keyboard,West,Wholesale,Meena,CUST1175,8.0,871.0,10.0,6271.2,5539.34,Completed,Cash,11.0
ORD00729,2024-05-12 21:26:14.493623406,Laptop,South,Retail,Divya,CUST1034,2.0,2670.57,0.0,5341.14,4375.08,Pending,UPI,8.0
ORD00413,2024-03-16 05:00:40.510127532,Monitor,North,Online,Divya,CUST1080,5.0,15201.94,5.0,72209.21,63541.5,Completed,UPI,2.0
ORD03147,2025-07-28 06:55:32.633158296,Headset,South,Retail,Divya,CUST1195,4.0,25577.48,5.0,97194.42,70945.14,Completed,Net Banking,7.0
ORD01517,2024-10-03 17:44:25.566391600,Printer,North,Wholesale,Karthik,CUST1177,3.0,2725.85,15.0,6950.92,4694.26,COMPLETED,UPI,12.0
ORD01650,2024-10-28 00:25:33.983495876,Laptop,West,Retail,Rahul,CUST1189,5.0,859.65,0.0,4298.25,3657.61,Cancelled,Net Banking,6.0
ORD00826,2024-05-30 14:24:12.963240810,Tablet,South,Wholesale,Anita,CUST1161,3.0,23324.5,20.0,55978.8,40628.41,Completed,UPI,3.0
ORD03268,2025-08-19 09:02:17.734433608,,North,Wholesale,Meena,CUST1202,5.0,18637.26,0.0,93186.3,66403.6,Pending,Net Banking,7.0
ORD00617,2024-04-22 10:45:16.879219806,Keyboard,East,Wholesale,Arun,CUST1017,8.0,1614.09,15.0,10975.81,7219.71,Returned,UPI,7.0
ORD00115 ,2024-01-21 19:26:41.500375094,Laptop,South,Retail,Anita,CUST1218,3.0,25105.01,20.0,60252.02,48670.66,Returned,Net Banking,7.0
ORD00418,2024-03-17 02:55:00.225056264,Headset,West,Online,Suresh,CUST1191,6.0,899.47,5.0,5126.98,3869.49,Cancelled,Net Banking,5.0
ORD03070,2025-07-14 05:34:53.023255816,Tablet,West,Online,Suresh,CUST1271,7.0,23088.23,0.0,161617.61,137448.74,Returned,Cash,7.0
ORD01626,2024-10-23 15:16:47.351837960,Smartphone,North,Online,Meena,CUST1184,2.0,28327.64,10.0,50989.75,34614.32,Pending,Card,12.0
ORD03018,2025-07-04 17:45:51.987997,Smartphone,South,Retail,Karthik,CUST1284,4.0,945.1,10.0,3402.36,2412.0,Completed,Cash,1.0
ORD02653,2025-04-29 02:39:52.798199552,Keyboard,North,Online,Anita,CUST1172,8.0,14637.34,0.0,117098.72,91792.0,Returned,Cash,12.0
ORD03917,,Keyboard,West,Online,Arun,CUST1278,8.0,804.81,10.0,5794.63,5036.35, cancelled,Card,8.0
ORD00090,2024-01-17 05:55:02.925731433,Headset,East,Online,Suresh,CUST1248,7.0,2083.0,10.0,13122.9,8981.05,Completed,Card,7.0
ORD02897,2025-06-12 00:00:00,Tablet,East,Wholesale,Anita,CUST1078,8.0,2918.9,10.0,21016.08,18472.16,Pending,UPI,7.0
ORD03481,2025-09-27 06:12:41.590397600,Printer,East,Retail,Karthik,CUST1260,7.0,12135.39,5.0,80700.34,60519.6,Completed,Card,3.0
ORD02083,2025-01-15 01:26:25.296324084,Printer,South,Retail,Priya,CUST1198 ,2.0,1869.42,0.0,3738.84,2793.59,Completed,Card,8.0
ORD00754,2024-05-17 10:57:53.068267068,Monitor,North,Retail,Meena,CUST1265,7.0,22634.97,5.0,150522.55,117919.46,Returned,Net Banking,6.0
ORD02547,2025-04-09 18:16:06.841710432,Smartphone,South,Retail,Anita,CUST1289,5.0,24646.58,10.0,110909.61,75362.32,Completed,Cash,4.0
ORD03325,2025-08-29 18:45:38.484621160,Monitor,West,Online,Priya,CUST1066,3.0,960.17,0.0,2880.51,2490.91,Completed,Cash,11.0
ORD01631,2024-10-24 13:11:07.066766692,Headset,North,Online,Rahul,CUST1041,1.0,49145.46,15.0,41773.64,32456.08,Returned,Cash,7.0
ORD00012,2024-01-03 00:11:31.372843210,Headset ,South,Wholesale,Rahul,CUST1257,7.0,1665.31,5.0,11074.31,8212.6,Pending,UPI,11.0
ORD02445,2025-03-22 03:23:48.657164296,Tablet,North,Wholesale,Rahul,CUST1195,1.0,1492.43,5.0,1417.81,1166.17,Completed,Cash,5.0
ORD00285,2024-02-21 20:13:51.807951988,Monitor,North,Retail,Rahul,CUST1229,3.0,13745.97,10.0,37114.12,27355.48,Pending,UPI,10.0
ORD01067,2024-07-13 14:14:51.222805702,Printer,South,Retail,Karthik,CUST1007,2.0.0,2553.78,0.0,5107.56,3993.35,Pending,UPI,3.0
ORD01192,2024-08-05 09:53:04.096024008,Printer,South,Wholesale,Karthik,CUST1204,5.0,1034.99,15.0,4398.71,3333.11,Pending,Card,11.0
ORD01441,2024-09-19 20:46:37.899474872,Printer,East,Online,Meena,CUST1251,3.0,14090.45,5.0,40157.78,34686.59,Returned,Cash,7.0
ORD03982,2025-12-27 17:08:25.026256568,Monitor,North,Retail,Suresh,CUST1092,3.0,10397.19,15.0,26512.83,20338.4,Cancelled,Card,3.0
ORD03731,2025-11-11 21:29:07.336834208,Keyboard,South,Retail,Suresh,CUST1134,1.0,11911.25,15.0,10124.56,7510.6,Cancelled,Upi,3.0
ORD02739,2025-05-14 19:26:19.894973744,Tablet,South,Retail,Arun,CUST1089,6.0,20648.68,10.0,111502.87,91805.26,Returned,,1.0
ORD03606,2025-10-20 01:50:54.463615904,Monitor,East,Retail,Divya, CUST1272,3.0,27559.67,15.0,70277.16,48680.43,Completed,UPI,10.0
ORD01569,2024-10-13 05:33:26.601650416,Tablet,North,Online,Divya,CUST1187,4.0,1957.39,20.0,6263.65,5226.89,Pending,Card,6.0
ORD02428,2025-03-19 00:55:05.626406600,Smartphone,South,Retail,Karthik,CUST1290,7.0,2614.9,15.0,15558.65,10860.0,Returned,,1.0
ORD02738,2025-05-14 15:03:27.951988,Tablet,West,Wholesale,Priya,CUST1277,4.0,12353.07,10.0,44471.05,33455.38,Returned,Net Banking,12.0
ORD03484,2025-09-27 19:21:17.419354840,Mouse,North,Wholesale,Anita,CUST1169,3.0,16849.79,10.0,45494.43,33690.69,Returned,Net Banking,2.0
ORD01688,2024-11-03 22:54:27.816954240,Mouse,South,Online,Anita,CUST1132,7.0,31174.59,20.0,174577.7,147431.97,Completed,Cash,9.0
ORD00852,2024-06-04 08:18:43.480870218,Laptop,North,Online,Divya,CUST1220,3.0,20509.58,10.0,55375.87,43001.33,Completed,Net Banking,8.0
ORD02208,2025-02-06 21:04:38.169542388,Headset,SOUTH,Retail,Suresh,CUST1274,7.0,14518.26,20.0,81302.26,62798.76,Completed,UPI,10.0
ORD00896,2024-06-12 09:04:48.972243062,Keyboard,North,Wholesale,Priya,CUST1034,1.0,786.65,5.0,747.32,623.53,Pending,UPI,5.0
ORD00497,2024-03-31 13:01:23.720930233,Smartphone,North,Wholesale,Suresh,CUST1212,1.0,25703.22,15.0,21847.74,17424.83,Completed,Cash,6.0
ORD02306,2025-02-24 18:25:28.582145536,Tablet,East,Online,Divya,CUST1232,7.0,2355.32,0.0,16487.24,10974.04,Completed,Card,4.0
ORD01783,2024-11-21 07:06:42.400600152,Printer,WEST,Retail,Rahul,CUST1159,1.0,54176.94,5.0,51468.09,42782.93,Returned,Net Banking,7.0
ORD00336,2024-03-02 03:40:00.900225057,Keyboard,South,Wholesale,Arun,CUST1056,1.0,794.17,15.0,675.04,590.11,Completed,UPI,12.0
ORD02840,2025-06-02 05:55:46.136534136,Mouse,North,Online,Priya,CUST1125,7.0,1937.52,15.0,11528.24,8000.28,Cancelled,Net Banking,2.0
ORD03088,2025-07-17 12:26:27.996999256,Mouse,North,Retail,Divya,CUST1240,6.0,22094.55,0.0,132567.3,103634.74,Returned ,UPI, 6.0 
ORD00516,2024-04-04 00:15:50.637659415,Printer,South,Retail,Meena,CUST1221,3.0,12499.84,15.0,31874.59,25469.95,Returned,Cash,9.0
ORD01349,2024-09-03 01:42:59.144786196,Smartphone,North,WHOLESALE,Arun,CUST1190,7.0,58515.34,0.0,409607.38,298180.23,CANCELLED,Net Banking,5.0
ORD01016,2024-07-04 06:48:42.130532634,Mouse,East,Wholesale,Meena,CUST1015,1.0,802.18,20.0,641.74,507.83,Cancelled,Net Banking,7.0
ORD02817,2025-05-29 01:09:51.447861968,Laptop,West,Wholesale,Arun,CUST1219,8.0,1596.91,15.0,10858.99,7569.35,Cancelled,Net Banking,3.0
ORD03745,2025-11-14 10:49:14.538634664,Smartphone,South,Retail,Rahul,CUST1124,6.0,15536.1,5.0,88555.77,75437.96,Returned,UPI,6.0
ORD03738,2025-11-13 04:09:10.937734440,Printer,West,Retail,Suresh,CUST1172,8.0,21194.14,15.0,144120.15,111591.05,Completed,Cash,7.0
ORD02810,2025-05-27 18:29:47.846961744,Tablet ,South,Online,Meena,CUST1300,6.0,28509.75,0.0,171058.5,119419.92, pending,Cash,5.0
ORD03295,2025-08-24 07:19:40.195048768,Tablet,West,Online,Divya,CUST1255,1.0,19553.21,5.0,18575.55,15745.16,Completed,Card,6.0
ORD03252,2025-08-16 10:56:26.646661672,Mouse,East,Retail,Karthik,CUST1212,7.0,27742.49,0.0,194197.43,126712.33,Completed,Cash,6.0
ORD03771,2025-11-19 04:43:45.056264072,Mouse,West,Retail,Anita,CUST1148,3.0,1600.33,5.0,4560.94,3034.41,complete,Cash ,10.0
ORD03984,2025-12-28 01:54:08.912228064,Headset,West,Wholesale,Divya,CUST1084,8.0,13784.44,,88220.42,58066.68,Pending,Net Banking,4.0
ORD01782,2024-11-21 02:43:50.457614404,Keyboard,East,Wholesale,Anita,CUST1146,8.0,756.46,15.0,5143.93,3881.88,Returned,UPI,12.0
ORD02570,2025-04-13 00:00:00,Monitor,South,Retail,Rahul,CUST1278,3.0,1918.66,10.0,5180.38,4575.01,Pending,Card,9.0
ORD01786,2024-11-21 00:00:00,Printer,East,Wholesale,Suresh,CUST1096,1.0,13994.93,20.0,11195.94,8783.28,Returned,Net Banking,2.0
ORD02071,2025-01-12 20:52:01.980495124,Printer,West,Online,Karthik,CUST1032,8.0,11320.6,0.0,90564.8,61914.09,COMPLETED,Net Banking,3.0
ORD00357,2024-03-05 23:40:11.702925732,Printer,West,Wholesale,Meena,cust1141,6.0,11877.21,20.0,57010.61,42926.72,Returned,Cash,5.0
ORD03802,2025-11-24 20:32:35.288822208,Laptop,East,Online,Arun,CUST1225,5.0,28808.7,5.0,136841.32,119874.19,Pending,Net Banking,5.0
ORD03326,2025-08-29 23:08:30.427606904, mouse,West,Online,Rahul,CUST1139,1.0,23854.83,10.0,21469.35,18597.8,Returned,Card,3.0
ORD01313,2024-08-27 11:59:49.197299328,Headset,East,Wholesale,Meena,CUST1040,3.0,11470.01,15.0,29248.53,26061.01,COMPLETED,UPI,1.0
ORD01636,2024-10-25 11:05:26.781695424,Printer,North,Online,Rahul,CUST1168,6.0,10934.14,5.0,62324.6,40666.47,Cancelled,UPI,7.0
ORD00551,2024-04-10 09:36:08.642160541,Smartphone,North,Wholesale,Anita,CUST1275,1.0,756.74,15.0,643.23,573.94,Pending,Card,2.0
ORD02389,2025-03-11 22:03:19.849962496,lapTop,East,Online,Priya,CUST1149,6.0,12303.23,20.0,,42930.68,complete,Net Banking,2.0
ORD02480,2025-03-28 12:44:06.661665416,Printer,West,Wholesale,Karthik,CUST1263,5.0,19516.44,0.0,97582.2,81709.71,Pending,Cash,7.0
ORD02522,2025-04-05 04:44:28.267066768,Monitor,South,Online,Divya,CUST1264,2.0,800.22,20.0,1280.35,1045.63,Cancelled,Card,5.0
ORD02266,2025-02-17 11:10:50.862715680,Headset,West,Retail,Meena,CUST1141,5.0,not available,5.0,7838.35,5484.19,Completed,Cash ,1.0
ORD02960,2025-06-24 03:39:39.294823712,Smartphone,East,Wholesale,Suresh,CUST1127,7.0,2306.86,15.0,13725.82,10931.96,Pending,Cash,12.0.0
ORD01228,2024-08-11 23:36:14.043510880,Headset,North,Wholesale,Meena,CUST1177,4.0,22637.3,20.0,72439.36,49606.41,Completed,Card,10.0
ORD03567,2025-10-12 22:59:08.687171800,Printer,West, wholesale,Priya,CUST1236,,29726.75,5.0,197682.89,136509.1,Cancelled,Card,5.0
ORD03060,2025-07-12 09:46:13.593398352,Monitor,North,Wholesale,Divya,CUST1207,6.0,50347.94,5.0,286983.26,234756.58,Pending,Card,12.0
ORD00958,2024-06-23 16:42:29.437359340,Printer,East,Online,Anita,CUST1140,3.0,14722.5,15.0,37542.38,"31,179.61",Cancelled,UPI,1.0
ORD01774,2024-11-19 15:40:54.913728432,Mouse,East,Retail,Rahul,CUST1009,2.0,1529.61,0.0,3059.22,2359.07,Completed,Net Banking,10.0
ORD02142,2025-01-25 19:55:29.932483124,Monitor,East,Retail,Anita,CUST1291,2.0,1611.32,5.0,3061.51,2034.81,Cancelled,UPI,12.0
ORD01009,2024-07-03 00:08:38.529632408,Laptop,East,Retail,Meena,CUST1150,3.0,2362.61,10.0,6379.05,5581.4,Pending,Net Banking,8.0
ORD03119,2025-07-23 04:15:18.229557392,Printer,EAST,Wholesale,Anita,CUST1205,6.0,946.73,20.0,4544.3,3693.07,Cancelled,Net Banking,9.0
ORD01093,2024-07-18 08:09:21.740435110,Keyboard,North,Retail,Rahul,CUST1047,N/A,15827.08, 10.0 ,99710.6,88201.62,Pending,Cash,4.0.0
ORD03558,2025-10-11 07:33:21.200300080,Mouse,South,Retail,Anita,CUST1055,6.0,"₹55,338.94",0.0,332033.64,291200.45,Cancelled,UPI,
ORD03357,2025-09-04 14:57:20.660165048,Keyboard,West,Online,Rahul,CUST1014,1.0,967.68,0.0,967.68,828.27,Returned,Net Banking,11.0
ORD02745,2025-05-15 21:43:31.552888224,Printer,North,Online,Suresh,CUST1148,3.0,22868.68,0.0,68606.04,60289.25,Completed,Net Banking,7.0
ORD03789,2025-11-22 11:35:20.030007504,Mouse,West,WHOLESALE,Suresh,CUST1028,7.0,2572.72,20.0,14407.23,11937.79,Completed,Card,1.0
ORD00997,2024-06-30 19:34:15.213803452,Mouse,West,Wholesale,Priya,CUST1175, 3.0 ,57182.46,0.0,171547.38,117310.71,Pending,Net Banking,4.0
ORD01680,2024-11-02 11:51:32.273068268,Keyboard,East,Retail,Karthik,CUST1054,8.0,31244.06,0.0,249952.48,"203,680.70",Cancelled, cash,6.0
ORD00154,2024-01-28 22:18:27.276819205,Headset,South,Wholesale,Divya,CUST1178,8.0,28164.31,5.0,214048.76,156413.8,Completed,Cash,5.0
ORD03148,2025-07-28 11:18:24.576144040,Mouse,South,Retail,Meena,CUST1289,6.0,2831.29,0.0,16987.74,14784.65,Pending,UPI,12.0
ORD03708,2025-11-07 16:43:12.648162040,Headset,West,Wholesale,Karthik,CUST1182 ,1.0,27851.38,10.0,25066.24,19698.34,Completed,Cash,1.0
ORD02909,2025-06-14 20:13:30.202550640,Mouse,East,Online,Anita,CUST1247,2.0,12950.04,15.0,22015.07,17506.21,Returned,UPI,2.0
ORD02838,2025-06-01 21:10:02.250562640,Printer,North,Online,Rahul,CUST1192,6.0,2096.77, 0.0 ,12580.62,8282.53,Pending,Cash,3.0
 ORD00581,2024-04-15 21:02:06.931732934,Tablet,East,Online,Rahul,CUST1117,,2793.24,10.0,20111.33, 13720.3 ,Returned,Cash,5.0
ORD01471,2024-09-25 00:00:00,Laptop,South,Online,Rahul,CUST1126,8.0,10986.21,0.0,87889.68,70345.89,Returned,Cash,11.0
ORD00704,2024-05-08 07:54:35.918979746,Printer,East,Wholesale,Arun,CUST1227,7.0,13486.82,5.0,89687.35,"76,361.38",Cancelled,UPI,3.0
ORD01213,2024-08-09 05:53:14.898724684,Smartphone,East,Online,Anita,CUST1021,2.0,11089.54,10.0,19961.17,17466.44,Pending,Card,11.0
ORD03344,2025-09-02 06:00:05.401350344,Headset,south,Wholesale,Anita,CUST1280,6.0,14312.35,,81580.4,60200.42,Cancelled,Net Banking, 2.0 
ORD00897,2024-06-12 13:27:40.915228808,Monitor,East,Online,Arun,CUST1289,4.0,15066.0,0.0,60264.0,49419.91,Returned,UPI,1.0
ORD03309,2025-08-26 20:39:47.396849216,Printer,North,Wholesale,Priya,CUST1051,5.0,49053.46,10.0,220740.57,163970.01,Returned,Cash,6.0
ORD00488,2024-03-29 21:35:36.234058515,Keyboard,East,Wholesale,Anita,CUST1148,1.0,18286.97,15.0,15543.92,11122.7,Pending,UPI,3.0
ORD00560,2024-04-12 01:01:56.129032259,Monitor,East,Online,Meena,CUST1058,4.0,824.05,15.0,2801.77,1911.87,Pending,Net Banking,8.0
ORD01142,2024-07-27 06:49:46.946736686,Mouse,West,Retail,Karthik,CUST1269,6.0,21782.15,20.0,104554.32,69153.5,Returned,Card,8.0
ORD01120,2024-07-23 06:26:44.201050264,Monitor,South,Wholesale,Divya,CUST1114,2.0,763.59,5.0,1450.82,1029.9,Completed,Cash,12.0
ORD02850,2025-06-04 00:00:00,Monitor,West,Wholesale,Divya,CUST1209,5.0,2113.69,15.0,8983.18,6495.4,Completed,UPI,6.0
ORD00513,2024-04-03 11:07:14.808702176,Tablet,East,Retail,Anita,CUST1250,6.0,2087.88,15.0,10648.19,8183.7,Completed,UPI,8.0
ORD00634,2024-04-25 13:13:59.909977494,Mouse,South ,Retail,Karthik,CUST1121,2.0,1730.34,15.0,2941.58,2264.97,Completed,UPI,9.0
ORD03434,2025-09-18 16:18:00.270067520,Mouse,North,Retail,Priya,CUST1088,8.0,14421.33,10.0,103833.58,72155.28,Pending,Cash,12.0
ORD01665,2024-10-30 18:08:33.128282072,Printer,South,Online,Arun,CUST1261,8.0,10446.2,15.0,71034.16,58090.98,Returned,Net Banking,2.0
ORD01013,2024-07-03 17:40:06.301575394,Headset,West,Online,Arun,CUST1256,1.0,21356.84,5.0,20289.0,14507.44,Completed,Cash,5.0
ORD01932,2024-12-18 11:53:41.905476372,Smartphone,North,Retail,Suresh,CUST1147,6.0,26724.46,20.0,128277.41,91568.79,Returned,Cash,8.0
ORD01151,2024-07-28 22:15:34.433608404,Keyboard,West,Online,Karthik,CUST1250,6.0,16633.96,10.0,89823.38,71231.03,Completed,Cash,9.0
ORD02839,2025-06-02 01:32:54.193548392,Smartphone,South,Wholesale,Arun,CUST1266,2.0, 2571.81 ,0.0,5143.62,3557.46,Cancelled,UPI,9.0
ORD03740,2025-11-13 12:54:54.823705928,Printer,West,Wholesale,Rahul,CUST1003,8.0,1020.38,5.0,7754.89,5906.78,Cancelled,Card,7.0
ORD00117,2024-01-22 04:12:25.386346586,Laptop,South, online,Rahul,CUST1109,500,15415.28,20.0,5000000,4500000,Pending ,Cash,5.0
ORD00741,2024-05-15 02:00:37.809452364,Keyboard,North,Retail,Meena,CUST1092,3.0,2005.96,5.0,5716.99,3887.85,Pending,UPI,3.0
ORD03677,2025-11-02 00:54:22.415603904,Printer,North,Online,Anita,CUST1296,8.0,2496.67,10.0,17976.02,14131.22,Pending,Card,12.0
ORD01975,2024-12-26 08:16:55.453863468,Monitor,East,Wholesale,Karthik,CUST1062,8.0,13180.3,10.0,94898.16,67230.91,Completed,Net Banking,3.0
ORD01082,2024-07-16 07:57:50.367591898,Keyboard,West,Retail,Arun,CUST1130,5.0,52077.02,0.0,260385.1,224025.42,Cancelled,UPI,10.0
ORD01811,2024-11-26 09:46:56.804201052,Laptop,North,Wholesale,Rahul,CUST1235,5.0,15932.93,5.0,75681.42,53364.94,Completed,UPI,2.0
ORD00831,2024-05-31 12:18:32.678169544,Tablet,West,Retail,Priya,CUST1131,5.0,1865.19,15.0,7927.06,6174.54,Returned,Card,9.0
ORD00120,2024-01-22 00:00:00,Printer,South,Retail,Karthik,CUST1236,5.0,"₹12,628.44",0.0,63142.2,43838.22,Cancelled,UPI,7.0
ORD00657,2024-04-29 17:59:54.598649664,Smartphone,North,Online,Divya,CUST1048,8.0,2542.83,15.0,17291.24,14772.33,Pending,Cash,3.0
ORD03635,2025-10-25 08:54:00.810202552,Mouse,South,Online,Priya,CUST1267,6.0,1790.19,15.0,9129.97,6744.75,Cancelled,Card,2.0
ORD03693,2025-11-04 23:00:13.503375848,Monitor,West,Retail,Meena,CUST1025,3.0,2668.69,15.0,6805.16,4976.98,Returned,Net Banking,4.0
ORD03906,2025-12-13 20:10:37.359339840,Headset,South,Online,Suresh,CUST1087,3.0,49517.18,10.0,133696.39,88791.64,Completed,Net Banking,12.0
ORD00636,2024-04-25 21:59:43.795948988,Tablet,North,Retail,Anita,CUST1210,3.0,16052.9,0.0,48158.7,41658.75,Cancelled,UPI,8.0
ORD00370,2024-03-08 08:37:26.961740435,Mouse,West,RETAIL,Arun,CUST1152,1.0,1760.56,20.0,1408.45,1048.22,Pending,Cash,9.0
ORD00269,2024-02-18 22:08:00.720180045,Tablet,East,Online,Priya,CUST1117,3.0,2814.68,10.0,7599.64,5409.71,Completed,UPI,1.0
ORD02704,2025-05-08 10:06:01.890472624,Headset,South,Online,Divya,CUST1041,7.0,1051.19,15.0,6254.58,4758.86,Cancelled,,5.0
ORD02984,2025-06-28 12:48:25.926481624,Laptop, west,Wholesale,Priya,CUST1152,2.0,32110.23,10.0,57798.41,38832.1,Completed,Card,7.0
ORD02871,2025-06-07 21:44:36.369092272,Headset,West,Online,Arun,CUST1217,6.0,1026.68,20.0,4928.06,3904.87,Pending,Card,11.0
ORD02915,2025-06-15 22:30:41.860465120,Keyboard,East,Wholesale ,Divya,CUST1211,5.0,1710.28,10.0,7696.26,6031.56,Returned,UPI,1.0
ORD00047,2024-01-09 09:31:49.377344336,Monitor,West,Wholesale,Karthik,CUST1110,3.0,30628.71,5.0,87291.82,68988.41,Completed,Net Banking,7.0
ORD03422,2025-09-16 11:43:36.954238560,Headset,East,Online,Arun,CUST1032,7.0,"₹10,363.39",20.0,58034.98,38961.91,Completed,Cash,
ORD03698,2025-11-05 20:54:33.218304576,Smartphone,South,Retail,Anita,CUST1164,7.0,,15.0,4927.43,3278.72,Pending,Net Banking,3.0
ORD00992,2024-06-29 21:39:55.498874720,Printer,South,Online,Arun,CUST1082,6.0,886.45,20.0,4254.96,3279.48,Pending,UPI,11.0
ORD00877,2024-06-08 21:50:22.055513880, mouse,West,Online,Meena,CUST1029,3.0,2060.91,10.0,5564.46,3952.44,Cancelled,UPI,1.0
ord00774,2024-05-21 02:35:11.927981996,Laptop,South,Retail,Meena,CUST1033,1.0,31084.4,15.0,26421.74,20808.62,Pending,UPI,11.0
ORD01220,2024-08-10 12:33:18.499624908,Keyboard,south,Wholesale,,CUST1221,2.0,913.42,10.0,1644.16,1132.06,Pending,Net Banking,4.0
ORD01127,2024-07-24 13:06:47.801950488,Smartphone,EAST,Wholesale,Suresh,CUST1116,6.0,1909.64,10.0,10312.06,8840.75,Returned,Net Banking,8.0
ORD00005,2024-01-01 17:31:27.771942985,Monitor,South,Online,Meena,CUST1149,6.0,1865.52,20.0,8954.5,7405.53,Completed,Card,2.0
ORD03052,2025-07-10 22:43:18.049512384,smartphone ,West,Wholesale,Anita,CUST1106,5.0,841.43,20.0,3365.72,2949.98,Pending,Net Banking,1.0
ORD01596,2024-10-18 03:50:49.062265568,Laptop,West,Wholesale,Meena,CUST1052,1.0,26062.58,5.0,24759.45,21749.87,Returned,Net Banking,5.0
ORD03125,2025-07-24 06:32:29.887471872,Mouse,East,Online,Priya,CUST1135,4.0,30218.72,5.0,114831.14,77113.01,Pending,Card,3.0
ORD02312,2025-02-25 20:42:40.240060016,Mouse,South,Online,Karthik,CUST1024,1.0,"₹19,201.83",10.0,17281.65,14215.55,Returned,UPI,11.0
ORD03041,2025-07-08 22:31:46.676669168,Printer,East,Wholesale,Anita,CUST1091,7.0,14715.43,5.0,97857.61,87228.27,Returned,Net Banking,8.0
ORD03828,2025-11-29 14:27:05.806451616,Headset,South,Wholesale,Anita,CUST1135,7.0,981.78,10.0,6185.21,5185.24,Cancelled,Card,1.0
ORD02492,2025-03-30 17:18:29.977494376,Printer,West ,Wholesale,Meena,CUST1249,1.0,952.91,10.0,857.62,737.36,Cancelled,Cash,1.0
ORD03051,2025-07-10 18:20:26.106526632,Monitor,North,Retail,Anita,CUST1004,6.0,852.22,15.0%,4346.32,3610.36,Completed,UPI,11.0
ORD01078,2024-07-15 14:26:22.595648914,Headset,East,Retail,Divya,CUST1272,7.0,10274.75,15.0,61134.76,43403.76,Completed,Card,3.0
ORD00838,2024-06-01 18:58:36.279069768,Monitor,West,Wholesale,Anita,CUST1094,1.0,1987.94,10.0,1789.15,1299.23,Returned,Cash,8.0
ORD00682,2024-05-04 07:31:33.173293324,Printer,South,Wholesale,Meena,CUST1062,2.0,57434.74,10.0,103382.53,83521.72,Pending,Net Banking,5.0
ORD01716,2024-11-09 01:34:42.220555140,Mouse,West,Retail,Anita,CUST1166,1.0,22641.13,10.0,20377.02,18291.84,Pending,UPI,3.0
ORD02353,2025-03-05 08:20:09.902475624,Mouse,North,Online,Karthik,CUST1145,6.0,21327.95,5.0,121569.32,91851.46,Pending,Net Banking,7.0
ORD03414,,Mouse,West,Wholesale,Karthik,CUST1134,4.0,19602.16,0.0,78408.64,55151.41,Cancelled,Card,2.0
ORD02618,2025-04-22 17:19:34.793698424,Printer,East,Online,Rahul,CUST1167,1.0,12020.03,0.0,12020.03,7835.12,Returned,Card,2.0
ORD02362,2025-03-06 23:45:57.389347336,Smartphone,West,Online,Anita,CUST1056,8.0,2233.82,15.0,15189.98,11463.48,Returned,Cash, 12.0 
ORD02198,2025-02-05 01:15:58.739684924,Laptop,West,Retail,Priya,CUST1078,1.0,17408.24,5.0,16537.83,14231.49,Pending,Net Banking,11.0
ORD01149,2024-07-28 13:29:50.547636912,Laptop,West,Online,Anita,CUST1100,8.0,13482.97,10.0,,63991.5,Returned,UPI,5.0
ORD03262,2025-08-18 06:45:06.076519136,Monitor,North,Wholesale,Rahul,CUST1240,7.0,30948.8,0.0,216641.6,150940.01,Completed,Net Banking,10.0
ORD00575,2024-04-14 18:44:55.273818456,Mouse,North,Wholesale,Priya,CUST1245,4.0,31533.86,5.0,119828.67,103870.31,Pending,Card,6.0
ORD00051,2024-01-10 03:03:17.149287321,Tablet,West,Online,Arun,CUST1134,2.0,45722.3,15.0,77727.91,62889.85,Returned,Cash,4.0
ord00854,2024-06-04 17:04:27.366841712,Printer,North,Retail,Priya,Cust1258,5.0,29419.53,5.0,139742.77,98380.24,Pending,Card,10.0
ORD01983,2024-12-27 19:19:50.997749440, tablet,West,Online,Arun,CUST1246,7.0,23073.93,10.0,145365.76,123101.97,Completed,Card,4.0
ORD02775,2025-05-21 09:09:29.842460616,Monitor,North,Online,Arun,CUST1167,6.0,821.42,5.0,4682.09,3202.15,Pending,Net Banking,11.0
ORD01824,2024-11-28 18:44:12.063015756,Headset,East,Wholesale,Karthik,CUST1204,4.0,895.87, 15.0 , 3045.96 ,2307.3,Returned,Card,3.0
ORD00834,2024-06-01 01:27:08.507126782,Mouse,East,Online,Meena,CUST1141,2.0,805.56,10.0,1450.01,1279.85,Completed,UPI,7.0
ORD03426,2025-09-17 05:15:04.726181552,Monitor,West,Retail,Suresh,CUST1009,8.0,2254.08,20.0,14426.11,12736.42,Returned,Cash,12.0
ORD01116,2024-07-22 12:55:16.429107278,Smartphone,East,Wholesale,Rahul,CUST1217,250,30451.39,20.0,5000000,10000000,Returned,UPI,3.0
ORD01167,2024-07-31 20:21:25.521380348,Smartphone,West,Wholesale,Meena,CUST1038,3.0,29046.26,20.0,69711.02,57277.88,Returned,Cash,8.0
ORD02519,2025-04-04 15:35:52.438109528,Keyboard,West,Retail,Rahul,CUST1066,6.0,2605.47,5.0,14851.18,"₹13,254.01",Completed,Card,6.0
ORD01907,2024-12-13 22:22:03.330832708,Laptop,West,Wholesale,Arun,CUST1215,6.0,13523.22,5.0,77082.35,"61,935.10",Returned,Net Banking,5.0
ORD00972,2024-06-26 06:02:36.639159790,Keyboard,South,Retail,Arun,CUST1233,5.0,24256.38,15.0,103089.62,85246.89,Completed,Card,5.0
ORD02702,,Printer,North,Online,Divya,CUST1080,6.0,17473.95,0.0,104843.7,74639.06,RETURNED,Cash,11.0
ORD00400,2024-03-13 20:03:25.251312829,Keyboard,East,Wholesale,Suresh,CUST1290,7.0,23557.47,20.0,131921.83,116173.64, cancelled,Cash,11.0
ORD02560,2025-04-12 03:13:22.100525136,Tablet,West,Retail,Suresh,CUST1284,5.0,16391.99,20.0,65567.96,47240.38,Completed,Cash,7.0
ORD02369,2025-03-08 06:26:00.990247568,Monitor,North,Retail,Rahul,CUST1260,8.0,904.02,20.0,5785.73,4265.29,Pending,Cash,8.0
ORD00020,2024-01-04 11:14:26.916729182,Monitor,North,Wholesale,Anita,CUST1072,2.0,959.69,5.0,1823.41,1385.86,Returned,Card,5.0
ORD00685,2024-05-04 20:40:09.002250564,Headset,South,Online,Divya,CUST1172,8.0,1592.43,20.0,10191.55,7229.74,Pending,UPI,4.0
ORD00036,2024-01-07 09:20:18.004501125,Printer,East,Online,Priya,CUST1134,5.0,30744.23,10.0,138349.04,96799.91,Pending,Cash,1.0
ORD02951,2025-06-22 12:13:51.807951992,Monitor,West,Online,Rahul,CUST1102,5.0,15710.34,0.0,78551.7,61720.83,Pending,Card,4.0
ORD03994,2025-12-29 21:42:48.342085528,Monitor,West,Online,Arun,CUST1228,3.0,992.0,10.0,2678.4,2044.46,Cancelled,Net Banking,10.0
ORD02876,2025-06-08 19:38:56.084021008,Mouse,West,Retail,Arun,CUST1067,5.0,2269.25,5.0,10778.94,9158.21,Returned,Net Banking,3.0
ORD00525,2024-04-05 00:00:00,Printer,West,Retail,Divya,CUST1116,8.0,24931.18,20.0,159559.55,104562.14,Pending,Net Banking,10.0
ORD02456,2025-03-24 03:35:20.030007504,Printer,South,Retail,Meena,CUST1161,2.0,31875.55,0.0,63751.1,50267.63,Returned,Card,2.0
ORD00921,2024-06-16 22:36:27.546886722,Smartphone,,on-line,Priya,CUST1009,5.0,11447.76,20.0,45791.04,34710.49,Returned,UPI,8.0
ORD01842,2024-12-02 01:35:47.036759192,Tablet,West,Wholesale,Karthik,,1.0,16472.97,10.0,14825.67,10514.86,Completed,UPI,8.0
ORD01891,2024-12-11 00:16:12.243060768,Monitor,West,Wholesale,Priya,CUST1141,unknown,26987.15,20.0,43179.44,31594.34,Cancelled,UPI,1.0
ORD00538,2024-04-08 00:38:53.383345837,Printer,South,Wholesale,Priya,CUST1229,2.0,64656.9,0.0,129313.8,97883.21,Cancelled,Card,12.0
ORD02807,2025-05-27 00:00:00,Laptop,East,Wholesale,Suresh,CUST1019,4.0,13387.84,20.0,42841.09,30467.03,Completed,Card,12.0
ORD01706,2024-11-07 05:46:02.790697676,Keyboard,South,Online,Rahul,CUST1049,1.0,11616.35,20.0,9293.08,6342.71,Pending,Cash,10.0
ORD03903,2025-12-13 07:02:01.530382600,Monitor,North,Retail,Anita,CUST1144,8.0,775.36,20.0,4962.3,3358.23,Completed,UPI,3.0
ORD03111,2025-07-21 17:12:22.685671424,Keyboard,East,Online,Rahul,CUST1238,500,1993.4,15.0,5000000,22000000,Pending,Card,8.0
ORD03248,2025-08-15 17:24:58.874718680,Smartphone,North,Online,Priya,CUST1038,3.0,14013.21,10.0,37835.67,25828.85,Cancelled,Cash,2.0
ORD00246,2024-02-14 17:22:06.031507877,Smartphone,North,Online,Divya,CUST1220,2.0,885.63,15.0,1505.57,1212.03,Pending,Card,4.0
ORD03465,2025-09-24 00:00:00,Mouse,West,Online,Divya,CUST1187,2.0,12855.66,10.0,23140.19,18732.79,Returned,Net Banking,2.0
ORD03176,2025-08-02 00:00:00,Tablet,West,Wholesale,Anita,CUST1134,1.0,23034.17,10.0,20730.75,16160.69,Pending, cash,5.0
ORD00785,2024-05-23 02:46:43.300825208,Monitor,North,Online,Karthik,CUST1282,1.0,15668.84,,14885.4,11356.7,Pending,Card,9.0
ORD01410,2024-09-14 04:57:47.666916732,Laptop,South,Wholesale,Divya,CUST1176,3.0,12348.81,15.0,31489.47,23278.82,Cancelled,Cash,1.0
ORD02538,2025-04-08 02:50:19.354838712,Tablet,North,Online,Arun,CUST1238,1.0,2925.22,5.0,2778.96,2166.21,Cancelled,Cash,10.0
ORD00155,2024-01-29 02:41:19.219804951,Monitor,South,Online,Karthik,CUST1122,3.0,24337.87,10.0,65712.25,47162.21,Returned,UPI,6.0
ORD03010,2025-07-03 06:42:56.444111032, monitor,south,Online,Priya,CUST1264,4.0,914.98,10.0,3293.93,2214.73,Cancelled,Cash,7.0
ORD01687,2024-11-03 18:31:35.873968492, headset,South,Wholesale,Karthik,CUST1103,6.0,50339.77,5.0,286936.69,233994.64,Completed,UPI,8.0
ORD02902,2025-06-13 13:33:26.601650416, laptop,West,Online,Meena,CUST1094, 2.0 ,2294.55,10.0,4130.19,3527.14,Pending,Cash,4.0
ORD03360,2025-09-05 04:05:56.489122280,Laptop,East,Online,Suresh,CUST1259,4.0,1625.52,15.0,5526.77,3994.74,Pending,Cash,12.0
ORD00626,2024-04-24 02:11:04.366091524,Monitor,East,Retail,Arun,CUST1153,8.0,16601.3,0.0,132810.4, 102314.55 ,Returned,Card,10.0
ORD02734,2025-05-13 21:32:00.180045016,Monitor,South,Retail,Suresh,CUST1226,4.0,30799.5,10.0,110878.2,95863.16,Completed,Net Banking,1.0
ORD03833,2025-11-30 12:21:25.521380352,Keyboard,West,Retail,Divya,CUST1129,1.0,1707.67,0.0,1707.67,1228.42,Returned,Net Banking,9.0
ORD01347,2024-09-02 16:57:15.258814704,Mouse,West,Online,Meena,CUST1192,7.0,45296.49,0.0,317075.43,242887.32,Returned,Net Banking,10.0
ORD00570,2024-04-13 20:50:35.558889723,Headset,West,Online,Priya,CUST1286,8.0,11916.13,0.0,95329.04,76082.29,Completed,Net Banking,4.0
ORD03907,2025-12-14 00:33:29.302325584,Monitor,East,Retail,Divya,CUST1055,8.0,"12,858.33",0.0,102866.64,77960.26,Cancelled,UPI,7.0
ORD01759,2024-11-16 21:57:55.768942236,Mouse,East,Wholesale,Karthik,CUST1266,4.0,23817.84,15.0,80980.66,60443.92,Returned,Card,12.0
ORD01817,2024-11-27 12:04:08.462115532,Headset,South,Online ,Divya,CUST1284,1.0,27579.9,0.0,27579.9,20348.58,Returned,UPI,11.0
ord02066,2025-01-11 22:57:42.265566392,Laptop,West,Retail,Anita,CUST1109,4.0,11014.84,5.0,"₹41,856.39",29486.69,Completed,Net Banking,8.0
ORD00128,2024-01-24 04:23:56.759189797,Printer, east,Wholesale,Arun,CUST1172,5.0,792.92,15.0,3369.91,2659.53,Completed,Cash,2.0
ORD03395,2025-09-11 13:26:14.493623408,Smartphone,East, retail,Suresh,CUST1256,1.0,31533.85,0.0,31533.85,24837.21,Returned,Net Banking,8.0
ORD03328,2025-08-30 07:54:14.313578400,Tablet,West,Online,Divya,CUST1124,5.0,19935.81,5.0,94695.1,71446.71,Completed,Cash,1.0
ORD03969,2025-12-25 00:00:00,Monitor,South,Wholesale,Meena,CUST1069,7.0,28098.35,10.0,177019.6,140963.4,Returned,Net Banking,12.0
ORD02007,2025-01-01 04:28:37.629407352,Mouse,North,Online,Suresh,CUST1297,4.0,12851.75,0.0,51407.0,35900.53,Completed,Card,10.0
ORD02976,2025-06-27 01:45:30.382595648,Mouse,East,Wholesale,Suresh,CUST1169,5.0,13091.68,5.0,62185.48,42902.79,Pending,UPI,3.0
ORD00981,2024-06-27 21:28:24.126031508,Laptop,east,Wholesale,Priya,CUST1171,1.0,2156.5,0.0,2156.5,1622.71,Completed,Cash,10.0
ORD03965,2025-12-24 14:39:41.995498880,Keyboard,East,WHOLESALE,Suresh,CUST1174,5.0,13177.3,5.0,62592.17,43326.83,Pending,Net Banking,11.0
ORD00191,2024-02-04 16:24:29.167291823,Monitor,West,Online,Anita,CUST1029,8.0,776.29,0.0,6210.32,5118.45,Returned,Card,9.0
ORD01140,2024-07-26 22:04:03.060765192,Tablet,North,Wholesale,Rahul,CUST1197,5.0,2620.69,5.0,12448.28,8312.13,Cancelled,Card,1.0
ORD00993,2024-06-30 02:02:47.441860466,Mouse,North,Wholesale,Meena,CUST1054,8.0,24305.48,15.0,165277.26,110760.62,Pending,Net Banking,7.0
ORD00700,2024-05-07 14:23:08.147036760,Tablet,South,Retail,Rahul,CUST1192,1.0,1875.91,20.0,1500.73,1240.64,Cancelled,Cash,8.0
ORD03636,2025-10-25 13:16:52.753188304,Keyboard,West,Online,Meena,CUST1194,5.0,26192.78,20.0,"104,771.12",93348.87,Pending,Card,10.0
ORD00607,2024-04-20 14:56:37.449362342,Laptop,South,Online,Anita,CUST1188,5.0,13183.57,5.0,62621.96,53147.41, pending,Net Banking,11.0
ORD00181,2024-02-02 20:35:49.737434359,Laptop,North,Retail,Anita,CUST1245, 2.0 ,2399.35,5.0,4558.76,3696.34,Pending,Cash,6.0
ORD00302,2024-02-24 22:42:34.838709678,Smartphone,East,Online,Meena, CUST1210,3.0,10604.69,0.0,31814.07,21384.64,Cancelled,Cash,5.0
ORD02545,2025-04-09 09:30:22.955738936,Monitor,West,Online,Rahul,CUST1247,2.0,56520.8,0.0,113041.6,76845.97,Cancelled,Net Banking,2.0
ORD03684,2025-11-03 07:34:26.016504128,Keyboard,West,Online,Suresh,CUST1125,5.0,27931.93,10.0,125693.68,99899.13,Cancelled,Card,6.0
ORD03699,2025-11-06 01:17:25.161290328,Smartphone,West,Wholesale,Arun,CUST1260,6.0,1581.3,20.0,7590.24,6632.04,Cancelled,UPI,8.0
ORD01061,2024-07-12 11:57:39.564891224,Headset,West,Retail,Suresh,CUST1048,5.0,31060.32,20.0%,124241.28,96448.72,Pending,Net Banking,9.0
ORD03760,2025-11-17 04:32:13.683420856,Mouse,North,Wholesale,Anita,CUST1185,1.0,992.98,10.0,893.68,593.49,Completed,UPI,12.0
ORD03835,2025-11-30 21:07:09.407351840,Printer,North,Retail,Anita,CUST1217,5.0,24938.06,15.0,105986.76,77962.11,,UPI,4.0
ORD02566,2025-04-13 05:30:33.758439616,Monitor,North,Online,Anita,CUST1233,6.0,28596.92,10.0,154423.37,120247.25,Cancelled,Cash,9.0
ORD03985,2025-12-28 06:17:00.855213808,Keyboard,East,Retail,Rahul,CUST1056,2.0,11655.85,20.0,18649.36,16295.34,Pending,Cash,8.0
ORD01070,2024-07-14 03:23:27.051762942,Monitor,East,Wholesale,Rahul,CUST1242,3.0,19524.3,10.0,52715.61,45574.98,Returned,Card,6.0
ORD02525,2025-04-05 17:53:04.096024008,Mouse,,Online,Meena,CUST1050,7.0,26331.18,15.0,156670.52,122176.09,Pending,cash ,9.0
ORD02206,2025-02-06 12:18:54.283570896,Keyboard, east,Retail,Arun,CUST1160,4.0,2119.08,20.0,6781.06,4414.79,Cancelled,Card,2.0
ORD01244,2024-08-14 21:42:05.131282820,Tablet,South,Retail,Anita,CUST1056,8.0,27832.75,110%,211528.9,183160.1,Completed,Card,1.0
ORD03244,2025-08-14 23:53:31.102775696,Smartphone,South,Wholesale,Meena,CUST1031,,2905.45,10.0,2614.9,1950.46,Completed,Net Banking,5.0
ORD00017,2024-01-03 22:05:51.087771943,Smartphone,South,Online,Priya,CUST1017,4.0,12651.28,0.0,50605.12,44897.94,Cancelled,UPI,9.0
ORD03121,2025-07-23 13:01:02.115528888,Printer,North,Online,Anita,CUST1019,5.0,2072.03,5.0,9842.14,6630.77,Cancelled,Net Banking,2.0
ORD03972,2025-12-25 21:19:45.596399104,Monitor,East,ONLINE,Arun,CUST1210,8.0,2060.02,5.0,15656.15,10818.09,Returned,UPI, 1.0 
ORD00547,2024-04-09 16:04:40.870217555,Smartphone,East,Wholesale,Divya,CUST1042,7.0,1869.81,0.0,13088.67,10185.24,Returned,Cash,11.0
ORD00659,2024-04-30 02:45:38.484621156,Keyboard,South,Retail,Divya,CUST1055,6.0,28266.14,0.0,169596.84,141256.76,Cancelled,Card,1.0
ORD03599,2025-10-18 19:10:50.862715680,Headset,South,Retail,Priya,CUST1123,7.0,19078.15,0.0,133547.05,112385.09,Completed,Cash,8.0
ORD03068,2025-07-13 20:49:09.137284320,Monitor,North,Online,Suresh,CUST1045,4.0,2066.23,20.0,6611.94,4466.91,Cancelled,Cash,4.0
ORD03642,2025-10-26 15:34:04.411102776, keyboard,West,Online,Anita,CUST1250,1.0,783.52,0.0,783.52,631.23,Returned,Card,7.0
ORD01505,2024-10-01 13:10:02.250562640,Printer,West,Wholesale,Arun,CUST1209,5.0,15939.71,5.0%,75713.62,50195.02,Completed,Net Banking,3.0
ORD00960,2024-06-24 01:28:13.323330834,Monitor,South,Online,Arun,CUST1295,4.0, 52852.21 ,0.0,211408.84,159223.72,Cancelled,Card,
ORD02927,2025-06-18 03:05:05.176294080,Keyboard,North,Wholesale,Meena,CUST1161,5.0,2027.82,0.0,10139.1,8779.93,Cancelled,Card,9.0
ORD02332,2025-03-01 12:19:59.099774944,Printer,East,Online,Karthik,CUST1028,7.0.0,21690.31,10.0,"₹136,648.95",117132.37,Returned,Card,8.0
ORD00798,2024-05-25 11:43:58.559639910,Tablet,East,Online,Karthik,CUST1102,7.0,1945.37,5.0,12936.71,10279.47,Returned,Card,9.0
ORD03349,2025-09-03 03:54:25.116279072,Keyboard,West,Wholesale,Meena,CUST1171,2.0,1904.89,10.0,3428.8,2533.48,Completed,Net Banking,6.0
ORD00226,2024-02-11 01:44:47.171792948,Mouse,West,Retail,Anita,CUST1172,1.0,1979.59,15.0,1682.65,1328.62,Returned,Card,5.0
ORD02075,2025-01-13 14:23:29.752438112,Laptop,South,Retail,Divya,CUST1290,100,16236.27,10.0,25000000,22000000,Returned,Net Banking,1.0
ORD03355,2025-09-04 06:11:36.774193552,Headset,South,Wholesale,Priya,CUST1113,3.0,58197.03,20.0,139672.87,122328.07,Returned,Card,3.0
ORD01800,2024-11-24 09:35:25.431357840,Keyboard,North,Online,Suresh,CUST1081,1.0,858.58,5.0,815.65,665.09,Pending,UPI,4.0
ORD02486,2025-03-29 15:01:18.319579896,Mouse,East,ONLINE,Anita,CUST1109,1.0.0,14865.54,0.0,14865.54,12999.75,Cancelled,Cash,12.0
ORD03948,2025-12-21 12:10:58.964741192,Tablet,West,Online,Arun,CUST1181,8.0,27905.38,20.0,178594.43,153982.67,Returned,Net Banking,7.0
ORD03437,2025-09-19 05:26:36.099024760,Monitor,East,Retail,Arun,CUST1225,3.0,57376.03,0.0,"172,128.09",126523.74,Completed,UPI,9.0
ORD02278,2025-02-19 15:45:14.178544640,Mouse,North,Retail,Arun,CUST1211,4.0,27581.87,0.0,110327.48,87285.33,Returned,Card,7.0
ORD02086,2025-01-15 14:35:01.125281324,Headset,South,Online,Karthik,CUST1006,5.0,19441.02,10.0,87484.59,78459.16,Cancelled,Card,5.0
ORD01694,2024-11-05 01:11:39.474868720,Monitor,East,Retail,Meena,CUST1281,8.0,10891.47,ten,82775.17,65337.28,Cancelled,Card,6.0
ORD02798,2025-05-25 13:55:24.531132784,Smartphone,East,Wholesale,Anita,CUST1080,6.0,14244.32,10.0,76919.33,59186.87,Cancelled,UPI,4.0
ORD01046,2024-07-09 18:14:40.420105028,Keyboard,West,Online,Anita,CUST1096,4.0,13190.64,5.0,50124.43,44666.84,Returned,Cash,3.0
ORD03447,2025-09-21 01:15:15.528882224,Keyboard,EAST,Wholesale,Arun,CUST1107,6.0,2078.64,10.0,11224.66,8372.38,Cancelled,UPI,10.0
ORD00470,2024-03-26 14:44:01.260315079,Headset,South, online,Suresh,CUST1139,5.0,12935.86,0.0,64679.3,51363.72,Cancelled,UPI,1.0
ORD00955,2024-06-23 03:33:53.608402102,Mouse,West,Retail,Meena,CUST1205,3.0,26255.47,5.0,74828.09,51423.51,Pending,UPI,5.0
ORD03968,2025-12-25 03:48:17.824456120,Smartphone,East,Retail,Karthik,CUST1272,1.0,20119.07,10.0,18107.16,12321.42,Pending,Card,1.0
ORD02736,2025-05-14 06:17:44.066016504,Mouse,South,Retail,Meena,CUST1190,7.0,29887.32,5.0,198750.68,144731.94,Cancelled,Net Banking,5.0
ORD03842,2025-12-02 03:47:13.008252064,Headset,,Retail,Rahul,CUST1253,2.0,29158.22,5.0,55400.62,42692.04,Pending,Net Banking,12.0
 ORD00640,2024-04-26 15:31:11.567891974, tablet,West,Wholesale,Divya,CUST1209,5.0,13069.48,5.0,62080.03,48094.77,Completed,Cash,2.0
ORD03702,2025-11-06 14:26:00.990247568,Smartphone,North,Wholesale,Priya,CUST1163,8.0,12312.8,5.0,93577.28,70288.69,Returned,Card,9.0
ORD01219,2024-08-10 08:10:26.556639160,Laptop,West,Wholesale,Arun,CUST1178,2.0,11505.41,5.0,21860.28,16069.42,Returned,Card,2.0
ORD01159,2024-07-30 09:18:29.977494376,Headset,East,Online,Priya,CUST1125,4.0,13783.55,20.0%,,33020.71,Pending,Cash,12.0
ORD01416,2024-09-15 07:14:59.324831208,Monitor,East,Online,Meena,CUST1200,1.0,1787.62,15.0,1519.48,1239.3,Cancelled,Card ,9.0
ORD03611,2025-10-20 23:45:14.178544640,Smartphone,West,Wholesale,Meena,CUST1005,3.0,32496.44,15.0,82865.92,58932.49,Completed,UPI,6.0
ORD01528,2024-10-05 17:55:56.939234812,Laptop,East,Online,Anita,CUST1012,6.0,23241.51,15.0,118531.7,105746.2,Returned,Net Banking,7.0
ORD03893,2025-12-11 11:13:22.100525136,Printer,West,Wholesale,Arun,CUST1272,5.0,25522.42,5.0,121231.49,93627.57,Completed,Cash,1.0
ORD01301,2024-08-25 07:25:25.881470368,Laptop,South,Wholesale,Karthik,CUST1255,5.0,57565.24,10.0,"259,043.58",171896.92,Completed,UPI,3.0
ord03882,2025-09-12 00:00:00,Tablet,West,Online,Priya,CUST1283, 2.0 ,52852.43,10.0,95134.37,78802.69,Pending,Card,12.0
ORD02849,2025-06-03 21:21:33.623405856,Printer,North,Wholesale,Arun,CUST1057,4.0,"27,475.55",10.0,98911.98,74319.29,Pending,Cash,9.0
ORD01604,2024-10-19 14:53:44.606151540,Headset,,Online,Arun,CUST1137,4.0,31616.34,5.0,120142.09,100569.62,Returned,Net Banking,7.0
ORD00161,2024-01-30 04:58:30.877719430,Keyboard,East,Retail,Meena,CUST1208,1.0,12212.66,15.0,10380.76,8602.01,Cancelled,Net Banking,2.0
ORD01705,2024-11-07 01:23:10.847711928,Monitor,South,Online,Rahul,,5.0,13604.08,0.0,68020.4,44899.43,Pending,UPI,4.0
ORD00957,2024-06-23 12:19:37.494373594,Headset,West,Retail,Rahul,CUST1061,5.0,25930.97,0.0,129654.85,96213.93,Completed,Cash,7.0
ORD03235,2025-08-13 08:27:43.615903976,Mouse,North,Wholesale,Divya,CUST1137,6.0,1040.63,10.0,5619.4,4729.22,Cancelled,UPI,8.0
ORD02870,2025-06-07 17:21:44.426106528,head set,North,Online,Karthik,CUST1092,5.0,1501.28,15.0,6380.44,4873.97,Completed,Card,5.0
ORD03881,2025-12-09 06:38:58.784696176,Headset,North,Retail,Meena,CUST1121,3.0,57254.15,0.0,171762.45,115412.24,Returned,UPI,2.0
ORD00878,2024-06-09 02:13:13.998499626,Keyboard,South,Wholesale,Suresh,CUST1073,2.0,64422.3,20.0,103075.68,87653.94,Completed,Card,1.0
ORD01920,2024-12-16 07:19:18.589647412,Printer,West,Wholesale,Karthik,CUST1029,1.0,2890.37,5.0,2745.85,2254.25,Pending,UPI,1.0
ORD02962,2025-06-24 12:25:23.180795200,Printer,North,Wholesale,Anita,CUST1152,6.0,24721.83,10.0,133497.88,108401.29,Pending ,Net Banking,4.0
ORD01885,2024-12-09 21:59:00.585146288,Monitor,East,Online,Priya,CUST1044,1.0,13187.79,20.0,10550.23, 7165.14 ,Returned,Cash,5.0
ORD02201,2025-02-05 00:00:00,Headset,North ,Online,Anita,CUST1076,2.0,47541.02,0.0,95082.04,74129.8,Pending,Net Banking,9.0
ORD00099,2024-01-18 21:20:50.412603151,Printer,East,Online,Divya,CUST1112,8.0,30277.63,20.0,193776.83,169414.74,Returned,Net Banking,4.0
ORD03770,2025-11-19 00:20:53.113278320,Smartphone,South,Retail,Suresh,CUST1168,7.0,21244.86,15.0,126406.92,94605.53,Returned,UPI,3.0
ORD02558,2025-04-11 18:27:38.214553640,Monitor,East,Wholesale,Karthik,CUST1032,1.0,50747.07,20.0,40597.66,32790.43,Completed,NET BANKING,4.0
ORD03184,2025-08-04 01:01:34.523630912,Monitor,East,Online,Priya,CUST1133,2.0,853.59, 15.0 ,1451.1,1002.81,Completed,Card,1.0
ORD03299,2025-08-25 00:51:07.966991752,Monitor,West,Retail,Meena,CUST1065,500,12934.51,0.0,12000000,10000000,Cancelled,Net Banking,12.0
ORD00254,2024-02-16 04:25:01.575393848,Smartphone,East,Wholesale,Karthik,CUST1027,6.0,32142.15,10.0%, 173567.61 ,148510.4,Returned,Cash,12.0
ORD00104,2024-01-19 19:15:10.127531883,Smartphone,South,Retail,Anita,CUST1186,7.0,18843.65,20.0,105524.44,86094.8,Completed,NET BANKING,9.0
ORD01446,2024-09-20 18:40:57.614403604,Mouse,East,Wholesale,Priya,CUST1140,2.0,20670.95,10.0,37207.71,30637.0,Cancelled,Net Banking,1.0
ORD01444,2024-09-20 09:55:13.728432108,Keyboard,North,Retail,Meena,CUST1142,8.0,28069.76,10.0,202102.27,152052.25,Returned,Net Banking,5.0
ORD01649,2024-10-27 20:02:42.040510128,Keyboard,North,Retail,Karthik,CUST1064,3.0,948.06,10.0,2559.76,1711.27,Pending,Cash,5.0
ORD00587,2024-04-16 23:19:18.589647412,Printer,North,Retail,Divya,CUST1048,5.0,29328.68,0.0,146643.4,104842.83,Cancelled,UPI,10.0
ORD00628,2024-04-24 10:56:48.252063016,Mouse,North,Retail,Suresh,CUST1129,5.0,1920.25,15.0,8161.06,6182.63, returned,Card,1.0
ORD01697 ,2024-11-05 14:20:15.303825960, tablet,South,Wholesale,Arun,CUST1277,4.0,25073.9,20.0,80236.48,58678.76,Cancelled,Cash,2.0
ORD03192,2025-08-05 12:04:30.067516880,Keyboard,South,Online,Arun,CUST1260,2.0,45651.25,15.0,77607.12,55230.2,Cancelled,Cash,
ORD02102,2025-01-18 12:40:52.213053264,Tablet,South,Wholesale,Karthik,CUST1120,6.0,47585.89,20.0,228412.27,203485.64,,Card,1.0
ORD02200,2025-02-05 10:01:42.625656416,Tablet,South,Wholesale,Anita,CUST1004,250,10573.91,20.0,5000000,22000000,Returned,Net Banking,12.0
ORD00404,2024-03-14 13:34:53.023255814,Laptop,West,Retail,Rahul,CUST1030,6.0,17345.58,0.0,104073.48,91729.55,Pending,Net Banking,8.0
ORD01155,2024-07-29 15:47:02.205551388,Headset,West,Wholesale,Rahul,CUST1118,6.0,18941.6,20.0,90919.68,66944.69,Cancelled,Net Banking,5.0
ORD02256,2025-02-15 15:22:11.432858216,Headset,North,Wholesale,Priya,CUST1213,5.0,"19,421.32",20.0,77685.28,59655.49,Completed,Cash,4.0
ORD02864,2025-06-06 15:04:32.768192048,Mouse,East,Retail,Meena,CUST1176,4.0,-13364.79,10.0,48113.24,32447.69,Returned,Card,4.0
ORD01683,2024-11-03 01:00:08.102025508,Keyboard,West,Online,Karthik,CUST1287,4.0,25477.42,5.0,96814.2,78331.75,Cancelled,Cash,1.0
ORD03171,2025-08-01 16:04:19.264816208,Monitor,South,Online,,CUST1109,8.0,25454.43,10.0,183271.9,148690.22,Cancelled,Cash,4.0
ORD03742,2025-11-13 21:40:38.709677424,Headset,South,Retail,Meena,CUST1155,2.0,14673.11,15.0,24944.29,19308.89,Completed,Card,9.0
ORD02057,2025-01-10 07:31:54.778694676,Tablet,West,Wholesale,Arun,CUST1144,4.0,760.48,15.0,2585.63,1738.76,Returned,Card,4.0
ORD03063,2025-07-12 22:54:49.422355592,Smartphone,South,Wholesale,Karthik,CUST1209,1.0,1995.87,10.0,1796.28,1520.88,Cancelled,Card,9.0
ORD03792,2025-11-23 00:43:55.858964744,Monitor,South,Wholesale,Anita,CUST1164,3.0,738.42,10.0,1993.73,1355.82,Completed,Cash,1.0
ORD03109,2025-07-21 08:26:38.799699928,Headset,West,Retail,Meena,CUST1140,2.0,2188.07,15.0,3719.72,2758.68,Pending,UPI,9.0
ORD00453,2024-03-23 12:15:18.229557390,Tablet,West,Wholesale,Priya,CUST1296,4.0,14575.69,20.0,46642.21,40726.48,Cancelled,Net Banking,12.0
ORD02302,2025-02-24 00:54:00.810202552,Printer,East,Retail,Rahul,CUST1236,3.0,13767.97,20.0,33043.13,24536.44,Returned,Card,6.0
ORD01328,2024-08-30 05:42:48.342085524,Printer,East,Online,Priya,CUST1098,5.0,30697.08,5.0,145811.13,109959.98,Completed,UPI,1.0
ORD02945,2025-06-21 09:56:40.150037512,Laptop,West,Retail,Arun,CUST1196,4.0,16624.42,0.0,66497.68,50723.27,Pending,Cash,2.0
ORD02050,,Printer,South,Online,Rahul,CUST1145,4.0,25566.6,5.0,97153.08,63825.98,Completed,Net Banking,5.0
ORD00881,2024-06-09 15:21:49.827456864,Printer,east,Wholesale,Karthik,CUST1218,3.0,54096.67,5.0,154175.51,132758.88,,Cash,10.0
ORD03644,2025-10-27 00:19:48.297074272,Laptop,South,Online,Arun,CUST1050,3.0,22355.46,0.0,"67,066.38",48346.6,Cancelled,Card,9.0
ORD03887,2025-12-10 08:56:10.442610656,Printer,West,Online,Divya,CUST1132,100,1637.32,15.0,12000000,10000000,Cancelled,Net Banking,3.0
ORD00624,2024-04-23 17:25:20.480120030,Laptop,West,Wholesale,Arun,CUST1163,7.0,10406.98,10.0,65563.97,43149.72,,Net Banking,6.0
ORD02394,2025-03-12 19:57:39.564891224,Keyboard,North,Wholesale,Arun,CUST1206,1.0,13623.91,15.0,11580.32,10148.12,Cancelled,Card,3.0
ORD03691,2025-11-04 14:14:29.617404352,Headset,East ,Wholesale,Arun,CUST1293,4.0,877.64,10.0,3159.5,2191.73,Returned,Card,9.0
ORD01788,2024-11-22 05:01:02.115528884,Mouse,South,Online,Karthik,CUST1237,3.0,62712.48,10.0,169323.7,125784.96,Returned,Card,7.0
ORD00263,2024-02-17 19:50:49.062265566,MONITOR,south,Online,Suresh,CUST1260,1.0,31410.35,10.0,28269.31,21687.46,Cancelled,Net Banking,7.0
ORD01635,2024-10-25 06:42:34.838709680,Smartphone,West,Online,Suresh,CUST1032,6.0,57542.84,0.0,345257.04,283855.81,Pending,Net Banking,4.0
ORD03370,,Monitor,South,Retail,Karthik,CUST1111,1.0,49814.87,5.0,47324.13,41863.49,Completed,Card,4.0
ORD01439,2024-09-19 12:00:54.013503376,Laptop,North,Wholesale,Priya,CUST1008,2.0,1798.41,20.0,2877.46,2017.59,Returned,UPI,6.0
ORD02199,2025-02-05 05:38:50.682670668,Laptop,East,WHOLESALE,Priya,CUST1281,3.0,25949.85,0.0,77849.55,52104.46,Completed,Card,10.0
ORD01970,2024-12-25 10:22:35.738934736,Printer,South,Online,Anita,CUST1073,1.0,10578.45,10.0,9520.61,7183.64,Completed,Net Banking,1.0
ORD02521,2025-04-05 00:00:00,Keyboard,West,Retail,Rahul,CUST1049,7.0,30643.1,15.0,182326.44,,Pending,UPI,4.0
ORD01803,2024-11-24 22:44:01.260315080,Laptop,North,Wholesale,Priya,CUST1250,7.0,1617.72,20.0,9059.23,6302.59,Returned,Cash,2.0
ORD00641,2024-04-26 19:54:03.510877720,Mouse,West,Online,Karthik,CUST1134,8.0,2606.34,15.0,17723.11,14632.49,Completed,Cash,7.0
ORD03983,2025-12-27 21:31:16.969242312,Tablet,South,Retail,Arun,CUST1131,6.0,12424.68,15.0,63365.87,41678.44,Returned,UPI,8.0
ORD02386,2025-03-11 08:54:44.021005256,Laptop,,Retail,Suresh,CUST1044,7.0,9870.16,15.0,58727.45,44096.69,Returned,Cash,3.0
ORD02599,2025-04-19 06:05:07.876969248,Smartphone,EAST,Wholesale,Meena,CUST1102,3.0,23889.28,0.0,71667.84,47727.1,Pending,Cash,5.0
ORD03886,2025-12-10 04:33:18.499624912,Mouse,West, online,Karthik,CUST1247,2.0,15021.0,0.0,30042.0,24850.48,Returned,Card,12.0
ORD01960,2024-12-23 14:33:56.309077272,Printer,West,Wholesale ,Suresh,CUST1180,1.0,2653.98,20.0,2123.18,1807.59,Returned,Card,3.0
ORD02977,2025-06-27 06:08:22.325581400,Laptop,North,Wholesale,Anita,CUST1033,6.0,30924.04,15.0,157712.6,126812.39,Completed,UPI,4.0
ORD00489,2024-03-30 01:58:28.177044262,Keyboard,South,Retail,Anita,CUST1256,1.0,15513.42,20.0,12410.74,8226.54,Completed,Net Banking,4.0
ORD01844,2024-12-02 10:21:30.922730684,Printer,South,Wholesale,Divya,CUST1059,4.0,17317.38,15.0,58879.09,43972.71,Returned,Card,7.0
ORD01735,2024-11-12 12:49:09.137284324,Printer,East,Retail,Arun,CUST1156,3.0,13457.43,0.0,40372.29,"27,955.07",Cancelled,Cash,5.0
ORD02912,2025-06-15 09:22:06.031507880,Keyboard,West,Online,Meena,CUST1193,2.0,12901.08,0.0,25802.16,21492.38,Completed,UPI,9.0
ORD03220,2025-08-10 14:44:44.471117784,Smartphone, north,Retail,Priya,CUST1130,1.0,47597.53,5.0,45217.65,35377.54,Completed,UPI,8.0
ORD00147,2024-01-27 15:38:23.675918980,Mouse,East,Online,Suresh,CUST1041,8.0,24555.0,15.0,166974.0,123568.72,Returned,Card,9.0
ORD01535,2024-10-07 00:36:00.540135036,Mouse,West,Wholesale,Anita,CUST1019,2.0,25489.0,10.0,45880.2,37576.19,Returned,UPI,6.0
ORD01987,2024-12-28 12:51:18.769692424,Monitor,East,Online,Rahul,CUST1282,7.0.0,1654.35,5.0,11001.43,9102.14,Completed,UPI,1.0
ORD01370,2024-09-06 21:43:09.947486872,Monitor,South,Wholesale,Karthik,CUST1048,6.0,13999.16,0.0,83994.96,56184.33,Completed,Cash,2.0
ORD02451,2025-03-23 05:41:00.315078768,Headset,South,Retail,Divya,CUST1115,2.0,18087.89,5.0,34366.99,26495.75,Cancelled,UPI,1.0
ORD03913,2025-12-15 02:50:40.960240064,Monitor,East,Wholesale,Suresh,CUST1001,7.0,1768.66,0.0,12380.62,10699.11,Returned,UPI,7.0
ORD03003,2025-07-02 00:02:52.843210808,Printer,South,Retail,Rahul,CUST1193,8.0,1577.87,5.0,11991.81,10679.72,Cancelled,UPI,3.0
ORD02812,2025-05-28 03:15:31.732933232,Smartphone,North,Wholesale,Suresh,CUST1076,4.0,16730.74,20.0,53538.37,44972.7,Completed,UPI,6.0
ORD00660,2024-04-30 07:08:30.427606902,Headset,East,Wholesale,Arun,CUST1169,8.0,23782.83,15.0,161723.24,107560.19,Completed,Net Banking,6.0
ORD01795,2024-11-23 11:41:05.716429108,Headset,North,Online,Arun,CUST1126,6.0,10384.33,10.0,56075.38,39202.57,Completed,,5.0
ORD03421,2025-09-16 07:20:45.011252816,Printer,South,Retail,Rahul,CUST1073,1.0,25284.81,20.0,20227.85,13992.36,Cancelled,UPI,8.0
ORD02512,2025-04-03 08:55:48.837209304,Printer,West,Online,Rahul,CUST1157,8.0,17446.85,10.0,125617.32,104238.67,Returned,Net Banking,7.0
ORD03398,2025-09-12 02:34:50.322580648,Laptop,East,Wholesale,Divya,CUST1118,4.0,21741.71,20.0,69573.47,50189.95,Cancelled,Net Banking,9.0
ORD00187,2024-02-03 22:53:01.395348837,,East,Retail,Arun,CUST1134,4.0,10247.99,15.0,34843.17,28597.59,Cancelled,Card,1.0
ORD01148,2024-07-28 09:06:58.604651164,Monitor,West,Online,Anita,CUST1043,6.0,45209.01,0.0,271254.06,176834.86,Returned,Card,2.0
ORD03273,2025-08-20 06:56:37.449362344,Headset,North,Wholesale,Karthik,CUST1226,4.0,1796.65,5.0,6827.27,4584.71,Pending,Net Banking,12.0
ORD00609,2024-04-20 00:00:00,Tablet,West,Retail,Rahul,CUST1286, 2.0 ,2124.14,20.0,3398.62,2787.29,Completed,UPI,6.0
ORD02192,2025-02-03 22:58:47.081770444,Keyboard,West,Wholesale,Arun,CUST1216,6.0,12319.1,10.0,66523.14,52653.37,Pending,Card,3.0
ORD02800,2025-05-25 22:41:08.417104280,Mouse,East,Wholesale,Anita,CUST1022,6.0,15876.05,10.0,,71056.2,Pending,UPI,1.0
ORD03583,2025-10-15 21:04:59.774943736,Printer,East,Online,Anita,CUST1249,2.0,16140.06,0.0,32280.12,21401.45,Pending,Net Banking,9.0
ORD01931,2024-12-18 07:30:49.962490624,Mouse,South,Retail,Arun,CUST1068,6.0,1001.95,20.0,4809.36,3861.71,Completed,UPI,10.0
ORD03030,2025-07-06 22:20:15.303825960,Tablet,North ,Online,Divya,CUST1136,2.0,16872.64,5.0,32058.02,27505.31,Completed,Net Banking,1.0
ORD00198,2024-02-05 23:04:32.768192048,Laptop,West,Wholesale,Arun,CUST1126,2.0,14140.34,0.0,28280.68,24963.05,Completed,Net Banking,8.0
ORD03682,2025-11-02 22:48:42.130532640,Keyboard,West,Wholesale,Meena,CUST1200,2.0,28409.36,15.0,48295.91,41650.39,Returned,Cash,4.0
ORD02932,2025-06-19 00:59:24.891222808,Monitor,South,Wholesale,Anita,CUST1186,2.0,23035.23,20.0,36856.37,27851.31,Cancelled,Card,12.0
ORD02328,2025-02-28 18:48:31.327831960,Keyboard,North,Retail,,CUST1113,7.0,21076.51,15.0,125405.23,86789.15,Cancelled,UPI,3.0
ORD00294,2024-02-23 11:39:39.294823706,Mouse,North,Online,Suresh,CUST1250,6.0,23724.7,10.0,128113.38,87401.5,Cancelled,Card,12.0
ord00767,2024-05-19 19:55:08.327081772,Smartphone,East,Online,Priya,CUST1259,8.0,16167.21,15.0,109937.03,78951.94,Cancelled,Net Banking,8.0
ORD00401,2024-03-14 00:26:17.194298575,Headset,North,Retail,Anita,CUST1130,4.0,12895.27,15.0,43843.92,30170.53,Cancelled,Cash,12.0
ORD00123,2024-01-23 06:29:37.044261065,Tablet,South,Online,Anita,CUST1238,3.0,12383.47,20.0,29720.33,"₹26,215.70",Returned,Cash,11.0
ORD03256,2025-08-17 04:27:54.418604656,Mouse,East,Retail,Karthik,CUST1184,8.0,23487.52,5.0,178505.15,150963.97,Pending,Cash,12.0
ORD00203,2024-02-06 20:58:52.483120780,Mouse,South,Wholesale,Meena,CUST1027,2.0,841.7,15.0,1430.89,1250.43,Cancelled,Net Banking,11.0
ORD03511,2025-10-02 17:38:39.879969992,Monitor,South,Wholesale,Priya,CUST1262,5.0,2545.62,10.0,11455.29,9785.09,Pending,Net Banking,4.0
ORD00836,2024-06-01 10:12:52.393098276,Smart Phone,South,Online,Divya,CUST1200,5.0,1722.64,20.0,6890.56,5991.3,Pending,Cash,12.0
ORD02295,2025-02-22 18:13:57.209302328,Headset,South,Wholesale,Meena,CUST1238,4.0,12741.78,10.0,45870.41,38179.2,Completed,Card,2.0
ORD01440,2024-09-19 16:23:45.956489124,Tablet,South,Retail,Divya,CUST1211,8.0,15492.1,5.0,117739.96,82009.88,Returned,Cash,8.0
ORD01734,2024-11-12 08:26:17.194298576,Mouse,West,Retail,Anita,CUST1021, 6.0 ,54112.41,15.0,-275973.29,"225,453.66",Returned,Card,12.0
ORD01696,2024-11-05 09:57:23.360840212,Printer,East,Retail,Divya,CUST1181,5.0,2340.72,0.0,11703.6,10234.56,Completed,Cash,7.0
ORD03900,2025-12-12 17:53:25.701425360,Keyboard,East,Retail,Anita,CUST1224,3.0,1627.36,20.0,3905.66,2795.94,Completed,Net Banking,8.0
ORD01708,2024-11-07 14:31:46.676669168,Printer,West,Wholesale,Arun,CUST1010,1.0,30860.08,0.0,30860.08,24427.15,Returned,Net Banking,9.0
ORD03879,2025-12-08 21:53:14.898724688,Headset,North,Online,Meena,CUST1245,6.0,1645.8,15.0,8393.58,7306.02,Completed,UPI,12.0
ORD01154,2024-07-29 11:24:10.262565644,Tablet,East,Online,Meena,CUST1203,4.0,1532.44,20.0,4903.81,3943.97,Pending,Card,10.0
ORD01662,2024-10-30 04:59:57.299324832,Monitor,North,Wholesale,Priya,CUST1078,8.0,16439.18,5.0,124937.77,99441.52,Completed,Net Banking,unknown
ORD03475,2025-09-26 03:55:29.932483120,Printer,West,Online,Divya,CUST1252,4.0,13652.38,10.0,49148.57,32193.81,Returned,Cash,7.0
ORD02433,2025-03-19 22:49:25.341335336, smartphone,South,Online,Meena,CUST1282,4.0,20524.53,15.0,69783.4,56448.58,Pending,Net Banking,3.0
ORD03751,2025-11-15 13:06:26.196549144,Printer,West,retail ,Divya,CUST1026,6.0,2538.59,5.0,14469.96,12418.46,Pending,Net Banking,9.0
ORD01760,2024-11-17 02:20:47.711927984,Headset,North,Retail,Karthik,CUST1192,3.0,46506.49,20.0,111615.58,78432.08,Cancelled,Card,4.0
ORD00855,2024-06-04 21:27:19.309827458,Tablet,West,Online,Rahul,CUST1099,4.0,22947.14,0.0,91788.56,74582.82,Pending,Net Banking,1.0
ORD01590,2024-10-17 01:33:37.404351088,Tablet,West,Online,Anita,CUST1143,2.0,13357.02,10.0, 24042.64 ,19745.83,Completed,Card,10.0
ORD02268,2025-02-17 19:56:34.748687172, laptop,East,Wholesale,Priya,CUST1013,2.0,28555.75,15.0,48544.78,38690.09,Completed,Cash,11.0
ORD00642,2024-04-27 00:16:55.453863466,Laptop,North,Wholesale,Anita,CUST1070,8.0,919.33,0.0,7354.64,4798.48,Completed,Net Banking,4.0
ORD00002,2024-01-01 04:22:51.942985746,Monitor,South,Wholesale,Meena,cust1280,2.0,59593.48,5.0,113227.61,90544.11,Returned,Card,8.0
ORD02161,2025-01-29 07:09:56.849212304,Mouse,West,Retail,Suresh, CUST1037,4.0,12348.39,20.0,39514.85,34930.51,Cancelled,Net Banking,5.0
ORD00699,2024-05-07 10:00:16.204051014,Mouse,South,Wholesale,Suresh,CUST1057,1.0,2437.8,5.0,2315.91,1649.34,Completed,Cash,10.0
ORD03914,2025-12-15 07:13:32.903225808,Mouse,South,Retail,Rahul,CUST1240,4.0,2087.77,15.0,7098.42,5210.14,Completed,Cash,12.0
ORD03000,2025-07-01 10:54:17.014253568,Keyboard,North,Wholesale,Rahul,CUST1041,1.0,895.23,15.0,760.95,523.04,Cancelled,Card,11.0
ORD03697,2025-11-05 16:31:41.275318832,Keyboard,West,Online,Arun,CUST1171,3.0,2779.23,10.0,7503.92,5884.16,Cancelled,UPI,12.0
ORD01637,2024-10-25 15:28:18.724681172,Laptop,East,Online,Rahul,CUST1272,1.0,2701.1,0.0,2701.1,2117.43,Cancelled,Card,1.0
ORD03185,2025-08-04 05:24:26.466616656,Smart Phone,West,Retail,Suresh,CUST1035,3.0,22029.46,10.0,59479.54,51006.72,Returned,UPI,10.0
ORD03459,2025-09-23 05:49:38.844711184,Headset,West,Wholesale,Divya,CUST1024,1.0,2391.43,0.0,2391.43,2098.98,Completed,Cash,7.0
ORD03458,2025-09-23 01:26:46.901725432,Keyboard,North,Wholesale,Suresh,CUST1254,6.0,25902.02,5.0,147641.51,"₹102,343.52",Cancelled,Cash,5.0
ORD03582,2025-10-15 16:42:07.831957992,Laptop,East,Online,Anita,CUST1190,1.0,1883.73,0.0%,1883.73,1553.75,Returned,UPI,3.0
ORD01292,2024-08-23 15:59:38.394598652,Monitor,North,Retail,Anita,CUST1010,4.0,901.0,20.0,2883.2,2197.97,Cancelled,UPI,7.0
ORD03806,2025-11-25 14:04:03.060765192,Smartphone,North,Wholesale,Karthik,CUST1044,2.0,13991.18,15.0,23785.01,16523.69,Pending,Cash,2.0
ORD02490,2025-03-30 08:32:46.091522880,Smartphone,West,Online,Priya,CUST1197,1.0,738.31,10.0,664.48,438.43,Returned,Cash,5.0
ORD01521,2024-10-04 11:15:53.338334584,Tablet,South,Retail,Priya,CUST1113,2.0,24768.0,20.0,39628.8,35375.41,Returned,Card,9.0
ORD01854,2024-12-04 06:10:10.352588148,Headset,East,Wholesale,Anita,CUST1131,1.0,59733.53,20.0,47786.82,34376.22,Cancelled,CASH,7.0
ORD01137,2024-07-26 08:55:27.231807952,Mouse,South,Retail,Anita,CUST1126,5.0,14933.4,0.0,74667.0,60708.46,Cancelled,Cash,5.0
ORD03305,2025-08-26 03:08:19.624906232,Smartphone,East,Online,Anita,CUST1089,6.0,2892.91,5.0,16489.59,11989.38,Returned,Card,12.0
ORD03863,2025-12-05 23:47:23.810952744,Laptop,North,Online,Anita,Cust1154,5.0,17176.47,20.0,68705.88,47058.73,Pending,Card,7.0
ORD01632,2024-10-24 00:00:00,Tablet,West,Wholesale,Suresh,CUST1136,4.0,27186.26,10.0,97870.54,64059.3,Returned,Card,12.0
ORD03744,2025-11-14 06:26:22.595648912,Laptop,North,Online,Suresh,CUST1070,5.0,11658.27,20.0,46633.08,41519.97,Completed,UPI,10.0
ORD03446,2025-09-20 20:52:23.585896480,Headset ,west,Retail,Meena,CUST1214,7.0,2464.52,15.0,14663.89,12833.69,Cancelled, net banking,7.0
ORD01999,2024-12-30 17:25:42.085521384,Tablet,North,Wholesale,Suresh,CUST1259,6.0,20688.46,20.0,99304.61,74343.71,Returned,UPI ,7.0
ORD00664,2024-05-01 00:39:58.199549888,Printer,West,Retail,Suresh,CUST1047,8.0,13283.44,15.0,90327.39,76545.65,Returned,Cash,10.0
ORD00684,2024-05-04 16:17:17.059264816,Laptop,South,Online,Priya,CUST1106,2.0,30175.52,20.0,48280.83,42354.75,Cancelled,Card,12.0
ORD01258,2024-08-17 11:02:12.333083272,Tablet,West,Wholesale,Suresh,CUST1093,6.0,15683.6,20.0,75281.28,66367.65,Returned,UPI,12.0
ORD03767,2025-11-18 11:12:17.284321080,Mouse,South,Wholesale,Divya,CUST1015,5.0,2252.12,0.0,11260.6,8727.52,,UPI,1.0
ORD03749,2025-11-15 04:20:42.310577648,Laptop,West,Online,Priya,CUST1031,4.0,,10.0,85289.58,,Cancelled,UPI,2.0
ORD00318,2024-02-27 20:48:25.926481621,Monitor,East,RETAIL,Anita,cust1091,2.0,10302.98,0.0,20605.96,15698.71,Returned,Cash,6.0
ORD00649,2024-04-28 06:56:59.054763692,LAPTOP,East,Retail,Meena,CUST1231,7.0,19366.46,5.0,128786.96,"87,078.27",Pending,Cash,10.0
ORD01435,2024-09-18 18:29:26.241560392,monitor ,South,Retail,Meena,CUST1199,8.0,13825.48,20.0,88483.07,65323.74,Pending,Cash,6.0
ORD01480,2024-09-26 23:38:23.675918980,Tablet,East,RETAIL,Rahul,CUST1022,5.0,11023.99,15.0,46851.96,39906.99,Pending,Net Banking,4.0
ORD00710,2024-05-09 10:11:47.576894224,Tablet,West, retail,Rahul,CUST1193,2.0,11793.5,10.0,21228.3,18754.54,Completed,UPI,4.0
ORD03431,2025-09-18 03:09:24.441110280,Keyboard,,Wholesale,Arun,CUST1067,7.0,18609.5,10.0,117239.85,102848.82,Cancelled,Cash,10.0
ORD01283,2024-08-22 00:33:50.907726932,Headset,East,Retail,Anita,CUST1238,7.0,868.53,15.0,5167.75,3740.53,Returned,Card,3.0
ORD01769,2024-11-18 17:46:35.198799700,Headset,North,Online,Priya,CUST1273,7.0,50177.97,5.0%,333683.5,246535.36,Completed,Cash,7.0
ORD00973,2024-06-26 10:25:28.582145538,Keyboard,South,Retail,Divya,CUST1001,1.0,30909.24,15.0,26272.85,20474.89,Completed,Cash,3.0
ORD02676,2025-05-03 07:25:47.486871720,Keyboard,South,Retail,Karthik,CUST1078,1.0,2709.84,110%,2167.87,1948.6,Cancelled,Cash,7.0
 ORD02681,2025-05-04 05:20:07.201800456,Mouse,West,Online,Divya,CUST1068,3.0,12446.02,0.0,37338.06,26391.11,Completed,UPI,8.0
ORD01307,2024-08-26 09:42:37.539384848,Headset,South,Retail,Priya,CUST1298,4.0,49987.11,5.0,189951.02,158652.03,Cancelled,Card,7.0
ORD01401,2024-09-12 13:32:00.180045012,Keyboard,South ,Wholesale,Rahul,CUST1071,5.0,30949.36,20.0,123797.44,108567.22,Completed,Net Banking,10.0
ORD01409,2024-09-14 00:34:55.723930984,Headset,East,Online,Arun,CUST1072,7.0,1799.28,0.0,12594.96,8224.83,Pending,Net Banking,5.0
ORD03297,2025-08-24 16:05:24.081020256,Monitor,North,Wholesale,Rahul,CUST1093,2.0,862.42,10.0,1552.36,1340.62,Cancelled,Net Banking,
ORD02238,2025-02-12 08:30:36.459114780,Printer,North,Online,Priya,CUST1191,1.0,12731.03,5.0,12094.48,9324.25,Cancelled,Card,12.0
ORD03303,2025-08-25 18:22:35.738934736,Smartphone,East,Retail,Anita,CUST1155,7.0,2520.96,5.0,16764.38,11386.15,Completed,Cash,5.0
ORD01497,2024-09-30 02:07:06.706676672,Mouse,East,Online,Suresh,CUST1261,4.0,unknown,10.0,80702.78,60457.55,Pending,Net Banking,10.0
ORD03420,2025-09-16 02:57:53.068267072,Tablet,West,Online,Suresh,CUST1262,5.0,48256.02,0.0,241280.1,215223.19,Pending,Card,2.0
ORD02039,2025-01-07 00:40:19.804951240,Monitor,East,Wholesale,Divya,CUST1042,6.0,21438.17,10.0,115766.12,83233.6, returned,Card,9.0
ORD01530,2024-10-06 02:41:40.825206304,Tablet,South,Wholesale,Karthik,CUST1093,7.0,46596.56,20.0,260940.74,231677.75,Pending,Cash,6.0
ORD01664,2024-10-30 13:45:41.185296324,Laptop,North,Online,,CUST1002,1.0,31054.26,0.0,31054.26,24206.86,Completed,UPI,
ORD01355,2024-09-04 04:00:10.802700676,Headset,East,Online,Rahul,CUST1037,8.0,9915.83,10.0,71393.98,51641.2,Cancelled,UPI,7.0
ORD03896,2025-12-12 00:21:57.929482376,Smartphone,West,Wholesale,Arun,CUST1023,8.0,55968.86,15.0,380588.25,268250.05,Returned,UPI,5.0
ORD03924,2025-12-17 03:02:12.333083272,KEYBOARD,West,Online,Anita,CUST1104,7.0,24630.73,20.0,137932.09,106690.87,Completed,Card,11.0
ORD03628,2025-10-24 02:13:57.209302328,Keyboard,East,Online,Karthik,CUST1198,7.0,51449.12,5.0,342136.65,269632.59,Cancelled ,Cash,8.0
ORD01644,2024-10-26 22:08:22.325581396,Smartphone,South,Online,Rahul,CUST1052,7.0,26869.29,0.0,188085.03,160038.62,Completed,Cash,9.0
ORD01052,2024-07-10 20:31:52.078019506,Mouse,East,Wholesale,Divya,CUST1211,7.0,13152.96,0.0,92070.72, 75863.95 ,Returned,Net Banking,7.0
ORD00796,2024-05-25 02:58:14.673668418,Smartphone,South,Wholesale ,Divya,CUST1074,5.0,-12831.32,15.0,54533.11,48960.59,Cancelled,Card,12.0
ORD02694,2025-05-06 14:17:22.460615160,Mouse,West,Retail,Meena,CUST1123,3.0,53921.25,10.0,145587.38,129826.4,RETURNED,NetBanking,8.0
ORD03061,2025-07-12 14:09:05.536384096,Printer,East,Wholesale,Arun,CUST1142,4.0,23484.4,15.0,79846.96,54169.1,Completed,Net Banking,4.0
ORD01598,2024-10-18 12:36:32.948237060,Laptop,South,Retail,Arun,CUST1238,3.0,26532.6,20.0,63678.24,49440.33,Completed,Card,9.0
ORD02605,2025-04-20 08:22:19.534883720,Printer,West,Retail,Priya,CUST1043,7.0,1019.73,10.0,6424.3,"4,465.94",Returned,UPI,6.0
ORD02730,2025-05-13 04:00:32.408102024,Mouse,North,Online,Arun,CUST1160,4.0,64433.84,5.0,244848.59,217588.76,Pending,Net Banking,11.0
ORD02626,2025-04-24 04:22:30.337584400,Tablet,West,Online,Meena,CUST1266,7.0,11507.74,20.0,64443.34,,Pending,Net Banking,9.0
ORD01820,2024-11-28 01:12:44.291072768,Monitor,West,Online,Karthik,CUST1011,5.0,11099.11,5.0,52720.77,37003.93,Cancelled,Cash,3.0
ORD03158,2025-07-30 00:00:00,Mouse,West,Wholesale,Priya,CUST1086,4.0,2299.77,10.0,8279.17,7313.43,Pending,UPI,6.0
ORD03315,,Tablet,East,RETAIL,Suresh,CUST1104,7.0,56106.24,15.0,333832.13,275372.1,Completed,Card,3.0
ORD01723,2024-11-10 08:14:45.821455364,Monitor,South,Wholesale,Suresh,CUST1080,8.0,17598.04,20.0,112627.46,91495.98,Returned,Card,9.0
ORD01184,2024-08-03 22:50:08.552138036,Mouse,East,Wholesale,Priya,CUST1245,5.0,"2,160.70",5.0,10263.32,8104.54,Returned,Card, 3.0 
ORD02573,2025-04-14 12:10:37.359339840,Mouse,West,Wholesale,Karthik,CUST1073,8.0,"₹2,415.77",0.0,19326.16,16812.98,Completed,Cash,10.0
ORD01060,2024-07-12 07:34:47.621905478,Keyboard,East,Retail,Arun,CUST1155,4.0,N/A,,32641.79,28418.08,Cancelled,Net Banking,4.0
ORD00541,2024-04-08 13:47:29.212303076,Keyboard,West,Wholesale,Divya,CUST1132,2.0,2757.71,15.0,4688.11,3152.06,Pending,UPI,5.0
ORD03243,2025-08-14 19:30:39.159789952,Smartphone,West,Retail,Karthik,CUST1134,5.0,48957.84,5.0,232549.74,179722.02,Returned,Card,5.0
ORD01679,2024-11-02 07:28:40.330082524,Printer,East,Online,Karthik,CUST1073,7.0,29977.25,5.0,199348.71,148654.27,Returned,Cash,9.0
ORD02797,2025-05-25 09:32:32.588147040,Monitor,South,Online,Suresh,CUST1162,1.0,759.4,5.0,721.43,644.34,Pending,Card,8.0
ORD03851,2025-12-03 19:13:00.495123784,Smartphone,East,Online,Divya,CUST1231,8.0,unknown,15.0,20039.67,16787.18,Returned,UPI,3.0.0
ORD03479,2025-09-26 21:26:57.704426112,Mouse,West,Online,Priya,CUST1288,1.0,15220.13,15.0,12937.11,10599.7,Cancelled,Card,11.0
ORD02533,2025-04-07 04:55:59.639909976,Keyboard,South,Wholesale,Priya,CUST1012, 1.0 ,23878.09,15.0,20296.38,13378.93,Returned,UPI,12.0
ORD01758,2024-11-16 17:35:03.825956492,Smartphone,North,Retail,Priya,CUST1254,4.0,2028.45,20.0,6491.04,5741.27,Pending,UPI,4.0
ORD01924,2024-12-17 00:50:46.361590400,Printer,South,Wholesale ,Anita,CUST1039,2.0,32749.2,5.0,62223.48,49190.6, returned,Net Banking,3.0
ORD00096,2024-01-18 08:12:14.583645911,Smartphone,North,Retail,Arun,CUST1288,7.0,1536.33,10.0,9678.88,8462.28,Cancelled,Card,11.0
ORD01021,2024-07-05 00:00:00,Laptop,South,Retail,Divya,CUST1033,4.0,2815.55,15.0,9572.87,7565.49,Returned,Card,5.0
ORD00564,2024-04-12 18:33:23.900975244,Monitor,South,Retail,Anita,CUST1028,4.0,10215.78,15.0,34733.65,26123.64,Returned,Card,4.0
ORD03313,2025-08-27 14:11:15.168792200,Mouse,East,Wholesale,Rahul,CUST1073,3.0,2786.52,15.0,7105.63,4923.63,Pending, upi,7.0
ORD02791,2025-05-24 07:15:20.930232560,Mouse,South,Wholesale,Suresh,CUST1016,5.0,12515.72,15.0,53191.81,39392.44,Cancelled,Card,6.0
ORD00864,2024-06-06 12:53:06.796699176,Keyboard,North,Retail,Arun,cust1290,1.0,12040.7,5.0,11438.67,10285.36,Completed,Card,12.0
ORD03647,2025-10-27 13:28:24.126031512,Headset,North,Retail,Karthik,CUST1090,6.0,1544.77, 20.0 ,7414.9,5733.17,Returned,Cash,12.0
ORD03763,2025-11-17 17:40:49.512378096,Smartphone,East,Retail,Arun,CUST1047,2.0,52125.95,0.0,104251.9,83732.11,Pending,Card,6.0
ORD01485,2024-09-27 21:32:43.390847712,Headset,West,Wholesale,Priya,CUST1279,2.0,32506.67,0.0,65013.34,50324.53,Completed,Credit Card,4.0
ORD02940,2025-06-20 12:02:20.435108776,Headset,West,Wholesale,Karthik,CUST1210,8.0,"₹11,775.73",10.0,84785.26,65452.11,Cancelled,UPI,8.0
ORD03626,2025-10-23 17:28:13.323330832,Tablet,West,Retail,Meena,CUST1131,4.0,13526.67,0.0,54106.68,47537.32,Completed,Card,10.0
ORD01882,2025-99-99,Headset,South,Wholesale,Anita,CUST1227,5.0,1820.38,15.0,7736.62,5585.73,Returned,Card,10.0
ORD01039,2024-07-08 11:34:36.819204802,Keyboard,East,Online,Divya,CUST1146,4.0,49828.16,15.0,"₹169,415.74",129231.99,Pending,UPI,5.0
ORD00207,2024-02-07 00:00:00,Monitor, north,Online,Rahul,CUST1284,7.0,"1,046.00",0.0,7322.0,5808.98,Returned,Cash,3.0
ORD00393,2024-03-12 13:23:21.650412604,PRINTER,South,Wholesale,Rahul,CUST1044,5.0,19478.25,5.0,92521.69,81151.94,Pending,Net Banking,10.0
ORD02843,2025-06-02 19:04:21.965491376,Smartphone,North,Online,Rahul,CUST1241,8.0,19182.38,20.0,122767.23,103093.07,Cancelled,Cash,8.0
ORD00871,2024-06-07 19:33:10.397599400,,East,Retail,Meena,CUST1298,4.0,2012.24,15.0,6841.62,5701.83,Returned,Card,8.0
ORD00398,2024-03-13 11:17:41.365341336,Keyboard,West,Online,Priya,CUST1146,7.0,23142.55,5.0,153897.96,133588.2,Returned,Cash,4.0
ORD02815,2025-05-28 16:24:07.561890472,Tablet,South,Retail,,CUST1078,3.0,2541.83,20.0,6100.39,4104.58,Pending,UPI,2.0
ORD03840,2025-12-01 19:01:29.122280576,Keyboard,West,Online,Suresh,CUST1262,3.0,46556.55,10.0,125702.69,83385.97,Cancelled,Cash,5.0
ORD03290,2025-08-23 09:25:20.480120032,Mouse,East,Retail,Rahul,CUST1039,7.0,2383.44,20.0,13347.26,10574.1,complete,UPI,7.0
ORD01029,2024-07-06 15:45:57.389347338,Keyboard,North,Wholesale,Rahul,CUST1125,8.0,2466.07,10.0,17755.7,13369.0,Cancelled,Card,6.0
ORD02691,2025-05-06 01:08:46.631657920,Laptop,West,Retail,Suresh,CUST1231,8.0,10809.33,10.0,77827.18,60403.68,Cancelled,UPI,9.0
ORD01486,2024-09-28 01:55:35.333833460,Monitor,NORTH,Retail,Divya,CUST1116,4.0,26795.62,15.0,91105.11,62931.66,Completed,Net Banking,1.0
ORD02661,2025-04-30 13:42:48.342085520, printer,North,Online,Priya,CUST1138,1.0,20277.8,5.0,19263.91,13865.24,Completed,UPI,11.0
ORD03811,2025-11-26 11:58:22.775693928,Tablet,South,Online,Priya,CUST1218,8.0,16949.58,20.0,108477.31,85856.08,Pending,,7.0
ORD00961,2024-06-24 05:51:05.266316580,Printer,West,Retail,Priya,CUST1113,5.0,29971.83,5.0,142366.19,92652.57,Cancelled,Net Banking,4.0
ORD01571,2024-10-13 14:19:10.487621908,Mouse,East,Retail,Anita,CUST1060,4.0,1716.48,0.0,6865.92,6043.33,Pending,Net Banking,10.0
ORD02774,2025-05-21 04:46:37.899474872,Printer,South,Wholesale,Meena,CUST1063,7.0,47325.46,20.0,265022.58,175531.68,Cancelled,Card,12.0
ORD01896,2024-12-11 22:10:31.957989500,Smartphone,South,Online,Rahul,CUST1168,6.0,49350.98,20.0,236884.7,157956.74,Completed,Card,5.0
ORD02732,2025-05-13 12:46:16.294073520,Tablet,East,Wholesale,Anita,CUST1078,5.0,12667.4,15.0,53836.45,39258.94,Pending,Cash,9.0
ORD02147,2025-01-26 17:49:49.647411856,Tablet,North,Online,Divya,CUST1222,2.0,56303.84,20.0,90086.14,,Returned,Card,4.0
ORD00805,2024-05-26 18:24:02.160540136,Laptop,East,Online,Divya,CUST1024,7.0,2260.34,5.0,15031.26,11799.58,Cancelled,Net Banking,4.0
ORD01752,2024-11-15 15:17:52.168042012,Monitor,East,Wholesale,Rahul,CUST1091,6.0,2122.21,5.0,12096.6,7953.59,Returned,Net Banking,5.0
ORD03646,2025-10-27 09:05:32.183045768,Laptop,West,Retail,Priya,CUST1008,2.0,972.05,10.0,1749.69,1171.41,Completed,UPI,12.0
ORD02455,2025-03-23 23:12:28.087021760,Smartphone,East,Wholesale,Suresh,CUST1172,8.0,unknown,0.0,243479.92,191538.18,Returned,Cash,9.0
ORD00503,2024-04-01 15:18:35.378844712,Headset,East,Online,Rahul,CUST1090,4.0,2775.91,10.0,9993.28,8141.48,Completed,Cash,1.0
ORD03120,2025-07-23 08:38:10.172543136,Mouse,East,Online,Karthik,CUST1203,1.0,13584.67,0.0,13584.67,11866.12,Returned,NET BANKING,5.0
ORD03105,2025-07-20 14:55:11.027756944,Laptop,East,Wholesale,Arun,CUST1046,2.0.0,14472.21,15.0,24602.76,16306.86,Completed,Cash,6.0
ORD02978,2025-06-27 10:31:14.268567144,Keyboard,West,Retail,Arun,CUST1154,5.0,752.53,15.0,3198.25,2576.63,Completed,Card,8.0
ORD00780,2024-05-22 04:52:23.585896474,MONITOR,South,Online,Arun,CUST1064,7.0,2805.88,20.0,15712.93,13748.9,Cancelled,Card,12.0
ORD01864,2024-12-06 01:58:49.782445612,Monitor,East,Retail,Rahul,CUST1130,2.0,758.03,0.0, 1516.06 ,1020.45,Pending,UPI,7.0
ORD00201,2024-02-06 12:13:08.597149287,Printer,North,Retail,Suresh,CUST1095,6.0,10285.5,15.0,52456.05,45932.52,Returned,Card,4.0
ORD02183,2025-02-02 07:32:59.594898728,MOUSE,West,Wholesale,Anita,CUST1154,8.0,49590.1,5.0,376884.76,307775.59,Completed,Cash,8.0
ORD03100,2025-07-19 17:00:51.312828208,Laptop,East,Retail,Divya,CUST1173,8.0,25069.81,0.0,200558.48,133999.25,Pending,Cash,6.0
ORD02089,2025-01-16 03:43:36.954238560,Printer,East,Online,Rahul,CUST1022,5.0,22655.1,5.0,107611.72,91805.54, cancelled,Cash,4.0
ORD03066,2025-07-13 12:03:25.251312832,Keyboard,South,Online,Priya,CUST1011,3.0,859.81,0.0,2579.43,2164.34,Pending,Net Banking,7.0
ORD02279,2025-02-19 20:08:06.121530384,Keyboard,East,Retail,Karthik,CUST1166,7.0,unknown,20.0,166002.54,136083.35,Pending,Net Banking,12.0
ORD03562,2025-10-12 01:04:48.972243064,Keyboard,East,Wholesale,Suresh,CUST1208,4.0,2530.63,15.0,8604.14,7484.45,Returned,UPI,8.0
ORD01797,2024-11-23 20:26:49.602400600,Smartphone,North,Wholesale,Anita,CUST1171,2.0,921.94,5.0,1751.69,1392.29,Returned,Cash,9.0
ORD00379,2024-03-10 00:03:14.448612153,Keyboard,South,Online,Anita,CUST1170,5.0,29210.33,0.0,146051.65,114411.79,Cancelled,Card,11.0
ORD02337,2025-03-02 10:14:18.814703680,Monitor,West,Wholesale,Karthik,CUST1029,3.0,2702.83,5.0,7703.07,5223.82,Cancelled,Cash,2.0
ORD00419,2024-03-17 07:17:52.168042011,Tablet,North,Online,Rahul,CUST1121,3.0,2873.36,20.0,6896.06,5107.21,Returned,Net Banking,4.0
ORD01699,2024-11-05 23:05:59.189797452,Laptop,North,Retail,Rahul,CUST1228,2.0,13405.8,20.0,21449.28,18472.5,Returned,UPI,11.0
ORD00392,2024-03-12 09:00:29.707426857,Monitor,South,Online,Karthik,CUST1069,7.0,20034.25,0.0,140239.75,103275.92,Completed,Card,1.0
ORD02641,not a date,Tablet,South,Retail,Arun,CUST1010,4.0,64664.86,5.0,245726.47,189530.7,Cancelled,UPI,12.0
ORD01523,2024-10-04 20:01:37.224306076,Laptop,North,Wholesale,Divya,CUST1025,5.0,1954.15,10.0,8793.68,7264.8,Pending,Net Banking,
ORD01163,2024-07-31 02:49:57.749437360,Tablet,South,Wholesale,Divya,CUST1185,5.0,2009.82,0.0,10049.1,8931.29,return,Card,3.0
ORD03135,2025-07-26 02:21:09.317329336,Tablet,East,Retail,Divya,CUST1170,1.0,836.19,15.0,710.76,575.4,Cancelled,Card,7.0
ORD01496,31/02/2025,printer ,North,Wholesale,Anita,CUST1038,2.0,10614.38,0.0,21228.76,18044.46,Cancelled,Card,2.0
ORD02696,2025-05-06 23:03:06.346586648,Headset,North,Online,Priya,CUST1074,5.0,783.18,20.0,3132.72,2482.06,Cancelled,UPI,3.0
ORD02028,2025-01-05 00:28:48.432108028,Headset,South,Wholesale,Meena,CUST1052,3.0,24213.77,15.0,61745.11,40384.4,Returned, cash,4.0
ORD01153,2024-07-29 00:00:00,Monitor,North,Retail,Rahul,CUST1164,4.0,25419.49,0.0,101677.96,76182.59,Returned,UPI,11.0
ORD01368,2024-09-06 12:57:26.061515380,Laptop,West,Retail,Anita,CUST1218,6.0,1043.44,15.0,5321.54,4503.61,Completed,Net Banking,5.0.0
ORD02569,2025-04-13 18:39:09.587396848,Headset,East,Retail,Priya,CUST1079,2.0,29040.39,15.0,49368.66,33073.49,Cancelled,Cash,2.0
ORD00065,2024-01-12 16:23:24.351087772,Keyboard,North,Wholesale ,Anita,CUST1053,1.0,45237.65,20.0,36190.12,28144.58,Completed,Cash,8.0
ORD02063,2025-01-11 09:49:06.436609156,Mouse,South,Online,Karthik,CUST1232,500,1989.34,20.0,12000000,4500000,Returned,Card,10.0
ORD01181,2024-08-03 09:41:32.723180796,Mouse,South,Online,Divya,CUST1015,5.0,741.79,20.0,2967.16,2241.71,Returned,UPI,12.0
ORD03113,2025-07-22 01:58:06.571642912,Printer,West,Wholesale,Priya,CUST1157,3.0, 1544.56 ,10.0,4170.31,3365.66,Cancelled,Net Banking,10.0
ORD00493,2024-03-30 19:29:55.948987247,Keyboard,,Retail,Suresh,CUST1035,1.0,973.93,0.0,973.93,753.7,Returned,UPI,5.0
ORD00380,2024-03-10 04:26:06.391597900,Smartphone,North,Retail,Anita,CUST1231,2.0,17127.02,10.0,30828.64, 26116.46 ,Cancelled,Cash ,12.0
ORD02236,2025-02-11 23:44:52.573143288,Printer,North,Wholesale,Priya,CUST1008,7.0,17198.03,15.0,102328.28,91878.84,Returned,UPI,9.0
ORD00764,2024-05-19 00:00:00,Headset,South,Wholesale,Priya,CUST1148,8.0.0,830.3,15.0,5646.04,4103.67,Returned,Cash,12.0
ORD02265,2025-02-17 06:47:58.919729936,Monitor,East,Wholesale,Arun,CUST1042,2.0,56428.03,15.0,95927.65,66688.55,Pending,Card,4.0
ORD00792,2024-05-24 09:26:46.901725432,Smartphone,West,Wholesale,Karthik,CUST1100,7.0,28952.32,0.0,202666.24,156902.52,Returned,Cash,12.0
ORD01077,2024-07-15 10:03:30.652663166,Tablet,West,Retail,Anita,CUST1168,2.0,968.69,0.0,1937.38,1659.36,Cancelled,UPI,4.0
ORD00879,2024-06-09 06:36:05.941485372,Tablet,East,Wholesale,Rahul,CUST1116,7.0,17481.71,15.0,104016.17,80296.69,Returned,UPI,8.0
ORD00338,2024-03-02 12:25:44.786196549,Smartphone,East,Wholesale,Karthik,CUST1215,5.0,53225.86,15.0,226209.9,202592.38,Completed, upi,5.0
ORD03821,2025-11-28 07:47:02.205551392, monitor,West,Online,Priya,CUST1098,1.0,14730.13,20.0, 11784.1 ,8639.78,Cancelled,UPI,4.0
ORD02768,2025-05-20 02:29:26.241560392,Keyboard,North,Retail,Divya,CUST1105,5.0,13182.11,5.0,62615.02,42332.65, completed,Net Banking,10.0
ORD03797,2025-11-23 22:38:15.573893480,Laptop,South,Retail,Meena,CUST1046,3.0,12971.62,15.0,33077.63,"₹28,899.61",Completed,Card,11.0
ORD02344,2025-03-03 16:54:22.415603904,Mouse,South,Wholesale,Arun,CUST1111,2.0,10441.58,15.0,17750.69,11585.5,Completed,Cash,5.0
ORD03774,2025-11-19 17:52:20.885221312,Smartphone,East,Online,Priya,CUST1035,2.0,16509.47,15.0,28066.1,20015.24,Cancelled,Card,12.0
ORD01017,2024-07-04 11:11:34.073518380,Printer,East,Wholesale,Anita,CUST1218,2.0,,20.0,"₹86,857.38",77563.76,Cancelled,Card,7.0
ORD01276,2024-08-20 17:53:47.306826708,Mouse,North,retail ,Meena,CUST1254,2.0,52006.65,15.0,88411.3,59920.72,Pending,Net Banking,5.0
ORD03799 ,2025-11-24 07:23:59.459864968,Headset,West,Online,Divya,CUST1002,6.0,19698.5,15.0,100462.35,65596.39,Pending,Cash,7.0
ORD03534,2025-10-06 22:24:34.568642160,Printer,East,Retail,Priya,CUST1219,5.0,45779.1,15.0,194561.17,150666.52,Returned,Card,2.0
ORD00456,2024-03-24 01:23:54.058514629,Headset,West,Online,Arun,CUST1146,6.0,1858.51,15.0,9478.4,6796.16,Completed,CARD,5.0
ORD03343,2025-09-02 01:37:13.458364592,Laptop,West,Wholesale,Karthik,CUST1085,3.0,23537.52,0.0,70612.56,46182.81,Returned,Net Banking,12.0
ORD00816,2024-05-28 18:35:33.533383346,Tablet,West,Wholesale,Suresh,CUST1154,4.0,16383.28,0.0,65533.12,48290.89,Pending,UPI,9.0
ORD02318,2025-02-26 22:59:51.897974496,Keyboard,East,Online,Priya,CUST1042,1.0,2173.57,0.0,2173.57,1930.34,Returned,Net Banking,7.0
ORD00996,2024-06-30 15:11:23.270817706,Tablet,West, wholesale,Meena,CUST1045,4.0,1972.05,5.0,7493.79,5168.67,Completed,UPI, 4.0 
ORD01982,2024-12-27 14:56:59.054763692,Printer,South,Online,Divya,CUST1073,6.0,2075.79,0.0,,9911.65,Completed,Cash,1.0
ORD00202,2024-02-06 16:36:00.540135034,Laptop,West,RETAIL,Karthik,CUST1199,3.0,1803.4,15.0,4598.67,3939.29,Pending,Cash,4.0
ORD00162,2024-01-30 09:21:22.820705176,Printer,West,Retail,Meena,CUST1175,3.0,58171.91,15.0,148338.37,106801.17,Pending,Cash,12.0
ORD01580,2024-10-15 05:44:57.974493624,Smartphone,North,Retail,Arun,CUST1078,2.0,2792.27,N/A,4467.63,3230.52,pendng,UPI,4.0
ORD02778,2025-05-21 22:18:05.671417856,Headset,West,Wholesale,Karthik,CUST1206,7.0,1008.53,5.0,6706.72,5550.4,Completed,Card,2.0
ORD02450,2025-03-23 01:18:08.372093024,Monitor,West,Wholesale,Meena,CUST1041,4.0,1534.16,15.0,5216.14,4578.24,Cancelled,Card,12.0
ORD00703,2024-05-08 03:31:43.975994,Headset,WEST,Wholesale,Anita,CUST1077,3.0,2647.42,5.0,7545.15,5799.64,Cancelled,UPI,10.0
ORD01501,2024-09-30 00:00:00,Laptop,east,Wholesale,Priya,CUST1149,8.0,955.96,0.0,7647.68,6494.18,Cancelled,Card,1.0
ORD03894,2025-12-11 15:36:14.043510880,Monitor,West,Wholesale,Suresh,CUST1091,6.0,26406.7,0.0,158440.2,139594.47,Returned,Cash,10.0
ORD03844,2025-12-02 12:32:56.894223560,Tablet,East,Wholesale,Anita,CUST1287,7.0,1960.2, 5.0 ,13035.33,9488.75,Completed,Net Banking,4.0
ORD01130,2024-07-25 02:15:23.630907728,Mouse,North,,Anita,CUST1047,7.0,26154.82,0.0,183083.74,138896.29,Cancelled,UPI,12.0
ORD02614,2025-04-21 23:48:07.021755440,Mouse,West,Online,Anita,CUST1253,1.0,2574.98,5.0,2446.23,2130.88,Completed,Net Banking,12.0
ORD03462,2025-09-23 18:58:14.673668424,Smartphone,West,Online,Meena,CUST1153,,10748.39,5.0,10210.97,8081.7,Completed,Net Banking,10.0
ORD01022,2024-07-05 09:05:53.788447112,Tablet,North,Wholesale,Karthik,CUST1076,5.0,1815.16,15.0,7714.43,5235.72,Completed,Credit Card,
ORD03074,2025-07-14 23:06:20.795198800,Mouse,South,Online,Suresh,CUST1137,1.0,28123.59,15.0,23905.05,18450.96,Completed,Net Banking,1.0
ORD03460,2025-09-23 10:12:30.787696928,Monitor,West,Retail,Karthik,CUST1176,1.0,2603.81,20.0,2083.05,1568.51,Completed,Card,9.0
ORD01586,2024-10-16 08:02:09.632408104,Keyboard,west,Online,Arun,CUST1100,3.0,950.28,5.0,2708.3,"₹1,936.59",Cancelled,Cash,12.0
ORD01956,2024-12-22 21:02:28.537134284,Monitor,East,Retail,Suresh,CUST1024,7.0,10009.64,,63060.73,45277.58,Cancelled,Card,3.0
ORD03153,2025-07-29 09:12:44.291072768,Laptop,North,Wholesale,Suresh,CUST1034,3.0,26814.22,15.0,68376.26,52019.42,Completed,Net Banking,9.0
ORD02254,2025-02-15 06:36:27.546886724,Tablet,West,Wholesale,Suresh,CUST1101,8.0,976.01,0.0,7808.08,5122.0,Pending,Cash,5.0
ORD00035,2024-01-07 04:57:26.061515378,Keyboard,North,ONLINE,Arun,CUST1099,8.0,12702.57,10.0,91458.5,82012.82,Returned,Cash,5.0
ORD00776,2024-05-21 11:20:55.813953490,Monitor,North,Online,Divya,CUST1166,7.0,13950.06,0.0,97650.42,78159.68,Pending,UPI,7.0
ORD02557,2025-04-11 14:04:46.271567896,Printer,East,Online,Suresh,CUST1226,2.0,932.66,10.0,1678.79,1385.37,Returned,Card,12.0
ORD03500,2025-09-30 17:27:08.507126784,Mouse,West,Wholesale,Priya,CUST1030,4.0,2361.06,0.0,-9444.24,7606.17, pending,Cash,4.0
ORD01479,2024-09-26 19:15:31.732933236,Printer,North,Online,Rahul,CUST1129,6.0,23813.53,20.0,114304.94,98922.09,Completed,Net Banking,1.0
ORD03004,2025-07-02 04:25:44.786196552,Headset,West,Online,Priya,CUST1200,3.0,12079.34,20.0,28990.42,19372.11,Returned,Card,12.0
ORD01391,2024-09-10 17:43:20.750187548,Tablet,East,Wholesale,Meena,CUST1116,6.0,754.19,20.0,3620.11,3116.6,Completed,Net Banking,8.0
ORD02140,2025-01-25 11:09:46.046511628,Laptop,South,Retail,Meena,CUST1047,6.0,24238.39,5.0,138158.82,103333.9,Returned,Net Banking,2.0
ORD01364,2024-09-05 19:25:58.289572396,Printer,West,Online,Rahul,CUST1106,8.0,2109.13,5.0,16029.39,11333.72,Returned,Net Banking,9.0
ORD02946,2025-06-21 14:19:32.093023256,Tablet,East,Retail,Suresh,CUST1246,6.0,12944.78,5.0,73785.25,58774.3,Cancelled,UPI,3.0
ORD02613,2025-04-21 19:25:15.078769696,Smartphone,North,Wholesale,Meena,CUST1097,5.0,26991.83,0.0,134959.15,89659.84,COMPLETED,Cash,6.0
ORD03418,2025-09-15 18:12:09.182295576,Mouse,South,Retail,Priya,CUST1137,1.0,2863.7,15.0,2434.14,1677.44,Returned,UPI,6.0
ORD02825,2025-05-30 12:12:46.991747936,Smartphone,East,Wholesale,Arun,CUST1268,1.0,12542.81,0.0,12542.81,9973.9,Returned,UPI,12.0
ORD02042,2025-01-07 13:48:55.633908480,Smartphone,East,Wholesale,Karthik,CUST1006,4.0,22992.61, 10.0 ,82773.4,69262.26,Completed,Net Banking,7.0
ORD00242,2024-02-13 23:50:38.259564891,Headset,South,Retail,Arun,CUST1249,3.0,21639.97,10.0,58427.92,47144.88,Pending,Card,7.0
ORD02062,2025-01-11 05:26:14.493623408,Tablet,West,Online,Suresh,CUST1284,7.0,1928.2,15.0,11472.79,10039.45,Completed,Cash,11.0
ORD02364,2025-03-07 08:31:41.275318832,Laptop,East,Online,Karthik,CUST1145,5.0,2068.92,0.0,10344.6,8906.39,Pending,Net Banking,11.0
ORD00601,2024-04-19 12:39:25.791447862,Laptop,West,Retail,Rahul,CUST1186,2.0,30603.29,5.0,58146.25,38152.47,Pending,Net Banking,10.0
ORD02436,2025-03-20 11:58:01.170292576,Smartphone,West,Online,Suresh,CUST1005,2.0, 14363.47 ,15.0,24417.9,16679.07,Pending,UPI,11.0
ORD01298,2024-08-24 18:16:50.052513128,Headset,East,Online,Rahul,CUST1234,3.0,10457.22,110%,25097.33,21178.04,Cancelled,Card,12.0
ORD02215,2025-02-08 03:44:41.770442612,Keyboard,East,Retail,Anita,CUST1131,8.0,48644.83,5.0,369700.71,314015.84,Returned,Card,12.0
ORD02889,2025-06-11 04:36:11.342835712,Tablet,West,Online,Rahul,CUST1066,7.0,12547.57,0.0,"87,832.99",60299.47,Completed,UPI,3.0
ORD02069,2025-01-12 12:06:18.094523632,Tablet,West,Retail,Arun,cust1162,4.0,,10.0,46757.95,34174.57,Cancelled,UPI,11.0
ORD00647,2024-04-27 22:11:15.168792198,Printer,West,Wholesale,Anita,CUST1061,2.0,22534.92,,45069.84,37063.91,Pending,Card,4.0
ORD03891,2025-12-11 02:27:38.214553640,Headset,East,Retail,Anita,CUST1022,2.0,54118.93,20.0,86590.29,56950.97,Pending,Net Banking,8.0
ORD03557,2025-10-11 03:10:29.257314328,Printer,East,Online,Rahul,CUST1285,1.0,14503.42,20.0,11602.74,8096.62,Returned,Card,3.0
ORD03203,2025-08-07 12:16:01.440360096,Printer,North,Wholesale,Divya,CUST1095,3.0,12622.72,15.0,32187.94,28072.71,Pending,UPI,9.0
ORD01529,2024-10-05 22:18:48.882220556,Laptop,West,Retail,Meena,CUST1208,8.0,29044.66,15.0,197503.69,132178.33,Pending,UPI,6.0
ORD02880,2025-06-09 00:00:00,Mouse,North,Wholesale,Divya,CUST1074,6.0,14663.93,5.0,83584.4,60815.4,Completed,Net Banking,11.0
ORD01268,2024-08-19 06:50:51.762940736,Keyboard,South,Retail,Divya,CUST1086,4.0,1954.14,20.0,6253.25,5368.64,Completed,Card,12.0
ORD03639,2025-10-26 02:25:28.582145536,Keyboard,West,Online,Suresh,CUST1243,3.0,51068.83,10.0,137885.84,92885.29,Cancelled,Net Banking,12.0
ORD01900,2024-12-12 15:41:59.729932484,Monitor,West,Wholesale,Karthik,CUST1183,7.0,793.9,15.0,4723.7,3741.14,canceled,,2.0
ORD00563,2024-04-12 14:10:31.957989498,Monitor,East,Online ,Priya,CUST1167,6.0,2639.72,15.0,13462.57,10604.66,Pending,UPI,4.0
ORD03951,2025-12-22 01:19:34.793698432,Mouse,East,Online,Rahul,CUST1172,-5,924.95,10.0,2497.37,1761.36,Returned,Net Banking,8.0
ORD02735,2025-05-14 01:54:52.123030760,Smartphone,WEST,Online,Divya,CUST1237,6.0,1011.74,20.0,4856.35,3593.31,Pending,UPI,12.0
ORD03006,2025-07-02 13:11:28.672168048,Mouse,West,Online,Anita,CUST1252,2.0,61013.13,15.0,103722.32,88626.11,canceled,UPI,3.0
ORD00190,2024-02-04 12:01:37.224306076,,South,Wholesale,Priya,CUST1032,8.0,31169.84,20.0,199486.98,143723.13,Pending,Card,3.0
ORD01807,2024-11-25 16:15:29.032258068,Smartphone,North,Online,Arun,CUST1118,,859.35,20.0,4812.36,4087.78,Completed,Card,4.0
 ORD00976,2024-06-26 23:34:04.411102776,Keyboard,North,Wholesale,Suresh,CUST1166,5.0,1533.41,20.0,6133.64,4325.15,Pending ,Card,5.0
ORD02748,2025-05-16 10:52:07.381845464,Monitor,North,Retail,Karthik,CUST1274,2.0,14861.95,20.0,23779.12,17440.66,Pending,Net Banking,8.0
ORD03548,2025-10-09 11:44:41.770442616,Laptop,West,Online,Divya,CUST1013,2.0,2371.05,0.0,4742.1,3784.77,Pending,Card,11.0
ORD02048,2025-01-08 16:06:07.291822956,Printer,East,Online,Divya,CUST1006,7.0,2348.77,5.0,15619.32,11969.62,COMPLETED,Cash,4.0
ORD03754,2025-11-16 02:15:02.025506376,Tablet,West,Online,Anita,CUST1004,6.0,53316.96,15.0,271916.5,198970.96,Pending,Cash,8.0
ORD02559,2025-04-11 22:50:30.157539384,Headset,North,Online,Rahul,CUST1075,2.0,54121.86,10.0,-97419.35,75062.03,Pending,Cash,9.0
ORD01083,2024-07-16 00:00:00,Headset,West,Online,Anita,CUST1280,8.0,54431.49,20.0, 348361.54 ,311705.63,Completed,UPI,6.0
ORD00475,2024-03-27 12:38:20.975243811,Mouse,West,Wholesale,Karthik,CUST1106,7.0,24961.21,10.0,157255.62,125702.79,Pending,Card,3.0
 ORD03633,2025-10-25 00:08:16.924231064,Monitor,East,Online,Karthik,CUST1167,6.0,2775.3,5.0,15819.21,10595.9,Pending,Card,10.0
ORD02905,2025-06-14 02:42:02.430607656,Smartphone,West,Online,Meena,CUST1160,2.0,₹942.02,5.0,1789.84,1349.61,Pending,CARD,7.0
ORD00748,2024-05-16 08:40:41.410352588,Keyboard,West,Retail,Karthik,CUST1192,7.0,15558.62,5.0,103464.82,84536.26,Cancelled,UPI,3.0
ORD02301,2025-02-23 20:31:08.867216808,Laptop,North,Retail,Meena,CUST1011,5.0, 24962.21 ,20.0,"99,848.84",84456.82,CANCELLED,Card,8.0
ORD00022,2024-01-04 20:00:10.802700675,Printer, south,Online,Suresh,CUST1002,8.0,2080.95,,15815.22,13875.17,Returned,Cash,8.0
ORD03386,2025-09-09 22:00:27.006751688,Keyboard,East,Online,Rahul,CUST1212,1.0,774.56,20.0,619.65,537.55,Returned,Net Banking,1.0
ORD00460,2024-03-24 18:55:21.830457615,Mouse,East,retail ,Suresh,CUST1062,2.0,13138.78,0.0,26277.56,18000.87,Pending,UPI,11.0
ORD01185,2024-08-04 03:13:00.495123784,Monitor,South,Wholesale,Priya,CUST1207,3.0,14153.1,5.0,40336.33,33571.66,Cancelled,UPI,4.0
ORD02325,2025-02-28 05:39:55.498874720,Monitor,North,Retail,Suresh,CUST1177,4.0,24954.5,0.0,99818.0,69095.48,Returned,Net Banking,10.0
ORD00956,2024-06-23 07:56:45.551387848,Smartphone,North,Retail,Priya,CUST1057,3.0,11160.21,10.0,30132.57,26190.11,Pending,Upi,8.0
ORD01216,2024-08-09 19:01:50.727681920,key board,West,Retail,Divya,CUST1121,5.0,12444.71,10.0,56001.19,47974.92,Cancelled, cash,-3
ORD02434,2025-03-20 03:12:17.284321080,Smartphone,North,Online,Rahul,CUST1193,1.0,26548.05,10.0,23893.24,-16417.68,Completed,UPI,9.0
ORD02854,2025-06-04 19:15:53.338334584,Headset,East,Retail,Meena,CUST1033,5.0,25134.86,10.0,113106.87,76445.4, completed,Card,11.0
ORD03486,2025-09-28 04:07:01.305326336,Tablet,East,Wholesale,Rahul,CUST1278,7.0,19615.52,,123577.78,98914.33,Completed,Cash,3.0
ORD01516,2024-10-03 13:21:33.623405852,Headset,West,Retail,Rahul,Cust1201,5.0,1604.95,0.0,8024.75,6055.34,Pending,UPI,12.0
ORD02392,2025-03-12 11:11:55.678919736,Tablet,WEST,Wholesale,Anita,CUST1179,5.0,22439.95,10.0,100979.78,72992.25,Returned,UPI,11.0
ORD00770,2024-05-20 09:03:44.156039010,Monitor,West,Online,Anita,CUST1143,2.0,2213.29,0.0,4426.58,3458.45,Pending,Card,1.0
ORD03381,2025-09-09 00:06:07.291822960,Monitor,North,Retail,Anita,CUST1014,5.0,828.87,5.0,3937.13,2716.37,Completed,UPI,7.0
ORD01686,2024-11-03 14:08:43.930982748,Tablet,West,Online,Priya,CUST1162,6.0,25164.65,0.0,150987.9,120613.03,Pending,Net Banking,2.0
ORD00131,2024-01-24 17:32:32.588147037,Mouse,West,Online,Meena,CUST1071,3.0,1874.52,5.0,5342.38,4794.86,Pending,Upi,5.0
ORD03736,2025-11-12 19:23:27.051762944,Monitor,North,Retail,Arun,CUST1095,3.0,31204.47,15.0,79571.4,52484.58,Pending,Net Banking,9.0
ORD02920,2025-06-16 20:25:01.575393848,Headset,West,Online,Arun,CUST1216,5.0,1867.59,5.0,8871.05,7163.41,Pending,Net Banking,10.0
ORD03172,2025-08-01 20:27:11.207801952,Smartphone,South,Wholesale,Divya,CUST1254,4.0,948.91,20.0,3036.51,2599.65,Cancelled,UPI,10.0
ORD03445,2025-09-20 16:29:31.642910728,Headset,South,Wholesale,Karthik,CUST1035,2.0,13106.76,5.0,24902.84,19361.87,Completed,Card,7.0
ORD02136,2025-01-24 17:38:18.274568644,Keyboard,East,Retail,Suresh,CUST1081,4.0,948.2,10.0,3413.52,3033.4,Pending,Cash,3.0
ORD01483,2024-09-27 12:46:59.504876220,Laptop,East,Online,Rahul,CUST1030,3.0,1015.52,15.0,2589.58,2137.16,Cancelled,Card,4.0
ORD00331,2024-03-01 05:45:41.185296324,Tablet,West,Online,Karthik,CUST1223,4.0,1706.75,5.0,6485.65,5815.22,Returned,Net Banking, 7.0 
ORD01239,2024-08-13 23:47:45.416354088,Monitor,East,Retail,Arun,CUST1080,3.0,780.33,15.0,1989.84,1686.64,Pending,Card,10.0
ORD00467,2024-03-26 01:35:25.431357840,Smartphone,South,Online,Karthik,CUST1148,3.0, 1056.95 ,0.0,3170.85,2477.77,Completed,Cash,12.0
ORD02170,2025-01-30 00:00:00,Mouse,West,Wholesale,Anita,CUST1138,7.0,1724.32,0.0,12070.24,8498.45,Returned,Card,11.0
ORD01639,2024-10-26 00:14:02.610652664,Keyboard,East,Retail,Divya,CUST1251,3.0,2022.48,0.0,6067.44,4679.66,Returned,Cash,9.0
ORD03093,2025-07-18 10:20:47.711927984,Headset, east,Retail,Anita,CUST1232,3.0,18214.1,15.0,46445.95,39510.38,Returned,Net Banking,5.0
ORD03773,2025-11-19 13:29:28.942235560,Printer,South,Retail,Anita,CUST1268,6.0,2200.15,5.0,12540.86,8297.93,Completed,Net Banking,12.0
ORD01096,2024-07-18 21:17:57.569392350,Keyboard ,North,Retail,Karthik,CUST1012,3.0,25583.69,10.0,69075.96,60565.72,Returned,Net Banking,10.0
ORD01131,2024-07-25 06:38:15.573893474,Headset,East,Wholesale,Meena,CUST1090,4.0,13183.16,5.0,50096.01,40100.9,Returned,Card,6.0
ORD01295,2024-08-24 00:00:00,Mouse,West,Retail,Meena,CUST1097,3.0,2267.74,10.0,6122.9,5072.75,Completed,Cash,12.0
ORD00861,2024-06-05 23:44:30.967741936,Printer,South,Online,Karthik,CUST1062,4.0,1568.18,20.0,5018.18,3414.1,Completed,Card,4.0
ORD03508,2025-10-02 04:30:04.051012760,Keyboard,South,Online,Divya,CUST1290,5.0,55084.42,5.0,261650.99,226697.36,Returned,upi,12.0
ORD03175,2025-08-02 09:35:47.036759192,Printer,East,Online,Rahul,CUST1137,6.0,931.19,0.0,,4622.99,Completed,UPI,12.0
